int 0,empty 1,string2 2,string2 3,int 4,int 5,int 6,int 7,int 8,int 9,int 10,int 11,int 12,int 13,int 14,int 15,int 16,int 17,empty 18,bool 19,bool 20,bool 21,bool 22,bool 23,bool 24,bool 25,bool 26,bool 27,bool 28,bool 29,bool 30,bool 31,bool 32,bool 33,bool 34,bool 35,bool 36,bool 37,bool 38,bool 39,bool 40,bool 41,bool 42,bool 43,bool 44,bool 45,bool 46,bool 47,bool 48,bool 49,bool 50,int 51,bool 52,bool 53,bool 54,bool 55,bool 56,bool 57,bool 58,bool 59,bool 60,int 61,int 62,int 63,int 64,int 65,int 66,int 67,int 68,int 69,int 70,int 71,int 72,empty 73,int 74,int 75,empty 76,int 77,int 78,empty 79,int 80,int 81,empty 82,int 83,int 84,empty 85,int 86,int 87,empty 88,int 89,int 90,empty 91,int 92,int 93,empty 94,int 95,int 96,empty 97,int 98,int 99,empty 100,int 101,int 102,empty 103,int 104,int 105,empty 106,int 107,int 108,empty 109,int 110,int 111,empty 112,int 113,int 114,empty 115,int 116,int 117,empty 118,int 119,int 120,int 121,int 122,float 123,bool 124,bool 125,int 126,empty 127,int 128,int 129,int 130,int 131,int 132,int 133,int 134,int 135
1,"","char_EX-TYRANOMON","chr001",5,0,0,0,1,0,0,3,3,0,0,1,0,0,"",0,0,0,0,0,1,0,0,0,0,0,0,0,0,0,0,0,0,0,0,0,0,0,0,0,0,0,0,0,0,0,0,0,0,0,0,0,0,0,0,1,0,3,1,99,1331,761,696,665,682,592,415,16,26071,"",1,0,"",2,0,"",3,0,"",3,0,"",3,0,"",3,0,"",3,0,"",3,0,"",3,0,"",3,0,"",3,0,"",3,25671,"",2,27671,"",20,23701,"",30,21952,"",40,2,2,6,0,1,0,20011,"",235,103,149,202,1,-1,0,-1
2,"","char_LUNAMON","chr002",3,0,1,0,1,0,3,0,0,1,3,0,0,3,"",0,0,0,0,0,1,0,0,1,0,0,0,0,0,0,0,0,0,0,0,0,0,0,0,0,0,0,0,0,0,0,0,0,0,0,0,0,0,0,0,0,0,15,1,99,437,303,143,124,219,330,238,4,23091,"",1,0,"",2,0,"",3,0,"",3,0,"",3,0,"",3,0,"",3,0,"",3,0,"",3,0,"",3,0,"",3,0,"",3,23721,"",2,27271,"",10,0,"",0,0,"",1,1,3,2,0,1,0,20021,"",223,196,211,57,2,-1,0,-1
3,"","char_LEKISMON","chr003",4,0,1,0,1,3,3,0,0,1,0,0,0,0,"",0,0,0,0,0,1,0,1,1,0,0,0,0,0,0,0,0,0,0,0,0,0,0,0,0,0,0,0,0,0,0,0,0,0,0,0,0,0,0,0,0,0,15,1,99,730,661,206,147,239,179,407,10,24571,"",1,0,"",2,0,"",3,0,"",3,0,"",3,0,"",3,0,"",3,0,"",3,0,"",3,0,"",3,0,"",3,0,"",3,23041,"",2,27384,"",15,20371,"",25,0,"",1,2,3,4,0,1,0,20031,"",225,203,209,137,3,-1,0,-1
4,"","char_CRESCEMON","chr004",5,0,1,0,1,0,3,0,0,1,1,0,0,3,"",0,0,0,0,0,1,0,1,0,0,0,0,0,0,0,0,0,0,0,1,0,0,0,0,0,0,0,0,0,0,0,0,0,0,0,0,0,0,0,0,0,0,15,1,99,789,614,486,415,1331,588,659,4,20942,"",1,0,"",2,0,"",3,0,"",3,0,"",3,0,"",3,0,"",3,0,"",3,0,"",3,0,"",3,0,"",3,0,"",3,20481,"",2,21181,"",20,24212,"",30,30063,"",40,2,3,4,0,1,0,20041,"",222,196,196,237,4,-1,0,-1
5,"","char_GOLEMON","chr005",4,0,2,1,3,0,0,0,1,0,4,0,0,0,"",0,0,0,0,0,1,0,0,0,0,0,0,0,0,0,1,0,0,0,0,0,0,0,0,0,0,0,0,0,0,0,0,0,0,0,0,0,0,0,0,0,0,11,1,99,935,275,217,302,125,250,89,13,21371,"",1,0,"",2,0,"",3,0,"",3,0,"",3,0,"",3,0,"",3,0,"",3,0,"",3,0,"",3,0,"",3,0,"",3,27422,"",2,20961,"",15,20411,"",25,0,"",1,2,2,8,0,1,0,20051,"",177,165,93,151,5,-1,0,-1
6,"","char_SKULLSATAMON","chr006",5,0,2,0,1,0,0,0,0,0,0,3,1,3,"",0,0,0,0,0,1,0,0,0,0,0,0,0,0,0,0,0,0,0,0,0,0,0,0,0,0,0,0,0,0,0,0,0,0,0,0,0,0,1,0,0,0,15,1,99,1152,479,1020,594,1081,768,721,4,21791,"",1,0,"",2,0,"",3,0,"",3,0,"",3,0,"",3,0,"",3,0,"",3,0,"",3,0,"",3,0,"",3,0,"",3,27371,"",2,24521,"",20,20372,"",30,20921,"",40,2,2,3,0,1,0,20061,"",26,26,26,279,6,-1,0,-1
9,"","char_HAGURUMON","chr009",3,0,2,0,3,1,0,0,0,1,0,3,0,0,"",0,0,0,0,0,1,0,0,0,0,0,0,0,0,0,0,0,0,0,0,0,1,0,0,0,0,0,0,0,0,0,0,0,0,0,0,0,0,0,0,0,0,10,1,99,433,363,110,272,209,233,143,13,24281,"",1,0,"",2,0,"",3,0,"",3,0,"",3,0,"",3,0,"",3,0,"",3,0,"",3,0,"",3,0,"",3,0,"",3,24581,"",2,21381,"",10,0,"",0,0,"",1,1,1,7,0,1,0,20091,"",182,149,76,71,9,-1,0,-1
10,"","char_MERAMON","chr010",4,0,1,0,4,2,1,0,3,0,0,0,0,0,"",0,0,0,0,0,1,0,1,0,0,0,0,0,1,0,0,0,0,0,0,0,0,0,0,0,0,0,0,0,0,0,0,0,0,0,0,0,0,0,0,0,0,2,1,99,695,339,360,217,309,252,211,1,24221,"",1,0,"",2,0,"",3,0,"",3,0,"",3,0,"",3,0,"",3,0,"",3,0,"",3,0,"",3,0,"",3,0,"",3,25151,"",2,20982,"",15,27423,"",25,0,"",1,2,2,3,0,1,0,20101,"",245,169,30,135,10,-1,0,-1
11,"","char_AIRDRAMON","chr011",4,0,0,0,0,0,1,0,3,0,3,1,0,0,"",0,0,0,0,0,1,0,0,1,0,0,0,0,0,0,0,0,0,0,0,0,0,0,0,0,0,0,0,0,0,0,0,0,1,0,0,0,0,0,0,0,0,4,1,99,491,284,348,200,295,172,304,7,26261,"",1,0,"",2,0,"",3,0,"",3,0,"",3,0,"",3,0,"",3,0,"",3,0,"",3,0,"",3,0,"",3,0,"",3,24311,"",2,26261,"",15,23941,"",25,0,"",1,2,2,8,0,1,0,20111,"",74,131,137,83,11,-1,0,-1
12,"","char_GARURUMON","chr012",4,0,0,0,3,0,3,0,1,1,0,0,0,0,"",0,0,0,0,0,1,0,0,1,0,0,0,0,0,0,0,0,0,0,0,0,0,0,0,0,0,0,0,0,0,0,0,0,0,0,0,0,0,0,0,0,0,11,1,99,642,399,187,264,336,317,299,10,22201,"",1,0,"",2,0,"",3,0,"",3,0,"",3,0,"",3,0,"",3,0,"",3,0,"",3,0,"",3,0,"",3,0,"",3,20161,"",2,24061,"",15,30051,"",25,0,"",1,2,2,3,0,1,0,20121,"",83,102,161,87,12,-1,0,-1
13,"","char_BAKEMON","chr013",4,0,2,3,1,0,0,0,0,0,0,0,1,3,"",0,0,0,0,0,1,0,0,0,0,1,0,0,0,0,0,0,0,0,0,0,0,0,0,0,0,0,0,0,0,0,0,0,0,0,0,0,0,0,0,0,0,14,1,99,492,555,93,214,565,411,345,10,23951,"",1,0,"",2,0,"",3,0,"",3,0,"",3,0,"",3,0,"",3,0,"",3,0,"",3,0,"",3,0,"",3,0,"",3,30081,"",2,21971,"",15,24561,"",25,0,"",1,2,1,1,0,1,0,20131,"",238,237,232,161,13,-1,0,-1
14,"","char_STARMON","chr014",4,0,1,0,0,0,0,1,0,3,1,3,0,0,"",0,0,0,0,0,1,0,0,0,0,0,0,0,0,0,0,0,0,0,0,0,0,0,0,0,0,0,0,0,0,0,0,0,0,0,0,0,0,0,0,0,1,10,1,99,772,308,330,277,316,320,255,13,24571,"",1,0,"",2,0,"",3,0,"",3,0,"",3,0,"",3,0,"",3,0,"",3,0,"",3,0,"",3,0,"",3,0,"",3,30111,"",2,24661,"",15,23021,"",25,0,"",1,2,1,1,0,1,0,20141,"",168,185,199,124,14,-1,0,-1
15,"","char_AQUILAMON","chr015",4,0,3,3,1,0,1,3,3,1,3,1,0,0,"",0,0,0,0,0,0,1,0,0,0,0,0,0,0,0,0,0,0,0,0,0,0,0,0,0,0,1,0,0,0,0,0,0,0,0,0,0,0,0,0,0,0,10,1,99,398,346,365,178,175,247,336,7,21062,"",1,0,"",2,0,"",3,0,"",3,0,"",3,0,"",3,0,"",3,0,"",3,0,"",3,0,"",3,0,"",3,0,"",3,27732,"",2,21932,"",15,21111,"",25,0,"",1,2,2,3,0,1,0,20151,"",167,77,68,173,15,-1,0,-1
16,"","char_STRIKEDRAMON","chr016",4,0,0,0,3,1,0,3,0,0,0,0,0,1,"",0,0,0,0,0,1,0,1,0,0,0,0,0,0,0,0,0,0,0,0,0,0,0,0,1,0,0,0,0,0,0,0,0,0,0,0,0,0,0,0,0,0,4,1,99,811,309,469,185,208,324,267,1,24101,"",1,0,"",2,0,"",3,0,"",3,0,"",3,0,"",3,0,"",3,0,"",3,0,"",3,0,"",3,0,"",3,0,"",3,27531,"",2,26691,"",15,25691,"",25,0,"",1,2,2,3,0,1,0,20161,"",113,108,144,93,16,-1,0,-1
17,"","char_MINOTAURMON","chr017",4,0,2,0,1,0,0,0,0,1,3,0,0,3,"",0,0,0,0,0,1,0,1,1,0,0,0,0,0,0,0,0,0,0,0,0,0,0,0,0,0,0,0,0,0,0,0,0,0,0,0,0,0,0,0,0,0,12,1,99,769,296,433,397,147,174,172,1,30041,"",1,0,"",2,0,"",3,0,"",3,0,"",3,0,"",3,0,"",3,0,"",3,0,"",3,0,"",3,0,"",3,0,"",3,25921,"",2,20851,"",15,24252,"",25,0,"",1,2,2,8,0,1,0,20171,"",142,83,43,168,17,-1,0,-1
19,"","char_DORUGORAMON","chr019",6,0,1,1,3,0,1,0,0,0,0,3,0,3,"",0,0,0,0,0,1,0,0,1,0,0,0,0,0,0,0,0,0,0,0,0,0,0,0,1,0,0,0,0,0,0,0,0,0,0,0,0,0,0,0,0,0,4,1,99,1829,590,1585,927,315,584,661,1,23491,"",1,20961,"",2,0,"",3,0,"",3,0,"",3,0,"",3,0,"",3,0,"",3,0,"",3,0,"",3,0,"",3,0,"",3,24211,"",2,20011,"",25,26751,"",35,30012,"",45,3,2,3,0,1,0,20191,"",223,223,225,358,19,-1,0,-1
20,"","char_TYUMON","chr020",3,0,2,0,1,0,0,3,0,0,3,0,1,0,"",0,0,0,0,0,1,0,0,1,0,0,0,0,0,0,0,0,0,0,0,0,0,0,0,0,0,0,0,0,0,0,0,0,0,0,0,0,0,0,0,0,0,10,1,99,407,435,158,140,222,171,231,10,31031,"",1,0,"",2,0,"",3,0,"",3,0,"",3,0,"",3,0,"",3,0,"",3,0,"",3,0,"",3,0,"",3,0,"",3,21762,"",2,29071,"",10,0,"",0,0,"",1,1,1,1,0,1,0,20201,"",230,129,169,69,20,-1,0,-1
21,"","char_WHAMON","chr021",5,0,0,0,0,4,3,0,0,1,0,1,0,0,"",0,0,0,0,0,0,1,0,1,0,0,1,0,0,0,0,0,0,0,0,0,0,0,0,0,0,0,0,0,0,0,0,0,0,0,0,0,0,0,0,0,0,14,1,99,1990,524,678,473,1004,655,629,4,21941,"",1,0,"",2,0,"",3,0,"",3,0,"",3,0,"",3,0,"",3,0,"",3,0,"",3,0,"",3,0,"",3,0,"",3,27751,"",2,30311,"",20,21711,"",30,27331,"",40,2,2,8,0,1,0,20211,"",66,93,127,220,21,-1,0,-1
23,"","char_DINOBEEMON","chr023",5,0,3,1,3,1,1,3,0,3,1,0,0,3,"",0,0,0,0,0,1,0,0,0,0,0,0,0,0,0,0,1,0,0,0,0,0,0,0,1,0,0,0,0,0,0,0,0,0,0,0,0,0,0,0,0,1,7,1,99,1062,433,1229,818,582,401,601,1,24172,"",1,0,"",2,0,"",3,0,"",3,0,"",3,0,"",3,0,"",3,0,"",3,0,"",3,0,"",3,0,"",3,0,"",3,23851,"",2,21842,"",20,23091,"",30,21181,"",40,2,2,8,0,1,0,20231,"",42,101,53,302,23,-1,0,-1
24,"","char_MARINEANGEMON","chr024",6,0,0,0,0,3,0,1,0,0,0,0,3,1,"",0,0,0,0,1,0,0,0,0,0,0,0,0,0,0,0,0,0,0,0,0,0,0,0,0,0,0,0,0,0,0,0,1,0,0,0,0,0,0,0,0,0,7,1,99,1469,1593,187,311,1787,1272,994,4,31012,"",1,0,"",2,0,"",3,0,"",3,0,"",3,0,"",3,0,"",3,0,"",3,0,"",3,0,"",3,0,"",3,0,"",3,32221,"",2,26101,"",25,23411,"",35,20721,"",45,3,3,2,0,1,0,20241,"",252,221,226,338,24,-1,0,-1
25,"","char_RAPTORDRAMON","chr025",4,0,0,1,0,0,0,0,3,1,0,3,0,0,"",0,0,0,0,0,1,0,0,0,0,0,0,0,0,0,0,0,0,0,0,0,1,0,0,0,0,0,0,0,0,0,0,0,0,0,0,0,0,0,0,0,0,11,1,99,1015,276,579,199,132,281,196,1,30034,"",1,0,"",2,0,"",3,0,"",3,0,"",3,0,"",3,0,"",3,0,"",3,0,"",3,0,"",3,0,"",3,0,"",3,30153,"",2,30183,"",15,30041,"",25,0,"",1,2,2,3,0,1,0,20251,"",100,86,90,107,25,-1,0,-1
26,"","char_GRADEMON","chr026",5,0,0,3,1,0,0,0,1,3,0,0,0,0,"",0,0,0,0,0,1,0,0,0,0,0,0,0,0,0,0,0,0,0,0,0,0,0,0,0,0,0,0,0,0,0,0,0,0,0,1,0,0,0,0,0,0,11,1,99,1633,697,810,319,384,488,897,7,20131,"",1,0,"",2,0,"",3,0,"",3,0,"",3,0,"",3,0,"",3,0,"",3,0,"",3,0,"",3,0,"",3,0,"",3,21863,"",2,23152,"",20,32031,"",30,21031,"",40,2,2,3,0,1,0,20261,"",156,117,24,206,26,-1,0,-1
27,"","char_WARGREYMON","chr027",6,0,0,0,3,1,0,0,0,0,3,0,0,1,"",0,0,0,0,0,1,0,1,0,0,0,0,0,0,0,0,0,0,0,0,0,0,0,0,1,0,0,0,0,0,0,0,0,0,0,0,0,0,0,0,0,0,3,1,99,1426,732,989,1074,816,708,981,1,27423,"",1,24941,"",2,0,"",3,0,"",3,0,"",3,0,"",3,0,"",3,0,"",3,0,"",3,0,"",3,0,"",3,0,"",3,20841,"",2,24892,"",25,20472,"",35,21861,"",45,3,2,3,0,1,0,20271,"",241,223,75,312,27,-1,0,-1
28,"","char_BIGMAMEMON","chr028",5,0,1,1,1,0,0,0,3,0,0,3,3,0,"",0,0,0,0,0,1,0,0,0,0,0,0,0,0,0,0,0,0,0,0,0,0,0,0,0,0,0,0,0,0,0,0,0,0,0,0,0,0,0,0,0,1,16,1,99,2915,369,400,1013,640,734,532,13,23751,"",1,0,"",2,0,"",3,0,"",3,0,"",3,0,"",3,0,"",3,0,"",3,0,"",3,0,"",3,0,"",3,0,"",3,27002,"",2,24211,"",20,20271,"",30,23931,"",40,2,1,1,0,1,0,20281,"",99,96,94,252,28,-1,0,-1
30,"","char_SANGLOUPMON","chr030",4,0,2,0,1,0,3,0,0,0,0,0,1,3,"",0,0,0,0,0,1,0,0,1,0,0,0,0,0,0,0,0,0,0,1,0,0,0,0,0,0,0,0,0,0,0,0,0,0,0,0,0,0,0,0,0,0,2,1,99,671,423,330,208,219,333,388,1,26701,"",1,0,"",2,0,"",3,0,"",3,0,"",3,0,"",3,0,"",3,0,"",3,0,"",3,0,"",3,0,"",3,0,"",3,21841,"",2,30122,"",15,21481,"",25,0,"",1,2,2,3,0,1,0,20301,"",106,102,150,153,30,-1,0,-1
31,"","char_MATADRMON","chr031",5,0,2,0,0,0,0,1,0,1,3,0,0,3,"",0,0,0,0,0,1,0,0,0,0,0,0,0,0,0,0,0,0,0,0,0,0,0,0,0,0,0,0,0,0,0,0,0,0,0,0,0,0,1,0,0,0,2,1,99,1825,641,721,440,499,1026,1141,7,30183,"",1,0,"",2,0,"",3,0,"",3,0,"",3,0,"",3,0,"",3,0,"",3,0,"",3,0,"",3,0,"",3,0,"",3,21732,"",2,20411,"",20,26171,"",30,21881,"",40,2,2,3,0,1,0,20311,"",181,33,114,290,31,-1,0,-1
32,"","char_GRANDDRACUMON","chr032",6,0,2,0,0,0,3,0,1,0,0,0,1,3,"",0,0,0,0,0,1,0,0,1,0,0,0,0,0,0,0,0,0,0,1,0,0,0,0,0,0,0,0,0,0,0,0,0,0,0,0,0,0,0,0,0,0,2,1,99,1539,1110,1079,599,1174,887,856,4,26991,"",1,23462,"",2,0,"",3,0,"",3,0,"",3,0,"",3,0,"",3,0,"",3,0,"",3,0,"",3,0,"",3,0,"",3,22131,"",2,24171,"",25,22221,"",35,28441,"",45,3,2,3,0,1,0,20321,"",80,90,155,379,32,-1,0,-1
33,"","char_TRICERAMON","chr033",5,0,1,0,0,0,1,3,0,1,3,0,0,0,"",0,0,0,0,0,1,0,0,0,0,0,0,0,0,0,0,0,0,0,0,0,0,0,0,1,0,0,0,0,0,0,0,0,0,0,0,0,0,0,0,0,0,2,1,99,940,460,821,903,481,929,373,13,30071,"",1,0,"",2,0,"",3,0,"",3,0,"",3,0,"",3,0,"",3,0,"",3,0,"",3,0,"",3,0,"",3,0,"",3,20361,"",2,20761,"",20,30323,"",30,27001,"",40,2,2,8,0,1,0,20331,"",65,69,36,246,33,-1,0,-1
34,"","char_LILITHMON","chr034",6,0,2,3,0,0,0,0,0,0,0,1,2,4,"",0,0,1,0,0,1,0,0,0,0,0,0,0,0,0,0,0,0,0,1,0,0,0,0,0,0,0,0,0,0,0,0,0,0,0,0,0,0,0,0,0,0,15,1,99,1024,1070,457,398,1858,852,667,10,22252,"",1,0,"",2,0,"",3,0,"",3,0,"",3,0,"",3,0,"",3,0,"",3,0,"",3,0,"",3,0,"",3,0,"",3,30151,"",2,23031,"",25,21742,"",35,20311,"",45,3,3,4,0,1,0,20341,"",143,101,168,414,34,-1,0,-1
35,"","char_BEELZEBUMON","chr035",6,0,2,3,0,1,0,0,0,0,0,0,2,4,"",0,0,1,0,0,1,0,0,0,0,0,0,0,0,0,0,0,0,0,1,0,0,0,0,0,0,0,0,0,0,0,0,0,0,0,0,0,0,0,0,0,0,2,1,99,2152,588,1010,566,658,751,1093,7,29211,"",1,21771,"",2,0,"",3,0,"",3,0,"",3,0,"",3,0,"",3,0,"",3,0,"",3,0,"",3,0,"",3,0,"",3,30051,"",2,31042,"",25,21732,"",35,25151,"",45,3,2,3,0,1,0,20351,"",96,75,145,401,35,-1,0,-1
36,"","char_BARBAMON","chr036",6,0,2,0,3,1,0,0,0,0,0,0,2,4,"",0,0,1,0,0,1,0,0,0,0,0,0,0,0,0,0,0,0,0,1,0,0,0,0,0,0,0,0,0,0,0,0,0,0,0,0,0,0,0,0,0,0,15,1,99,1657,922,312,704,1469,1014,657,4,27381,"",1,27231,"",2,0,"",3,0,"",3,0,"",3,0,"",3,0,"",3,0,"",3,0,"",3,0,"",3,0,"",3,0,"",3,30082,"",2,24261,"",25,27771,"",35,23822,"",45,3,4,5,0,1,0,20361,"",230,76,59,391,36,-1,0,-1
37,"","char_LEVIAMON","chr037",6,0,2,0,0,4,0,0,0,2,0,0,2,4,"",0,0,1,0,0,0,1,0,0,0,0,0,0,0,0,0,0,0,0,1,0,0,0,0,0,0,0,0,0,0,0,0,0,0,0,0,0,0,0,0,0,0,14,1,99,2034,983,936,817,668,573,864,1,20021,"",1,21961,"",2,0,"",3,0,"",3,0,"",3,0,"",3,0,"",3,0,"",3,0,"",3,0,"",3,0,"",3,0,"",3,22142,"",2,20452,"",25,27772,"",35,30032,"",45,3,2,8,0,1,0,20371,"",197,86,82,413,37,-1,0,-1
38,"","char_DEMON","chr038",6,0,2,0,3,0,1,0,0,0,0,0,2,4,"",0,0,1,0,0,1,0,0,0,0,0,0,0,0,0,0,0,0,0,1,0,0,0,0,0,0,0,0,0,0,0,0,0,0,0,0,0,0,0,0,0,0,15,1,99,1429,865,1314,501,910,637,644,4,22271,"",1,0,"",2,0,"",3,0,"",3,0,"",3,0,"",3,0,"",3,0,"",3,0,"",3,0,"",3,0,"",3,0,"",3,32211,"",2,27221,"",25,21762,"",35,20261,"",45,3,2,3,0,1,0,20381,"",113,57,101,387,38,-1,0,-1
39,"","char_LUCEMON_FM","chr039",5,0,2,1,0,0,0,0,0,0,0,1,3,3,"",0,0,1,0,0,1,0,0,0,0,0,0,0,0,0,0,0,0,0,1,0,0,0,0,0,0,0,0,0,0,0,0,0,0,0,0,0,0,0,0,0,0,15,1,99,1201,641,1032,529,1861,851,722,4,27752,"",1,21011,"",2,0,"",3,0,"",3,0,"",3,0,"",3,0,"",3,0,"",3,0,"",3,0,"",3,0,"",3,0,"",3,21931,"",2,23911,"",20,25841,"",30,27493,"",40,4,2,3,0,1,0,20391,"",221,193,72,296,39,-1,0,-1
40,"","char_BELPHEMON_RM","chr040",7,0,2,0,3,0,1,0,0,0,0,3,2,4,"",0,0,1,0,0,1,0,0,0,0,0,0,0,0,0,0,0,0,0,1,0,0,0,0,0,0,0,0,0,0,0,0,0,0,0,0,0,0,0,0,0,0,2,1,99,2495,776,2412,1136,506,708,815,1,27431,"",1,27791,"",2,0,"",3,0,"",3,0,"",3,0,"",3,0,"",3,0,"",3,0,"",3,0,"",3,0,"",3,0,"",3,30061,"",2,30013,"",25,20351,"",35,27291,"",45,4,2,8,0,1,0,20401,"",64,56,56,445,40,-1,0,-1
41,"","char_PANDAMON","chr041",5,0,1,0,1,0,0,3,1,0,0,3,0,0,"",0,0,0,0,0,1,0,1,0,0,0,0,0,0,0,0,0,0,0,0,0,0,0,0,0,0,0,0,0,0,0,0,0,0,0,0,0,0,0,0,1,0,10,1,99,1315,684,610,581,724,770,414,13,21842,"",1,0,"",2,0,"",3,0,"",3,0,"",3,0,"",3,0,"",3,0,"",3,0,"",3,0,"",3,0,"",3,0,"",3,30334,"",2,27394,"",20,31031,"",30,21161,"",40,2,2,3,0,1,0,20411,"",219,221,226,250,41,-1,0,-1
42,"","char_FUNBEEMON","chr042",3,0,2,0,1,0,0,3,3,0,1,0,0,0,"",0,0,0,0,0,1,0,0,0,0,0,0,0,0,0,0,1,0,0,0,0,0,0,0,0,0,0,0,0,0,0,0,0,0,0,0,0,0,0,0,0,0,12,1,99,384,229,253,176,294,160,342,10,29121,"",1,0,"",2,0,"",3,0,"",3,0,"",3,0,"",3,0,"",3,0,"",3,0,"",3,0,"",3,0,"",3,0,"",3,30062,"",2,20372,"",10,0,"",0,0,"",1,1,3,2,0,1,0,20421,"",252,208,95,73,42,-1,0,-1
43,"","char_BLACKTAILMON","chr043",4,0,2,0,0,0,3,0,0,1,0,0,1,3,"",0,0,0,0,0,1,0,0,1,0,0,0,0,0,0,0,0,0,0,1,0,0,0,0,0,0,0,0,0,0,0,0,0,0,0,0,0,0,0,0,0,0,15,1,99,332,518,224,160,407,228,387,4,32241,"",1,0,"",2,0,"",3,0,"",3,0,"",3,0,"",3,0,"",3,0,"",3,0,"",3,0,"",3,0,"",3,0,"",3,27061,"",2,24061,"",15,27321,"",25,0,"",1,2,3,2,0,1,0,20431,"",68,61,64,166,43,-1,0,-1
44,"","char_CATCHMAMEMON","chr044",5,0,1,1,0,3,3,0,0,1,0,0,0,0,"",0,0,0,0,0,1,0,0,0,0,0,0,0,0,0,0,0,0,0,0,0,0,0,0,0,0,0,0,0,0,0,0,0,0,0,0,0,0,0,0,0,1,12,1,99,1891,725,454,942,477,757,523,13,22261,"",1,0,"",2,0,"",3,0,"",3,0,"",3,0,"",3,0,"",3,0,"",3,0,"",3,0,"",3,0,"",3,0,"",3,31012,"",2,23451,"",20,21481,"",30,25971,"",40,2,1,1,0,1,0,20441,"",151,156,151,236,44,-1,0,-1
45,"","char_CHRONOMON","chr045",6,0,0,0,0,0,0,0,0,0,0,0,0,0,"",0,0,0,0,0,1,0,0,0,0,0,0,0,0,0,0,0,0,0,0,0,0,0,0,0,0,0,0,0,0,0,0,0,0,0,0,0,0,0,0,0,0,7,1,99,1434,1442,453,497,996,900,540,4,26171,"",1,22311,"",2,0,"",3,0,"",3,0,"",3,0,"",3,0,"",3,0,"",3,0,"",3,0,"",3,0,"",3,0,"",3,30304,"",2,30064,"",25,32011,"",35,30223,"",45,3,2,3,0,1,0,20451,"",0,0,0,318,45,-1,0,-1
46,"","char_CHRONOMON_DESTROY","chr046",6,0,2,0,0,0,0,0,0,0,0,0,0,0,"",0,0,0,0,0,0,1,0,0,0,0,0,0,0,0,0,0,0,0,0,0,0,0,0,0,0,0,0,0,0,0,0,0,0,0,0,0,0,0,0,0,0,4,1,99,1342,1046,1376,722,561,387,979,1,20281,"",1,23171,"",2,0,"",3,0,"",3,0,"",3,0,"",3,0,"",3,0,"",3,0,"",3,0,"",3,0,"",3,0,"",3,26751,"",2,21863,"",25,27441,"",35,27431,"",45,3,2,3,0,1,0,20461,"",153,56,45,380,46,-1,0,-1
47,"","char_MEGIDRAMON","chr047",6,0,2,0,3,1,1,0,0,0,0,0,0,3,"",0,0,0,0,0,1,0,0,0,0,0,0,0,0,0,0,0,0,0,1,0,0,0,0,1,0,0,0,0,0,0,0,0,0,0,0,0,0,0,0,0,0,3,1,99,2963,814,1508,903,610,596,969,1,20192,"",1,32061,"",2,0,"",3,0,"",3,0,"",3,0,"",3,0,"",3,0,"",3,0,"",3,0,"",3,0,"",3,0,"",3,23721,"",2,20931,"",25,23981,"",35,21371,"",45,3,2,8,0,1,0,20471,"",0,0,0,407,47,-1,0,-1
48,"","char_GODDRAMON","chr048",6,0,0,1,0,0,0,0,0,0,3,0,4,2,"",0,0,0,0,0,1,0,0,0,0,0,0,0,0,0,0,0,0,1,0,0,0,0,0,1,0,0,0,0,0,0,0,0,0,0,0,0,0,0,0,0,0,15,1,99,1688,562,687,1085,983,1062,646,4,27221,"",1,0,"",2,0,"",3,0,"",3,0,"",3,0,"",3,0,"",3,0,"",3,0,"",3,0,"",3,0,"",3,0,"",3,21951,"",2,30152,"",25,26981,"",35,30203,"",45,3,2,3,0,1,0,20481,"",214,204,93,321,48,-1,0,-1
49,"","char_BANCHOLEOMON","chr049",6,0,0,0,3,0,1,0,1,0,3,0,0,0,"",0,0,0,0,0,1,0,1,1,0,0,0,0,0,0,0,0,0,0,0,0,0,0,0,0,0,0,0,0,0,0,0,0,0,0,0,0,0,0,0,0,0,3,1,99,2107,398,1017,1238,329,985,741,13,20151,"",1,30183,"",2,0,"",3,0,"",3,0,"",3,0,"",3,0,"",3,0,"",3,0,"",3,0,"",3,0,"",3,0,"",3,27211,"",2,30061,"",25,27344,"",35,27011,"",45,3,2,3,0,1,0,20491,"",206,155,79,333,49,-1,0,-1
50,"","char_AGUMON","chr050",3,1,0,0,3,0,1,0,0,1,3,0,0,0,"",0,0,0,0,0,1,0,0,0,0,0,0,0,0,0,0,0,0,0,0,0,0,0,0,0,0,0,0,1,0,0,0,0,0,0,0,0,0,0,0,0,0,3,1,99,723,216,404,232,110,192,264,1,20491,"",1,0,"",2,0,"",3,0,"",3,0,"",3,0,"",3,0,"",3,0,"",3,0,"",3,0,"",3,0,"",3,0,"",3,23641,"",2,27375,"",10,0,"",0,0,"",1,1,1,1,0,1,0,20501,"",207,140,27,21,50,-1,0,-1
51,"","char_GAWAPPAMON","chr051",4,0,1,0,1,3,0,3,0,2,0,0,0,0,"",0,0,0,0,0,1,0,1,0,0,0,0,0,0,0,0,0,0,0,0,0,1,0,0,0,0,0,0,0,0,0,0,0,0,0,0,0,0,0,0,0,0,11,1,99,662,372,377,361,338,367,224,4,23481,"",1,0,"",2,0,"",3,0,"",3,0,"",3,0,"",3,0,"",3,0,"",3,0,"",3,0,"",3,0,"",3,0,"",3,20111,"",2,27051,"",15,20701,"",25,0,"",1,2,1,1,0,1,0,20511,"",133,210,170,115,51,-1,0,-1
52,"","char_KAMEMON","chr052",3,0,1,3,0,0,1,0,0,1,0,3,0,0,"",0,0,0,0,0,1,0,1,0,0,0,0,0,0,0,0,0,0,0,0,0,1,0,0,0,0,0,0,0,0,0,0,0,0,0,0,0,0,0,0,0,0,11,1,99,511,284,150,354,136,271,153,13,23901,"",1,0,"",2,0,"",3,0,"",3,0,"",3,0,"",3,0,"",3,0,"",3,0,"",3,0,"",3,0,"",3,0,"",3,21971,"",2,27002,"",10,0,"",0,0,"",1,1,1,1,0,1,0,20521,"",129,183,101,44,52,-1,0,-1
53,"","char_KUDAMON","chr053",3,0,0,0,0,0,0,0,3,0,0,1,3,1,"",0,0,0,0,0,1,0,0,1,0,0,0,0,0,0,0,0,0,1,0,0,0,0,0,0,0,0,0,0,0,0,0,0,0,0,0,0,0,0,0,0,0,14,1,99,399,389,75,143,338,258,229,10,30063,"",1,0,"",2,0,"",3,0,"",3,0,"",3,0,"",3,0,"",3,0,"",3,0,"",3,0,"",3,0,"",3,0,"",3,20402,"",2,34021,"",10,0,"",0,0,"",1,1,3,2,0,1,0,20531,"",224,230,236,22,53,-1,0,-1
54,"","char_GEOGREYMON","chr054",4,0,0,0,3,1,1,1,0,0,4,0,0,0,"",0,0,0,0,0,1,0,0,0,0,0,0,0,0,0,0,0,0,0,0,0,0,0,1,0,0,0,0,0,0,0,0,0,0,0,0,0,0,0,0,0,0,11,1,99,990,275,383,154,161,212,250,1,30091,"",1,0,"",2,0,"",3,0,"",3,0,"",3,0,"",3,0,"",3,0,"",3,0,"",3,0,"",3,0,"",3,0,"",3,27375,"",2,20271,"",15,22153,"",25,0,"",1,2,2,3,0,1,0,20541,"",219,150,86,92,54,-1,0,-1
55,"","char_GAOMON","chr055",3,0,1,0,0,0,3,1,3,0,1,0,0,0,"",0,0,0,0,0,1,0,0,1,0,0,0,0,0,0,0,0,0,0,0,0,0,0,0,0,0,0,0,0,0,0,0,0,0,0,0,0,0,0,0,0,0,2,1,99,772,274,394,152,197,118,215,1,27342,"",1,0,"",2,0,"",3,0,"",3,0,"",3,0,"",3,0,"",3,0,"",3,0,"",3,0,"",3,0,"",3,0,"",3,21681,"",2,22221,"",10,0,"",0,0,"",1,1,1,1,0,1,0,20551,"",69,135,199,41,55,-1,0,-1
56,"","char_LALAMON","chr056",3,0,1,0,1,0,1,3,0,0,3,0,0,0,"",0,0,0,0,0,1,0,0,0,0,0,0,0,0,0,0,0,1,0,0,0,0,0,0,0,0,0,0,0,0,0,0,0,0,0,0,0,0,0,0,0,0,10,1,99,655,332,148,170,180,204,190,4,26051,"",1,0,"",2,0,"",3,0,"",3,0,"",3,0,"",3,0,"",3,0,"",3,0,"",3,0,"",3,0,"",3,0,"",3,24531,"",2,22081,"",10,0,"",0,0,"",1,1,3,2,0,1,0,20561,"",255,200,203,56,56,-1,0,-1
57,"","char_ROSEMON","chr057",6,0,1,0,1,0,1,4,0,3,0,0,0,0,"",0,0,0,0,0,1,0,0,0,0,0,0,0,0,0,0,0,0,0,0,0,0,0,0,0,0,0,0,0,0,0,0,1,0,0,0,0,0,0,0,0,0,10,1,99,1455,805,725,483,922,760,1003,4,20141,"",1,24551,"",2,0,"",3,0,"",3,0,"",3,0,"",3,0,"",3,0,"",3,0,"",3,0,"",3,0,"",3,0,"",3,20281,"",2,26071,"",25,24391,"",35,30302,"",45,3,3,4,0,1,0,20571,"",174,38,48,367,57,-1,0,-1
58,"","char_SUNFLOWMON","chr058",4,0,1,0,1,0,0,3,0,0,0,0,3,1,"",0,0,0,0,0,1,0,0,0,0,0,0,0,0,0,0,0,1,0,0,0,0,0,0,0,0,0,0,0,0,0,0,0,0,0,0,0,0,0,0,0,0,10,1,99,1040,359,101,257,582,331,212,4,29091,"",1,0,"",2,0,"",3,0,"",3,0,"",3,0,"",3,0,"",3,0,"",3,0,"",3,0,"",3,0,"",3,0,"",3,30191,"",2,21911,"",15,21351,"",25,0,"",1,2,3,4,0,1,0,20581,"",175,206,90,120,58,-1,0,-1
59,"","char_VOLCAMON","chr059",5,0,1,0,3,1,1,0,0,0,0,3,0,0,"",0,0,0,0,0,1,0,1,0,0,0,0,0,0,0,0,0,0,0,0,0,1,0,0,0,0,0,0,0,0,0,0,0,0,0,0,0,0,0,0,0,0,11,1,99,1226,467,913,552,241,575,570,1,20192,"",1,0,"",2,0,"",3,0,"",3,0,"",3,0,"",3,0,"",3,0,"",3,0,"",3,0,"",3,0,"",3,0,"",3,24001,"",2,24502,"",20,30253,"",30,27662,"",40,2,2,3,0,1,0,20591,"",240,60,13,256,59,-1,0,-1
60,"","char_PILEVOLCAMON","chr060",6,0,1,0,3,1,1,0,0,0,0,3,0,0,"",0,0,0,0,0,1,0,1,0,0,0,0,0,0,0,0,0,0,0,0,0,1,0,0,0,0,0,0,0,0,0,0,0,0,0,0,0,0,0,0,0,0,11,1,99,1113,558,953,758,765,836,747,1,23111,"",1,21931,"",2,0,"",3,0,"",3,0,"",3,0,"",3,0,"",3,0,"",3,0,"",3,0,"",3,0,"",3,0,"",3,25801,"",2,20361,"",25,26791,"",35,32231,"",45,3,2,3,0,1,0,20601,"",245,84,12,359,60,-1,0,-1
61,"","char_MONZAEMON","chr061",5,0,0,1,1,0,0,0,0,0,3,3,0,0,"",0,0,0,0,0,1,0,1,0,0,0,0,0,0,0,0,0,0,0,0,0,0,0,0,0,0,0,0,0,0,0,0,0,0,0,0,0,0,0,0,1,0,3,1,99,1621,461,597,484,745,627,397,4,34041,"",1,0,"",2,0,"",3,0,"",3,0,"",3,0,"",3,0,"",3,0,"",3,0,"",3,0,"",3,0,"",3,0,"",3,24211,"",2,24652,"",20,20462,"",30,30112,"",40,2,2,6,0,1,0,20611,"",255,240,1,224,61,-1,0,-1
68,"","char_GAOGAMON","chr068",4,0,1,0,0,0,3,1,3,0,1,0,0,0,"",0,0,0,0,0,1,0,0,1,0,0,0,0,0,0,0,0,0,0,0,0,0,0,0,0,0,0,0,0,0,0,0,0,0,0,0,0,0,0,0,0,0,2,1,99,349,524,269,205,313,315,479,10,31042,"",1,0,"",2,0,"",3,0,"",3,0,"",3,0,"",3,0,"",3,0,"",3,0,"",3,0,"",3,0,"",3,0,"",3,34071,"",2,30066,"",15,20421,"",25,0,"",1,2,2,3,0,1,0,20681,"",68,122,178,114,68,-1,0,-1
69,"","char_PLATINUMNUMEMON","chr069",6,0,2,0,0,1,0,0,0,4,1,3,0,0,"",0,0,0,0,0,1,0,0,0,0,0,0,0,0,1,0,0,0,0,0,0,0,0,0,0,0,0,0,0,0,0,0,0,0,0,0,0,0,0,0,0,1,10,1,99,389,755,510,2468,143,708,756,13,27384,"",1,20462,"",2,0,"",3,0,"",3,0,"",3,0,"",3,0,"",3,0,"",3,0,"",3,0,"",3,0,"",3,0,"",3,20272,"",2,23431,"",25,20021,"",35,32231,"",45,3,2,3,0,1,0,20691,"",152,143,137,396,69,-1,0,-1
70,"","char_NUMEMON","chr070",4,0,2,0,1,3,0,3,0,1,0,0,0,0,"",0,0,0,0,0,1,0,0,0,0,0,0,0,0,0,0,0,0,0,0,0,0,0,0,0,0,0,0,0,0,0,0,0,0,0,0,1,0,0,0,0,0,4,1,99,937,303,206,316,170,330,208,13,30213,"",1,0,"",2,0,"",3,0,"",3,0,"",3,0,"",3,0,"",3,0,"",3,0,"",3,0,"",3,0,"",3,0,"",3,26701,"",2,30113,"",15,21761,"",25,0,"",1,2,1,1,0,1,0,20701,"",130,192,22,160,70,-1,0,-1
71,"","char_RIZEGREYMON","chr071",5,0,0,1,0,1,0,0,0,0,0,3,3,0,"",0,0,0,0,0,1,0,1,0,0,0,0,0,0,0,0,0,0,0,0,0,1,0,0,0,0,0,0,0,0,0,0,0,0,0,0,0,0,0,0,0,0,11,1,99,1700,558,873,720,245,486,808,1,30061,"",1,0,"",2,0,"",3,0,"",3,0,"",3,0,"",3,0,"",3,0,"",3,0,"",3,0,"",3,0,"",3,0,"",3,30122,"",2,20481,"",20,20352,"",30,21812,"",40,2,2,3,0,1,0,20711,"",223,140,60,226,71,-1,0,-1
72,"","char_LEOMON","chr072",4,0,0,0,1,0,0,0,3,1,3,0,0,0,"",0,0,0,0,0,1,0,1,1,0,0,0,0,0,0,0,0,0,0,0,0,0,0,0,0,0,0,0,0,0,0,0,0,0,0,0,0,0,0,0,0,0,2,1,99,708,293,348,284,183,200,248,1,26881,"",1,0,"",2,0,"",3,0,"",3,0,"",3,0,"",3,0,"",3,0,"",3,0,"",3,0,"",3,0,"",3,0,"",3,20361,"",2,27451,"",15,26061,"",25,0,"",1,2,2,3,0,1,0,20721,"",213,162,122,109,72,-1,0,-1
73,"","char_LILAMON","chr073",5,0,1,0,1,0,0,3,0,0,3,1,0,0,"",0,0,0,0,0,1,0,0,0,0,0,0,0,0,0,0,0,0,0,0,0,0,0,0,0,0,0,0,0,0,0,0,1,0,0,0,0,0,0,0,0,0,10,1,99,1411,807,256,363,891,597,489,4,30153,"",1,0,"",2,0,"",3,0,"",3,0,"",3,0,"",3,0,"",3,0,"",3,0,"",3,0,"",3,0,"",3,0,"",3,21863,"",2,21771,"",20,24741,"",30,26772,"",40,2,3,4,0,1,0,20731,"",234,125,176,262,73,-1,0,-1
74,"","char_MACHGAOGAMON","chr074",5,0,1,0,0,0,3,1,3,0,1,0,0,0,"",0,0,0,0,0,1,0,1,0,0,0,0,0,0,0,0,0,0,0,0,0,1,0,0,0,0,0,0,0,0,0,0,0,0,0,0,0,0,0,0,0,0,2,1,99,1637,371,901,376,706,549,790,7,27701,"",1,0,"",2,0,"",3,0,"",3,0,"",3,0,"",3,0,"",3,0,"",3,0,"",3,0,"",3,0,"",3,0,"",3,27394,"",2,32171,"",20,26162,"",30,30336,"",40,2,2,3,0,1,0,20741,"",50,107,151,258,74,-1,0,-1
75,"","char_NEPTUNEMON","chr075",6,0,0,0,1,4,3,0,0,1,0,0,0,0,"",0,1,0,0,0,1,0,1,0,0,0,1,0,0,0,0,0,0,0,0,1,0,0,0,0,0,0,0,0,0,0,0,0,0,0,0,0,0,0,0,0,0,3,1,99,1833,985,901,634,1036,1073,954,1,22111,"",1,21801,"",2,0,"",3,0,"",3,0,"",3,0,"",3,0,"",3,0,"",3,0,"",3,0,"",3,0,"",3,0,"",3,32111,"",2,30062,"",25,20362,"",35,30111,"",45,3,2,3,0,1,0,20751,"",16,114,161,331,75,-1,0,-1
76,"","char_SHAWUJINMON","chr076",5,0,2,0,0,3,0,1,1,0,3,0,0,0,"",0,0,0,0,0,1,0,1,0,0,0,0,0,0,0,0,0,0,0,1,0,0,0,0,0,0,0,0,0,0,0,0,0,0,0,0,0,0,0,0,0,0,11,1,99,1211,857,844,482,1065,481,927,4,30292,"",1,0,"",2,0,"",3,0,"",3,0,"",3,0,"",3,0,"",3,0,"",3,0,"",3,0,"",3,0,"",3,0,"",3,27101,"",2,20151,"",20,23881,"",30,21461,"",40,2,2,3,0,1,0,20761,"",73,109,59,276,76,-1,0,-1
77,"","char_REPPAMON","chr077",4,0,0,0,1,0,0,1,3,0,0,3,0,0,"",0,0,0,0,0,1,0,0,1,0,0,0,0,0,0,0,0,0,1,0,0,0,0,0,0,0,0,0,0,0,0,0,0,0,0,0,0,0,0,0,0,0,14,1,99,453,629,216,209,407,300,502,10,27572,"",1,0,"",2,0,"",3,0,"",3,0,"",3,0,"",3,0,"",3,0,"",3,0,"",3,0,"",3,0,"",3,0,"",3,22142,"",2,32191,"",15,27581,"",25,0,"",1,2,1,1,0,1,0,20771,"",131,139,147,110,77,-1,0,-1
78,"","char_GROWMON","chr078",4,0,2,0,3,1,1,0,0,3,0,0,0,0,"",0,0,0,0,0,1,0,0,0,0,0,0,0,0,0,0,0,0,0,1,0,0,0,0,1,0,0,0,0,0,0,0,0,0,0,0,0,0,0,0,0,0,3,1,99,1050,381,449,215,159,215,279,1,23281,"",1,0,"",2,0,"",3,0,"",3,0,"",3,0,"",3,0,"",3,0,"",3,0,"",3,0,"",3,0,"",3,0,"",3,21722,"",2,23211,"",15,21141,"",25,0,"",1,2,2,3,0,1,0,20781,"",221,96,76,145,78,-1,0,-1
79,"","char_SUPERSTARMON","chr079",5,0,1,1,0,0,0,1,0,0,3,3,0,0,"",0,0,0,0,0,1,0,0,0,0,0,0,0,0,0,0,0,0,0,0,0,0,0,0,0,0,0,0,0,0,0,0,0,0,0,0,0,0,0,0,0,1,10,1,99,1050,907,662,716,587,616,461,13,21732,"",1,0,"",2,0,"",3,0,"",3,0,"",3,0,"",3,0,"",3,0,"",3,0,"",3,0,"",3,0,"",3,0,"",3,21942,"",2,21631,"",20,27281,"",30,20581,"",40,2,2,3,0,1,0,20791,"",245,214,0,238,79,-1,0,-1
80,"","char_MERCURYMON","chr080",6,0,2,0,0,0,0,3,3,1,3,0,0,2,"",0,1,0,0,0,1,0,1,0,0,0,0,0,0,0,0,0,0,0,0,1,0,0,0,0,0,0,0,0,0,0,0,0,0,0,0,0,0,0,0,0,0,11,1,99,1286,624,1100,596,835,585,1307,7,23461,"",1,27401,"",2,0,"",3,0,"",3,0,"",3,0,"",3,0,"",3,0,"",3,0,"",3,0,"",3,0,"",3,0,"",3,27381,"",2,31032,"",25,27033,"",35,23891,"",45,3,2,3,0,1,0,20801,"",63,136,131,409,80,-1,0,-1
81,"","char_IMPMON","chr081",3,0,2,0,3,0,1,0,0,3,0,0,1,0,"",0,0,0,0,1,0,0,0,0,0,0,0,0,0,0,0,0,0,0,1,0,0,0,0,0,0,0,0,0,0,0,0,0,0,0,0,0,0,0,0,0,0,16,1,99,576,260,189,91,380,162,229,4,21871,"",1,0,"",2,0,"",3,0,"",3,0,"",3,0,"",3,0,"",3,0,"",3,0,"",3,0,"",3,0,"",3,0,"",3,24512,"",2,20443,"",10,0,"",0,0,"",1,1,1,1,0,1,0,20811,"",84,56,104,60,81,-1,0,-1
82,"","char_HIPPOGRIFFOMON","chr082",5,0,1,0,3,1,0,1,3,0,0,0,0,0,"",0,0,0,0,0,1,0,0,1,0,0,0,0,0,0,0,0,0,0,0,0,0,0,0,0,0,0,0,0,0,0,0,0,1,0,0,0,0,0,0,0,0,14,1,99,1198,913,388,232,1308,546,932,4,30331,"",1,0,"",2,0,"",3,0,"",3,0,"",3,0,"",3,0,"",3,0,"",3,0,"",3,0,"",3,0,"",3,0,"",3,30161,"",2,24911,"",20,27721,"",30,27322,"",40,2,2,8,0,1,0,20821,"",204,205,222,254,82,-1,0,-1
83,"","char_GRIFFOMON","chr083",6,0,1,0,0,0,1,0,3,0,3,1,0,0,"",0,0,0,0,0,1,0,0,1,0,0,0,0,0,0,0,0,0,0,0,0,0,0,0,0,0,0,0,0,0,0,0,0,1,0,0,0,0,0,0,0,0,14,1,99,883,1137,883,482,945,807,848,10,21401,"",1,0,"",2,0,"",3,0,"",3,0,"",3,0,"",3,0,"",3,0,"",3,0,"",3,0,"",3,0,"",3,0,"",3,32171,"",2,27792,"",25,21341,"",35,30306,"",45,3,2,3,0,1,0,20831,"",200,162,93,347,83,-1,0,-1
84,"","char_TYILINMON","chr084",5,0,0,0,1,0,0,0,3,0,0,0,3,1,"",0,0,0,0,0,1,0,0,1,0,0,0,0,0,0,0,0,0,1,0,0,0,0,0,0,0,0,0,0,0,0,0,0,0,0,0,0,0,0,0,0,0,14,1,99,831,1014,856,734,727,409,1138,10,25101,"",1,0,"",2,0,"",3,0,"",3,0,"",3,0,"",3,0,"",3,0,"",3,0,"",3,0,"",3,0,"",3,0,"",3,22181,"",2,21961,"",20,27371,"",30,27011,"",40,2,2,3,0,1,0,20841,"",11,115,74,213,84,-1,0,-1
85,"","char_VAMDEMON","chr085",5,0,2,0,0,0,0,0,0,0,3,1,1,3,"",0,0,0,0,0,1,0,0,0,0,0,0,0,0,0,0,0,0,0,0,0,0,0,0,0,0,0,0,0,0,0,0,0,0,0,0,0,0,1,0,0,0,15,1,99,1485,728,750,694,901,919,565,4,23971,"",1,0,"",2,0,"",3,0,"",3,0,"",3,0,"",3,0,"",3,0,"",3,0,"",3,0,"",3,0,"",3,0,"",3,23151,"",2,22151,"",20,27392,"",30,26271,"",40,2,2,3,0,1,0,20851,"",58,77,116,267,85,-1,0,-1
86,"","char_SLEIPMON","chr086",6,0,0,1,3,0,3,0,0,1,0,0,0,0,"",1,0,0,0,0,1,0,0,0,0,0,0,0,0,0,0,0,0,1,0,0,0,0,0,0,0,0,0,0,0,0,0,0,0,1,0,0,0,0,0,0,0,14,1,99,1649,1133,577,842,876,1150,837,10,26211,"",1,20443,"",2,0,"",3,0,"",3,0,"",3,0,"",3,0,"",3,0,"",3,0,"",3,0,"",3,0,"",3,0,"",3,23871,"",2,23991,"",25,30311,"",35,27481,"",45,3,2,3,0,1,0,20861,"",194,28,54,326,86,-1,0,-1
87,"","char_ANGEMON","chr087",4,0,0,0,0,3,0,0,0,0,1,0,3,1,"",0,0,0,0,0,1,0,0,0,0,0,0,0,0,0,0,0,0,0,0,0,0,1,0,0,0,0,0,0,0,0,0,0,0,0,0,0,0,0,0,0,0,15,1,99,592,463,312,264,403,250,289,4,34011,"",1,0,"",2,0,"",3,0,"",3,0,"",3,0,"",3,0,"",3,0,"",3,0,"",3,0,"",3,0,"",3,0,"",3,23771,"",2,27772,"",15,21741,"",25,0,"",1,2,2,3,0,1,0,20871,"",174,176,181,84,87,-1,0,-1
88,"","char_OMEGAMON","chr088",7,0,0,0,3,0,3,0,1,0,1,3,0,0,"",1,0,0,0,0,1,0,0,0,0,0,0,0,0,0,0,0,0,1,0,0,0,0,0,0,0,0,0,0,0,0,0,0,0,1,0,0,0,0,0,0,0,3,1,99,2751,596,1406,1162,822,939,1125,1,30242,"",1,30223,"",2,0,"",3,0,"",3,0,"",3,0,"",3,0,"",3,0,"",3,0,"",3,0,"",3,0,"",3,0,"",3,23431,"",2,27591,"",25,29091,"",35,26111,"",45,4,2,3,0,1,0,20881,"",206,214,227,430,88,-1,0,-1
90,"","char_GUILMON","chr090",3,0,2,0,3,1,1,0,0,0,3,0,0,0,"",0,0,0,0,0,1,0,0,0,0,0,0,0,0,0,0,0,0,0,0,0,0,0,0,0,0,0,0,1,0,0,0,0,0,0,0,0,0,0,0,0,0,3,1,99,538,172,452,213,109,110,275,1,24571,"",1,0,"",2,0,"",3,0,"",3,0,"",3,0,"",3,0,"",3,0,"",3,0,"",3,0,"",3,0,"",3,0,"",3,24021,"",2,21972,"",10,0,"",0,0,"",1,1,1,1,0,1,0,20901,"",225,99,78,64,90,-1,0,-1
91,"","char_STINGMON","chr091",4,0,3,3,1,0,1,3,0,1,1,3,0,3,"",0,0,0,0,0,1,0,0,0,0,0,0,0,0,0,0,1,0,0,0,0,0,0,0,0,0,0,0,0,0,0,0,0,0,0,0,0,0,0,0,0,0,7,1,99,782,400,346,189,267,221,274,7,34051,"",1,0,"",2,0,"",3,0,"",3,0,"",3,0,"",3,0,"",3,0,"",3,0,"",3,0,"",3,0,"",3,0,"",3,21263,"",2,26811,"",15,21352,"",25,0,"",1,2,2,3,0,1,0,20911,"",75,111,60,177,91,-1,0,-1
92,"","char_TAILMON","chr092",4,0,0,0,0,0,0,1,3,0,0,0,3,1,"",0,0,0,0,0,1,0,0,1,0,0,0,0,0,0,0,0,0,1,0,0,0,0,0,0,0,0,0,0,0,0,0,0,0,0,0,0,0,0,0,0,0,7,1,99,545,693,136,123,513,278,355,4,30112,"",1,0,"",2,0,"",3,0,"",3,0,"",3,0,"",3,0,"",3,0,"",3,0,"",3,0,"",3,0,"",3,0,"",3,23901,"",2,30223,"",15,30132,"",25,0,"",1,2,3,2,0,1,0,20921,"",239,239,241,97,92,-1,0,-1
93,"","char_DEVIMON","chr093",4,0,2,1,3,0,0,0,0,0,0,0,1,3,"",0,0,0,0,0,1,0,0,0,0,0,0,0,0,0,0,0,0,0,1,0,0,1,0,0,0,0,0,0,0,0,0,0,0,0,0,0,0,0,0,0,0,15,1,99,556,285,473,170,482,230,264,4,26151,"",1,0,"",2,0,"",3,0,"",3,0,"",3,0,"",3,0,"",3,0,"",3,0,"",3,0,"",3,0,"",3,0,"",3,27061,"",2,24071,"",15,29201,"",25,0,"",1,2,2,3,0,1,0,20931,"",57,57,65,156,93,-1,0,-1
94,"","char_SHINEGREYMON","chr094",6,0,0,0,3,1,1,0,0,0,3,0,3,0,"",0,0,0,0,0,1,0,0,0,0,0,0,0,0,0,0,0,0,0,0,0,0,0,0,1,0,0,0,0,0,0,0,0,0,0,0,0,0,0,0,0,0,11,1,99,2661,543,1114,573,600,451,1082,1,30091,"",1,27402,"",2,0,"",3,0,"",3,0,"",3,0,"",3,0,"",3,0,"",3,0,"",3,0,"",3,0,"",3,0,"",3,30322,"",2,30052,"",25,26172,"",35,20051,"",45,3,2,3,0,1,0,20941,"",187,59,28,322,94,-1,0,-1
95,"","char_MIRAGEGAOGAMON","chr095",6,0,1,3,0,0,0,1,0,1,0,3,0,0,"",0,0,0,0,0,1,0,0,1,0,0,0,0,0,0,0,0,0,0,0,0,0,0,0,0,0,0,0,0,0,0,0,0,0,1,0,0,0,0,0,0,0,2,1,99,1261,771,855,755,565,537,1186,7,23751,"",1,30185,"",2,0,"",3,0,"",3,0,"",3,0,"",3,0,"",3,0,"",3,0,"",3,0,"",3,0,"",3,0,"",3,20251,"",2,21721,"",25,26171,"",35,20041,"",45,3,2,3,0,1,0,20951,"",27,36,94,363,95,-1,0,-1
96,"","char_PATAMON","chr096",3,0,1,0,1,0,0,0,3,0,0,0,3,1,"",0,0,0,0,0,1,0,0,1,0,0,0,0,0,0,0,0,0,0,0,0,0,0,0,0,0,0,0,0,0,0,0,0,0,0,0,0,0,0,0,0,0,15,1,99,635,335,211,151,245,164,262,4,21786,"",1,0,"",2,0,"",3,0,"",3,0,"",3,0,"",3,0,"",3,0,"",3,0,"",3,0,"",3,0,"",3,0,"",3,34061,"",2,30201,"",10,0,"",0,0,"",1,1,1,1,0,1,0,20961,"",223,167,62,51,96,-1,0,-1
97,"","char_PICODEVIMON","chr097",3,0,2,0,1,3,0,0,0,0,0,0,1,3,"",0,0,0,0,1,0,0,0,0,0,0,0,0,0,0,0,0,0,0,1,0,0,0,0,0,0,0,0,0,0,0,0,0,0,0,0,0,0,0,0,0,0,15,1,99,364,296,316,156,177,180,297,7,20541,"",1,0,"",2,0,"",3,0,"",3,0,"",3,0,"",3,0,"",3,0,"",3,0,"",3,0,"",3,0,"",3,0,"",3,21001,"",2,20771,"",10,0,"",0,0,"",1,1,1,1,0,1,0,20971,"",86,117,159,72,97,-1,0,-1
98,"","char_JUMBOGAMEMON","chr098",6,0,1,0,1,3,0,0,0,1,0,3,0,0,"",0,0,0,0,0,1,0,1,0,0,0,0,0,0,0,0,0,0,0,0,0,1,0,0,0,0,0,0,0,0,0,0,0,0,0,0,0,0,0,0,0,0,11,1,99,1869,450,1169,557,1211,806,587,1,23791,"",1,23381,"",2,0,"",3,0,"",3,0,"",3,0,"",3,0,"",3,0,"",3,0,"",3,0,"",3,0,"",3,0,"",3,21011,"",2,21952,"",25,21921,"",35,34081,"",45,3,2,8,0,1,0,20981,"",90,151,91,353,98,-1,0,-1
100,"","char_WENDIMON","chr100",4,0,2,0,1,0,0,1,0,3,3,0,0,0,"",0,0,0,0,0,1,0,1,1,0,0,0,0,0,0,0,0,0,0,0,0,0,0,0,0,0,0,0,0,0,0,0,0,0,0,0,0,0,0,0,0,0,14,1,99,930,199,592,326,214,93,298,1,23851,"",1,0,"",2,0,"",3,0,"",3,0,"",3,0,"",3,0,"",3,0,"",3,0,"",3,0,"",3,0,"",3,0,"",3,26231,"",2,30123,"",15,30231,"",25,0,"",1,2,2,8,0,1,0,21001,"",90,66,65,139,100,-1,0,-1
101,"","char_HOLYANGEMON","chr101",5,0,0,0,0,0,0,0,0,3,1,0,4,2,"",0,0,0,0,0,1,0,0,0,0,0,0,0,0,0,0,0,0,0,0,0,0,1,0,0,0,0,0,0,0,0,0,0,0,0,0,0,0,0,0,0,0,15,1,99,934,610,331,658,933,1011,426,4,22201,"",1,0,"",2,0,"",3,0,"",3,0,"",3,0,"",3,0,"",3,0,"",3,0,"",3,0,"",3,0,"",3,0,"",3,22181,"",2,23021,"",20,24561,"",30,30312,"",40,2,2,3,0,1,0,21011,"",244,244,244,221,101,-1,0,-1
102,"","char_TURUIEMON","chr102",4,0,1,1,0,0,1,3,0,0,3,0,0,0,"",0,0,0,0,0,1,0,1,1,0,0,0,0,0,0,0,0,0,0,0,0,0,0,0,0,0,0,0,0,0,0,0,0,0,0,0,0,0,0,0,0,0,14,1,99,729,340,282,292,282,271,298,7,23081,"",1,0,"",2,0,"",3,0,"",3,0,"",3,0,"",3,0,"",3,0,"",3,0,"",3,0,"",3,0,"",3,0,"",3,27041,"",2,23481,"",15,21792,"",25,0,"",1,2,3,2,0,1,0,21021,"",169,124,178,129,102,-1,0,-1
103,"","char_GANIMON","chr103",3,0,1,0,0,3,0,1,0,1,0,3,0,0,"",0,0,0,0,0,1,0,0,0,0,0,0,0,0,0,0,0,0,0,0,0,0,0,0,0,0,0,0,0,0,0,0,0,0,0,0,0,1,0,0,0,0,12,1,99,416,286,393,165,150,101,191,1,21861,"",1,0,"",2,0,"",3,0,"",3,0,"",3,0,"",3,0,"",3,0,"",3,0,"",3,0,"",3,0,"",3,0,"",3,27321,"",2,23731,"",10,0,"",0,0,"",1,1,1,1,0,1,0,21031,"",106,107,130,42,103,-1,0,-1
104,"","char_SUSANOOMON","chr104",7,0,0,1,0,0,0,0,0,3,1,0,3,0,"",0,0,0,0,0,1,0,1,0,0,0,0,0,0,0,0,0,0,0,0,1,0,0,0,0,0,0,0,0,0,0,0,0,0,0,0,0,0,0,0,0,0,2,1,99,1695,1192,1361,857,1433,1027,1081,1,31022,"",1,27712,"",2,0,"",3,0,"",3,0,"",3,0,"",3,0,"",3,0,"",3,0,"",3,0,"",3,0,"",3,0,"",3,30261,"",2,24341,"",25,20481,"",35,27791,"",45,4,2,3,0,1,0,21041,"",22,207,123,436,104,-1,0,-1
105,"","char_DUKEMON_CM","chr105",7,0,2,0,3,1,0,0,0,0,0,0,3,1,"",0,0,0,0,0,1,0,0,0,0,0,0,0,0,0,0,0,0,1,0,0,0,0,0,0,0,0,0,0,0,0,0,0,0,1,0,0,0,0,0,0,0,3,1,99,1644,792,1188,904,950,625,990,7,27752,"",1,26011,"",2,0,"",3,0,"",3,0,"",3,0,"",3,0,"",3,0,"",3,0,"",3,0,"",3,0,"",3,0,"",3,22131,"",2,20711,"",25,20881,"",35,30292,"",45,4,2,3,0,1,0,21051,"",216,72,60,443,105,-1,0,-1
106,"","char_ARMAGEMON","chr106",7,0,5,2,1,3,0,0,0,3,0,1,0,3,"",0,0,0,0,0,1,0,0,0,0,0,0,0,0,0,0,0,0,0,0,0,0,0,0,0,0,0,0,0,0,0,0,0,0,0,0,0,0,0,0,0,1,16,1,99,1944,702,2061,727,620,719,1121,7,27041,"",1,21701,"",2,0,"",3,0,"",3,0,"",3,0,"",3,0,"",3,0,"",3,0,"",3,0,"",3,0,"",3,0,"",3,24251,"",2,23851,"",25,27033,"",35,24611,"",45,4,2,8,0,1,0,21061,"",71,59,87,448,106,-1,0,-1
107,"","char_LADYDEVIMON","chr107",5,0,2,0,3,0,1,0,0,0,0,0,1,3,"",0,0,0,0,0,1,0,0,0,0,0,0,0,0,0,0,0,0,0,1,0,0,1,0,0,0,0,0,0,0,0,0,0,0,0,0,0,0,0,0,0,0,15,1,99,978,823,387,439,1057,527,930,4,27662,"",1,0,"",2,0,"",3,0,"",3,0,"",3,0,"",3,0,"",3,0,"",3,0,"",3,0,"",3,0,"",3,0,"",3,30063,"",2,26271,"",20,30201,"",30,23031,"",40,2,3,4,0,1,0,21071,"",48,48,55,297,107,-1,0,-1
111,"","char_GOBURIMON","chr111",3,0,2,0,3,0,3,1,0,0,1,0,0,0,"",0,0,0,0,0,1,0,1,0,0,0,0,0,0,0,0,0,0,0,0,0,0,0,0,0,1,0,0,0,0,0,0,0,0,0,0,0,0,0,0,0,0,3,1,99,561,120,327,322,70,127,247,1,27421,"",1,0,"",2,0,"",3,0,"",3,0,"",3,0,"",3,0,"",3,0,"",3,0,"",3,0,"",3,0,"",3,0,"",3,20351,"",2,30132,"",10,0,"",0,0,"",1,1,1,1,0,1,0,21111,"",87,154,47,65,111,-1,0,-1
112,"","char_DORUMON","chr112",3,0,1,3,0,0,0,0,1,1,0,3,0,0,"",0,0,0,0,0,1,0,0,1,0,0,0,0,0,0,0,0,0,0,0,0,0,0,0,0,0,0,0,0,0,0,0,0,0,0,0,0,0,0,0,0,0,4,1,99,467,171,425,178,92,108,292,1,21882,"",1,0,"",2,0,"",3,0,"",3,0,"",3,0,"",3,0,"",3,0,"",3,0,"",3,0,"",3,0,"",3,0,"",3,30301,"",2,30036,"",10,0,"",0,0,"",1,1,1,1,0,1,0,21121,"",181,145,198,50,112,-1,0,-1
113,"","char_GOLDNUMEMON","chr113",4,0,2,0,0,0,1,0,3,3,1,0,0,0,"",0,0,0,0,0,1,0,0,0,0,0,0,0,0,1,0,0,0,0,0,0,0,0,0,0,0,0,0,0,0,0,0,0,0,0,0,0,0,0,0,0,1,10,1,99,605,441,71,202,567,510,185,4,24251,"",1,0,"",2,0,"",3,0,"",3,0,"",3,0,"",3,0,"",3,0,"",3,0,"",3,0,"",3,0,"",3,0,"",3,27731,"",2,23081,"",15,27271,"",25,0,"",1,2,1,1,0,1,0,21131,"",222,198,70,150,113,-1,0,-1
114,"","char_V-MON","chr114",3,0,3,3,1,0,3,0,1,1,3,1,3,0,"",0,0,0,0,1,0,0,0,0,0,0,0,0,0,0,0,0,0,0,0,0,0,0,0,1,0,0,0,0,0,0,0,0,0,0,0,0,0,0,0,0,0,2,1,99,505,348,361,141,95,91,185,1,21361,"",1,0,"",2,0,"",3,0,"",3,0,"",3,0,"",3,0,"",3,0,"",3,0,"",3,0,"",3,0,"",3,0,"",3,23611,"",2,30041,"",10,0,"",0,0,"",1,1,1,1,0,1,0,21141,"",41,167,211,77,114,-1,0,-1
115,"","char_BAOHUCKMON","chr115",4,0,1,0,0,0,3,0,1,1,0,3,0,0,"",0,0,0,0,0,1,0,0,0,0,0,0,0,0,0,0,0,0,0,0,0,0,0,1,0,0,0,0,0,0,0,0,0,0,0,0,0,0,0,0,0,0,11,1,99,973,354,305,366,140,324,331,1,26071,"",1,0,"",2,0,"",3,0,"",3,0,"",3,0,"",3,0,"",3,0,"",3,0,"",3,0,"",3,0,"",3,0,"",3,20411,"",2,21411,"",15,26821,"",25,0,"",1,2,1,1,0,1,0,21151,"",191,190,189,133,115,-1,0,-1
116,"","char_SAVIORHUCKMON","chr116",5,0,1,0,0,0,3,0,1,1,0,3,0,0,"",0,0,0,0,0,1,0,1,0,0,0,0,0,0,0,0,0,0,0,0,0,0,0,0,1,0,0,0,0,0,0,0,0,0,0,0,0,0,0,0,0,0,11,1,99,1251,659,673,737,352,378,802,7,21471,"",1,0,"",2,0,"",3,0,"",3,0,"",3,0,"",3,0,"",3,0,"",3,0,"",3,0,"",3,0,"",3,0,"",3,23891,"",2,20771,"",20,26171,"",30,21951,"",40,2,2,3,0,1,0,21161,"",250,248,244,240,116,-1,0,-1
117,"","char_VALDURMON","chr117",6,0,0,0,0,0,0,1,3,0,0,0,3,1,"",0,0,0,0,0,1,0,0,0,0,0,0,0,0,0,0,0,0,1,0,0,0,0,0,0,0,1,0,0,0,0,0,0,0,0,0,0,0,0,0,0,0,10,1,99,1457,1354,262,513,1377,1157,1150,10,23441,"",1,22132,"",2,0,"",3,0,"",3,0,"",3,0,"",3,0,"",3,0,"",3,0,"",3,0,"",3,0,"",3,0,"",3,26291,"",2,30233,"",25,21062,"",35,30222,"",45,3,3,8,0,1,0,21171,"",188,209,211,310,117,-1,0,-1
118,"","char_CHAOSMONVALDURARM","chr118",7,0,0,1,3,1,3,3,1,3,3,3,1,1,"",0,0,0,0,0,1,0,0,0,0,0,0,0,0,0,0,0,0,0,0,0,0,0,0,0,0,0,0,0,0,0,0,0,0,0,0,0,0,0,0,0,1,3,1,99,1011,851,1793,251,1487,734,1177,4,33061,"",1,25861,"",2,0,"",3,0,"",3,0,"",3,0,"",3,0,"",3,0,"",3,0,"",3,0,"",3,0,"",3,0,"",3,26291,"",2,21441,"",25,23151,"",35,23771,"",45,4,2,3,0,1,0,21181,"",101,171,160,433,118,-1,0,-1
126,"","char_DUKEMON","chr126",6,0,2,0,0,0,0,0,1,0,0,3,3,1,"",1,0,0,0,0,1,0,0,0,0,0,0,0,0,0,0,0,0,1,0,0,0,0,0,0,0,0,0,0,0,0,0,0,0,1,0,0,0,0,0,0,0,3,1,99,1530,1121,668,714,858,846,610,4,32061,"",1,27331,"",2,0,"",3,0,"",3,0,"",3,0,"",3,0,"",3,0,"",3,0,"",3,0,"",3,0,"",3,0,"",3,30061,"",2,27111,"",25,30221,"",35,22171,"",45,3,2,3,0,1,0,21261,"",242,243,255,388,126,-1,0,-1
127,"","char_KINGETEMON","chr127",6,0,2,0,1,0,0,3,1,0,3,0,0,0,"",0,0,0,0,0,1,0,1,0,0,0,0,0,0,0,0,0,0,0,0,0,0,0,0,0,0,0,0,0,0,0,0,0,0,0,0,0,0,0,0,1,0,3,1,99,1357,584,1130,1026,1007,705,762,1,24502,"",1,0,"",2,0,"",3,0,"",3,0,"",3,0,"",3,0,"",3,0,"",3,0,"",3,0,"",3,0,"",3,0,"",3,27781,"",2,20801,"",25,24141,"",35,27661,"",45,3,2,3,0,1,0,21272,"",0,0,0,378,127,-1,0,-1
128,"","char_TYRANTKABUTERIMON","chr128",6,0,2,0,3,1,1,0,0,0,3,0,0,0,"",0,0,0,0,0,1,0,0,0,0,0,0,0,0,0,0,1,0,0,0,0,0,0,0,0,0,0,0,0,0,0,0,0,0,0,0,0,0,0,0,0,0,4,1,99,1302,425,994,799,599,709,870,7,30313,"",1,30263,"",2,0,"",3,0,"",3,0,"",3,0,"",3,0,"",3,0,"",3,0,"",3,0,"",3,0,"",3,0,"",3,23971,"",2,26142,"",25,23691,"",35,32231,"",45,3,2,8,0,1,0,21281,"",123,0,124,386,128,-1,0,-1
129,"","char_DAGOMON","chr129",5,0,2,0,1,3,0,0,0,1,3,0,0,0,"",0,0,0,0,0,1,0,1,1,0,0,1,0,0,0,0,0,0,0,0,0,0,0,0,0,0,0,0,0,0,0,0,0,0,0,0,0,0,0,0,0,0,8,1,99,1313,945,720,488,1239,729,452,4,24311,"",1,0,"",2,0,"",3,0,"",3,0,"",3,0,"",3,0,"",3,0,"",3,0,"",3,0,"",3,0,"",3,0,"",3,27742,"",2,22301,"",20,26051,"",30,27081,"",40,2,2,8,0,1,0,21291,"",154,179,210,282,129,-1,0,-1
130,"","char_COELAMON","chr130",4,0,1,1,0,0,1,3,0,0,0,3,0,0,"",0,0,0,0,0,1,0,0,0,1,0,0,0,0,0,0,0,0,0,0,0,0,0,0,0,0,0,0,0,0,1,0,0,0,0,0,0,0,0,0,0,0,12,1,99,1257,267,343,378,199,273,277,13,22152,"",1,0,"",2,0,"",3,0,"",3,0,"",3,0,"",3,0,"",3,0,"",3,0,"",3,0,"",3,0,"",3,0,"",3,25761,"",2,21352,"",15,20571,"",25,0,"",1,2,2,8,0,1,0,21301,"",0,0,0,122,130,-1,0,-1
132,"","char_MEGASEADRAMON","chr132",5,0,1,0,1,4,0,0,0,3,1,0,0,0,"",0,0,0,0,0,1,0,0,0,0,0,1,0,0,0,0,0,0,0,0,0,0,0,0,0,0,0,0,0,0,0,0,0,0,0,0,0,0,0,0,0,0,14,1,99,987,765,445,738,1157,709,467,4,30263,"",1,0,"",2,0,"",3,0,"",3,0,"",3,0,"",3,0,"",3,0,"",3,0,"",3,0,"",3,0,"",3,0,"",3,27281,"",2,20591,"",20,23791,"",30,26831,"",40,2,2,8,0,1,0,21321,"",163,60,58,260,132,-1,0,-1
133,"","char_WARUSEADRAMON","chr133",5,0,2,0,1,4,0,0,0,0,1,0,0,3,"",0,0,0,0,0,1,0,0,0,0,0,1,0,0,0,0,0,0,0,0,0,0,0,0,0,0,0,0,0,0,0,0,0,0,0,0,0,0,0,0,0,0,16,1,99,1079,871,587,550,1272,470,505,4,27571,"",1,0,"",2,0,"",3,0,"",3,0,"",3,0,"",3,0,"",3,0,"",3,0,"",3,0,"",3,0,"",3,0,"",3,23771,"",2,32021,"",20,27591,"",30,21831,"",40,2,2,8,0,1,0,21331,"",163,60,58,299,133,-1,0,-1
134,"","char_MEGAGROWLMON","chr134",5,0,2,3,0,0,0,1,1,0,0,3,0,0,"",0,0,0,0,0,1,0,1,0,0,0,0,0,0,0,0,0,0,0,0,0,1,0,0,0,0,0,0,0,0,0,0,0,0,0,0,0,0,0,0,0,0,3,1,99,1497,519,977,711,471,494,668,1,25921,"",1,0,"",2,0,"",3,0,"",3,0,"",3,0,"",3,0,"",3,0,"",3,0,"",3,0,"",3,0,"",3,0,"",3,30113,"",2,30213,"",20,20691,"",30,25771,"",40,2,2,3,0,1,0,21341,"",199,88,74,294,134,-1,0,-1
135,"","char_METALGARURUMON","chr135",6,0,1,0,0,0,3,1,0,1,0,3,0,0,"",0,0,0,0,0,1,0,0,0,0,0,0,0,0,1,0,0,0,0,0,0,1,0,0,0,0,0,0,0,0,0,0,0,0,0,0,0,0,0,0,0,0,11,1,99,988,792,1138,597,977,705,1045,7,20021,"",1,21712,"",2,0,"",3,0,"",3,0,"",3,0,"",3,0,"",3,0,"",3,0,"",3,0,"",3,0,"",3,0,"",3,23101,"",2,24192,"",25,26321,"",35,32201,"",45,3,2,3,0,1,0,21351,"",117,113,172,364,135,-1,0,-1
136,"","char_CORONAMON","chr136",3,0,0,0,4,1,1,0,0,0,0,0,3,0,"",0,0,0,0,0,1,0,0,1,0,0,0,0,0,0,0,0,0,0,0,0,0,0,0,0,0,0,0,0,0,0,0,0,0,0,0,0,0,0,0,0,0,3,1,99,578,284,265,152,115,242,201,1,27501,"",1,0,"",2,0,"",3,0,"",3,0,"",3,0,"",3,0,"",3,0,"",3,0,"",3,0,"",3,0,"",3,0,"",3,23382,"",2,21841,"",10,0,"",0,0,"",1,1,1,1,0,1,0,21361,"",224,110,67,24,136,-1,0,-1
137,"","char_FIRAMON","chr137",4,0,0,0,4,1,1,0,0,3,0,0,0,0,"",0,0,0,0,0,1,0,0,1,0,0,0,0,0,0,0,0,0,0,0,0,0,0,0,0,0,0,0,0,0,0,0,0,0,0,0,0,0,0,0,0,0,3,1,99,881,430,349,314,370,179,328,7,24402,"",1,0,"",2,0,"",3,0,"",3,0,"",3,0,"",3,0,"",3,0,"",3,0,"",3,0,"",3,0,"",3,0,"",3,24172,"",2,30133,"",15,31022,"",25,0,"",1,2,2,3,0,1,0,21371,"",224,110,67,100,137,-1,0,-1
138,"","char_FLAREMON","chr138",5,0,0,0,4,1,1,0,0,3,0,0,0,0,"",0,0,0,0,0,1,0,1,1,0,0,0,0,0,0,0,0,0,0,0,0,0,0,0,0,0,0,0,0,0,0,0,0,0,0,0,0,0,0,0,0,0,3,1,99,1319,521,700,907,713,743,457,1,21771,"",1,0,"",2,0,"",3,0,"",3,0,"",3,0,"",3,0,"",3,0,"",3,0,"",3,0,"",3,0,"",3,0,"",3,20191,"",2,22341,"",20,22251,"",30,30212,"",40,2,2,3,0,1,0,21381,"",190,98,57,219,138,-1,0,-1
139,"","char_LIGHDRAMON","chr139",8,0,3,1,0,1,1,1,0,3,3,3,3,0,"",0,0,0,0,0,1,0,0,1,0,0,0,0,0,0,0,0,0,0,0,0,0,0,0,0,0,0,0,0,0,0,0,0,0,0,0,0,0,0,0,0,0,10,1,99,581,600,294,253,341,206,662,7,21991,"",1,0,"",2,0,"",3,0,"",3,0,"",3,0,"",3,0,"",3,0,"",3,0,"",3,0,"",3,0,"",3,0,"",3,21361,"",2,29122,"",20,21691,"",30,30201,"",40,2,2,1,0,1,0,21391,"",48,52,60,186,139,-1,0,-1
140,"","char_WEREGARURUMON","chr140",5,0,0,0,0,3,3,0,1,0,1,0,0,0,"",0,0,0,0,0,1,0,1,1,0,0,0,0,0,0,0,0,0,0,0,0,0,0,0,0,0,0,0,0,0,0,0,0,0,0,0,0,0,0,0,0,0,11,1,99,1415,380,1220,326,402,356,673,7,30182,"",1,0,"",2,0,"",3,0,"",3,0,"",3,0,"",3,0,"",3,0,"",3,0,"",3,0,"",3,0,"",3,0,"",3,24541,"",2,27483,"",20,21141,"",30,20531,"",40,2,2,3,0,1,0,21401,"",154,160,194,229,140,-1,0,-1
141,"","char_HOLSMON","chr141",8,0,3,3,3,0,1,1,3,3,1,1,0,0,"",0,0,0,0,0,1,0,0,1,0,0,0,0,0,0,0,0,0,0,0,0,0,0,0,0,0,0,0,0,0,0,0,0,0,0,0,0,0,0,0,0,0,14,1,99,637,569,340,219,351,478,564,10,26151,"",1,0,"",2,0,"",3,0,"",3,0,"",3,0,"",3,0,"",3,0,"",3,0,"",3,0,"",3,0,"",3,0,"",3,30101,"",2,30192,"",20,23761,"",30,20681,"",40,2,2,1,0,1,0,21411,"",171,77,67,185,141,-1,0,-1
142,"","char_SHURIMON","chr142",8,0,3,1,1,3,1,3,0,1,3,3,0,0,"",0,0,0,0,0,1,0,0,0,0,0,0,0,0,0,0,0,0,0,0,0,0,0,0,0,0,0,0,0,0,0,0,0,0,0,0,0,0,0,0,0,1,10,1,99,657,483,522,194,320,316,650,1,21471,"",1,0,"",2,0,"",3,0,"",3,0,"",3,0,"",3,0,"",3,0,"",3,0,"",3,0,"",3,0,"",3,0,"",3,20572,"",2,30113,"",20,21881,"",30,30193,"",40,2,2,1,0,1,0,21421,"",101,132,68,180,142,-1,0,-1
144,"","char_DIGMON","chr144",8,0,3,3,0,1,1,3,1,3,3,1,0,0,"",0,0,0,0,0,1,0,0,0,0,0,0,0,0,0,0,1,0,0,0,0,0,0,0,0,0,0,0,0,0,0,0,0,0,0,0,0,0,0,0,0,0,12,1,99,753,563,379,423,557,318,355,4,21042,"",1,0,"",2,0,"",3,0,"",3,0,"",3,0,"",3,0,"",3,0,"",3,0,"",3,0,"",3,0,"",3,0,"",3,21792,"",2,34071,"",20,21263,"",30,22332,"",40,2,2,1,0,1,0,21441,"",0,0,0,181,144,-1,0,-1
145,"","char_SABMARIMON","chr145",8,0,3,0,1,3,3,1,0,1,1,3,0,3,"",0,0,0,0,0,1,0,0,0,0,0,1,0,0,0,0,0,0,0,0,0,0,0,0,0,0,0,0,0,0,0,0,0,0,0,0,0,0,0,0,0,0,8,1,99,728,528,558,510,340,109,501,7,32041,"",1,0,"",2,0,"",3,0,"",3,0,"",3,0,"",3,0,"",3,0,"",3,0,"",3,0,"",3,0,"",3,0,"",3,20862,"",2,27384,"",20,30151,"",30,27531,"",40,2,2,1,0,1,0,21451,"",214,214,214,179,145,-1,0,-1
146,"","char_PEGASMON","chr146",8,0,3,0,1,3,3,0,3,1,1,0,3,1,"",0,0,0,0,0,1,0,0,1,0,0,0,0,0,0,0,0,0,1,0,0,0,0,0,0,0,0,0,0,0,0,0,0,0,0,0,0,0,0,0,0,0,15,1,99,747,581,180,274,691,485,337,4,29081,"",1,0,"",2,0,"",3,0,"",3,0,"",3,0,"",3,0,"",3,0,"",3,0,"",3,0,"",3,0,"",3,0,"",3,27342,"",2,25951,"",20,30051,"",30,23121,"",40,2,2,1,0,1,0,21461,"",150,140,49,184,146,-1,0,-1
147,"","char_NEFERTIMON","chr147",8,0,3,0,3,1,0,0,1,1,3,3,3,1,"",0,0,0,0,0,1,0,0,1,0,0,0,0,0,0,0,0,0,1,0,0,0,0,0,0,0,0,0,0,0,0,0,0,0,0,0,0,0,0,0,0,0,15,1,99,791,826,360,416,363,303,364,4,32061,"",1,0,"",2,0,"",3,0,"",3,0,"",3,0,"",3,0,"",3,0,"",3,0,"",3,0,"",3,0,"",3,0,"",3,30233,"",2,24511,"",20,22101,"",30,24041,"",40,2,3,2,0,1,0,21471,"",220,201,108,182,147,-1,0,-1
148,"","char_ANGEWOMON","chr148",5,0,0,0,0,3,0,0,0,0,1,0,3,1,"",0,0,0,0,0,1,0,0,0,0,0,0,0,0,0,0,0,0,0,0,0,0,1,0,0,0,0,0,0,0,0,0,0,0,0,0,0,0,0,0,0,0,7,1,99,865,773,191,545,1522,739,808,4,21701,"",1,0,"",2,0,"",3,0,"",3,0,"",3,0,"",3,0,"",3,0,"",3,0,"",3,0,"",3,0,"",3,0,"",3,20821,"",2,26321,"",20,25751,"",30,23421,"",40,2,3,4,0,1,0,21481,"",214,219,236,203,148,-1,0,-1
149,"","char_OROCHIMON","chr149",5,0,2,1,0,0,0,3,0,0,3,1,0,0,"",0,0,0,0,0,1,0,0,0,0,0,0,0,0,0,0,0,0,0,1,0,0,0,0,1,0,0,0,0,0,0,0,0,0,0,0,0,0,0,0,0,0,3,1,99,1960,842,988,721,449,431,621,1,20201,"",1,0,"",2,0,"",3,0,"",3,0,"",3,0,"",3,0,"",3,0,"",3,0,"",3,0,"",3,0,"",3,0,"",3,25861,"",2,25781,"",20,21942,"",30,30101,"",40,2,2,8,0,1,0,21491,"",76,80,85,270,149,-1,0,-1
150,"","char_CHAOSDUKEMON","chr150",6,0,2,1,0,0,0,0,0,0,0,3,1,3,"",0,0,0,0,0,1,0,0,0,0,0,0,0,0,0,0,0,0,0,1,0,0,0,0,0,0,0,0,0,0,0,0,0,0,1,0,0,0,0,0,0,0,4,1,99,1745,850,1025,790,1129,986,887,1,26141,"",1,26061,"",2,0,"",3,0,"",3,0,"",3,0,"",3,0,"",3,0,"",3,0,"",3,0,"",3,0,"",3,0,"",3,23823,"",2,27343,"",25,21786,"",35,23823,"",45,3,2,3,0,1,0,21501,"",88,88,93,374,150,-1,0,-1
151,"","char_GABUMON","chr151",3,0,1,0,3,0,3,1,1,0,0,0,0,0,"",0,0,0,0,0,1,0,0,0,0,0,0,0,0,0,0,0,0,0,0,0,0,0,0,0,0,0,0,1,0,0,0,0,0,0,0,0,0,0,0,0,0,10,1,99,546,233,193,129,246,109,205,7,32011,"",1,0,"",2,0,"",3,0,"",3,0,"",3,0,"",3,0,"",3,0,"",3,0,"",3,0,"",3,0,"",3,0,"",3,30032,"",2,30242,"",10,0,"",0,0,"",1,1,1,1,0,1,0,21511,"",146,149,173,43,151,-1,0,-1
162,"","char_RANAMON","chr162",10,0,4,0,1,4,0,0,0,2,0,3,0,0,"",0,0,0,0,0,1,0,0,0,0,0,1,0,0,0,0,0,0,0,0,0,0,0,0,0,0,0,0,0,0,0,0,1,0,0,0,0,0,0,0,0,0,15,1,99,613,891,285,368,522,549,447,4,23611,"",1,30233,"",2,0,"",3,0,"",3,0,"",3,0,"",3,0,"",3,0,"",3,0,"",3,0,"",3,0,"",3,0,"",3,26111,"",2,26142,"",20,30082,"",30,26161,"",40,2,1,2,0,1,0,21621,"",0,0,0,189,162,-1,0,-1
163,"","char_CALAMARAMON","chr163",11,0,4,0,1,4,0,0,0,2,0,3,0,0,"",0,0,0,0,0,1,0,0,0,0,0,1,0,0,0,0,0,0,0,0,0,0,0,0,0,0,0,0,0,0,0,0,0,0,0,0,0,0,0,0,0,0,15,1,99,788,690,373,384,410,435,347,16,23061,"",1,26691,"",2,0,"",3,0,"",3,0,"",3,0,"",3,0,"",3,0,"",3,0,"",3,0,"",3,0,"",3,0,"",3,21411,"",2,24041,"",20,23823,"",30,30173,"",40,2,3,4,0,1,0,21631,"",0,0,0,191,163,-1,0,-1
168,"","char_JUPITERMON","chr168",6,0,0,0,0,1,0,0,0,4,0,0,4,2,"",0,1,0,0,0,1,0,1,0,0,0,0,0,0,0,0,0,0,0,0,1,0,0,0,0,0,0,0,0,0,0,0,0,0,0,0,0,0,0,0,0,0,11,1,99,1354,656,1085,842,1039,608,690,1,20701,"",1,25791,"",2,0,"",3,0,"",3,0,"",3,0,"",3,0,"",3,0,"",3,0,"",3,0,"",3,0,"",3,0,"",3,26881,"",2,25641,"",25,24171,"",35,20561,"",45,3,2,3,0,1,0,21682,"",209,182,66,340,168,-1,0,-1
169,"","char_JUPITERMON_WRATHMODE","chr169",7,0,0,0,0,1,0,0,0,4,0,0,4,2,"",0,1,0,0,0,1,0,1,0,0,0,0,0,0,0,0,0,0,0,0,1,0,0,0,0,0,0,0,0,0,0,0,0,0,0,0,0,0,0,0,0,0,11,1,99,1414,1055,1767,704,1191,477,848,1,23761,"",1,27496,"",2,0,"",3,0,"",3,0,"",3,0,"",3,0,"",3,0,"",3,0,"",3,0,"",3,0,"",3,0,"",3,30042,"",2,20881,"",25,25951,"",35,23101,"",45,3,2,3,0,1,0,21691,"",0,0,0,437,169,-1,0,-1
170,"","char_JUNOMON","chr170",6,0,2,0,0,0,0,1,0,3,0,0,4,2,"",0,1,0,0,0,1,0,1,0,0,0,0,0,0,0,0,0,0,0,0,1,0,0,0,0,0,0,0,0,0,0,0,0,0,0,0,0,0,0,0,0,0,14,1,99,936,1254,684,650,858,764,972,4,27571,"",1,30336,"",2,0,"",3,0,"",3,0,"",3,0,"",3,0,"",3,0,"",3,0,"",3,0,"",3,0,"",3,0,"",3,27091,"",2,27161,"",25,27351,"",35,21811,"",45,3,3,4,0,1,0,21701,"",0,0,0,410,170,-1,0,-1
171,"","char_JUNOMON_HYSTERICMODE","chr171",6,0,2,0,0,0,0,1,0,3,0,0,2,4,"",0,1,0,0,0,1,0,1,0,0,0,0,0,0,0,0,0,0,0,0,1,0,0,0,0,0,0,0,0,0,0,0,0,0,0,0,0,0,0,0,0,0,14,1,99,1678,1061,1076,174,1967,334,612,10,24111,"",1,21921,"",2,0,"",3,0,"",3,0,"",3,0,"",3,0,"",3,0,"",3,0,"",3,0,"",3,0,"",3,0,"",3,24511,"",2,27482,"",25,30304,"",35,27722,"",45,3,3,4,0,1,0,21711,"",0,0,0,411,171,-1,0,-1
172,"","char_VENUSMON","chr172",6,0,0,0,1,0,0,3,0,0,0,0,4,2,"",0,1,0,0,0,1,0,1,0,0,0,0,0,0,0,0,0,0,0,0,1,0,0,0,0,0,0,0,0,0,0,0,0,0,0,0,0,0,0,0,0,0,7,1,99,1537,1062,306,542,1587,1047,861,4,30101,"",1,20801,"",2,0,"",3,0,"",3,0,"",3,0,"",3,0,"",3,0,"",3,0,"",3,0,"",3,0,"",3,0,"",3,33041,"",2,26801,"",25,32181,"",35,24081,"",45,3,3,4,0,1,0,21721,"",0,0,0,311,172,-1,0,-1
173,"","char_APOLLOMON","chr173",6,0,0,0,4,1,2,0,0,0,0,0,4,2,"",0,1,0,0,0,1,0,1,0,0,0,0,0,0,0,0,0,0,0,0,1,0,0,0,0,0,0,0,0,0,0,0,0,0,0,0,0,0,0,0,0,0,3,1,99,2013,772,1247,786,621,689,533,1,30252,"",1,30273,"",2,0,"",3,0,"",3,0,"",3,0,"",3,0,"",3,0,"",3,0,"",3,0,"",3,0,"",3,0,"",3,25691,"",2,30103,"",25,30031,"",35,20511,"",45,3,2,3,0,1,0,21731,"",163,66,28,307,173,-1,0,-1
174,"","char_MARSMON","chr174",6,0,0,4,3,1,1,0,0,0,0,0,0,0,"",0,1,0,0,0,1,0,1,0,0,0,0,0,0,0,0,0,0,0,0,1,0,0,0,0,0,0,0,0,0,0,0,0,0,0,0,0,0,0,0,0,0,2,1,99,2171,1114,922,1037,576,618,1031,7,21941,"",1,22281,"",2,0,"",3,0,"",3,0,"",3,0,"",3,0,"",3,0,"",3,0,"",3,0,"",3,0,"",3,0,"",3,27271,"",2,20951,"",25,30333,"",35,31031,"",45,3,2,3,0,1,0,21741,"",208,50,36,339,174,-1,0,-1
176,"","char_CERESMON","chr176",6,0,1,0,1,0,1,4,0,0,4,0,0,0,"",0,1,0,0,0,1,0,1,0,0,0,0,0,0,0,0,0,0,0,0,1,0,0,0,0,0,0,0,0,0,0,0,0,0,0,0,0,0,0,0,0,0,14,1,99,1987,976,701,1185,908,948,711,16,32191,"",1,20391,"",2,21621,"",3,0,"",3,0,"",3,0,"",3,0,"",3,0,"",3,0,"",3,0,"",3,0,"",3,0,"",3,27341,"",2,27322,"",25,27211,"",35,24631,"",45,3,3,4,0,1,0,21761,"",46,73,29,348,176,-1,0,-1
177,"","char_BLUEMERAMON","chr177",5,0,2,0,4,1,3,0,0,1,0,0,0,0,"",0,0,0,0,0,1,0,1,0,0,0,0,0,1,0,0,0,0,0,0,0,0,0,0,0,0,0,0,0,0,0,0,0,0,0,0,0,0,0,0,0,0,2,1,99,970,534,790,496,1028,606,720,4,20941,"",1,0,"",2,0,"",3,0,"",3,0,"",3,0,"",3,0,"",3,0,"",3,0,"",3,0,"",3,0,"",3,0,"",3,32091,"",2,26701,"",20,27011,"",30,24521,"",40,2,2,3,0,1,0,21771,"",86,49,208,288,177,-1,0,-1
178,"","char_VULCANUSMON","chr178",6,0,1,1,3,0,0,0,0,0,1,4,0,0,"",0,1,0,0,0,1,0,1,0,0,0,0,0,0,0,0,0,0,0,0,1,0,0,0,0,0,0,0,0,0,0,0,0,0,0,0,0,0,0,0,0,0,7,1,99,1756,697,749,1164,881,1087,812,13,26991,"",1,26821,"",2,0,"",3,0,"",3,0,"",3,0,"",3,0,"",3,0,"",3,0,"",3,0,"",3,0,"",3,0,"",3,22311,"",2,23961,"",25,20864,"",35,25641,"",45,3,2,3,0,1,0,21781,"",0,0,0,343,178,-1,0,-1
179,"","char_BACCHUSMON","chr179",6,0,2,3,1,0,1,3,1,0,0,0,0,0,"",0,1,0,0,0,1,0,1,0,0,0,0,0,0,0,0,0,0,0,0,1,0,0,0,0,0,0,0,0,0,0,0,0,0,0,0,0,0,0,0,0,0,2,1,99,1463,897,1033,695,909,887,908,1,22411,"",1,27252,"",2,0,"",3,0,"",3,0,"",3,0,"",3,0,"",3,0,"",3,0,"",3,0,"",3,0,"",3,0,"",3,32051,"",2,27352,"",25,24211,"",35,27011,"",45,3,2,3,0,1,0,21791,"",0,0,0,389,179,-1,0,-1
180,"","char_PLUTOMON","chr180",6,0,2,0,0,0,3,0,0,1,0,0,2,4,"",0,0,0,0,0,1,0,1,0,0,0,0,0,0,0,0,0,0,0,0,1,0,0,0,0,0,0,0,0,0,0,0,0,0,0,0,0,0,0,0,0,0,3,1,99,1912,601,1514,667,923,699,893,1,23471,"",1,23081,"",2,0,"",3,0,"",3,0,"",3,0,"",3,0,"",3,0,"",3,0,"",3,0,"",3,0,"",3,0,"",3,21261,"",2,27281,"",25,30063,"",35,30032,"",45,3,2,3,0,1,0,21801,"",127,127,127,397,180,-1,0,-1
181,"","char_MERVAMON","chr181",7,0,2,0,0,0,0,1,0,0,3,3,3,2,"",0,1,0,0,0,1,0,1,0,0,0,0,0,0,0,0,0,0,0,0,1,0,0,0,0,0,0,0,0,0,0,0,0,0,0,0,0,0,0,0,0,0,11,1,99,1449,1005,2169,1032,993,483,1204,10,24311,"",1,30036,"",2,0,"",3,0,"",3,0,"",3,0,"",3,0,"",3,0,"",3,0,"",3,0,"",3,0,"",3,0,"",3,31032,"",2,30053,"",25,25671,"",35,30013,"",45,4,3,4,0,1,0,21812,"",0,0,0,446,181,-1,0,-1
183,"","char_AEGIOMON","chr183aa010101",4,0,0,0,0,1,0,1,0,3,0,0,0,0,"",0,0,0,0,0,1,0,1,0,0,0,0,0,0,0,0,0,0,0,0,1,0,0,0,0,0,0,0,0,0,0,0,0,0,0,0,0,0,0,0,0,0,11,1,99,653,303,433,392,301,294,359,10,21871,"",1,20352,"",2,0,"",3,0,"",3,0,"",3,0,"",3,0,"",3,0,"",3,0,"",3,0,"",3,0,"",3,0,"",3,27002,"",2,21501,"",10,30302,"",20,20311,"",30,2,1,1,0,1,0,21832,"",0,0,0,81,183,-1,0,-1
184,"","char_AEGIOCHUSMON","chr184aa010101",5,0,0,0,0,1,0,1,3,3,0,0,0,0,"",0,0,0,0,0,1,0,1,0,0,0,0,0,0,0,0,0,0,0,0,1,0,0,0,1,0,0,0,0,0,0,0,0,0,0,0,0,0,0,0,0,0,11,1,99,1642,575,1154,539,813,481,1033,1,27031,"",1,20602,"",2,0,"",3,0,"",3,0,"",3,0,"",3,0,"",3,0,"",3,0,"",3,0,"",3,0,"",3,0,"",3,26761,"",2,32021,"",20,24173,"",30,30243,"",40,2,1,1,0,1,0,21841,"",0,0,0,193,184,-1,0,-1
185,"","char_AEGIOCHUSMON_DARK","chr185aa010101",5,0,0,0,0,0,0,0,0,3,1,0,1,3,"",0,0,0,0,0,1,0,1,0,0,0,0,0,0,0,0,0,0,0,1,1,0,0,0,0,0,0,0,0,0,0,0,0,0,0,0,0,0,0,0,0,0,4,1,99,1764,1031,1994,1015,1087,815,1118,1,25101,"",1,27762,"",2,0,"",3,0,"",3,0,"",3,0,"",3,0,"",3,0,"",3,0,"",3,0,"",3,0,"",3,0,"",3,22111,"",2,26791,"",20,23751,"",30,21172,"",40,2,1,1,0,1,0,21851,"",0,0,0,195,185,-1,0,-1
186,"","char_AEGIOCHUSMON_HOLLY","chr186aa010101",5,0,0,0,0,0,0,0,1,3,0,0,3,1,"",0,0,0,0,0,1,0,1,0,0,0,0,0,0,0,0,0,0,0,0,1,0,1,0,0,0,0,0,0,0,0,0,0,0,0,0,0,0,0,0,0,0,11,1,99,1730,1273,613,1244,1412,1643,750,4,27031,"",1,21811,"",2,0,"",3,0,"",3,0,"",3,0,"",3,0,"",3,0,"",3,0,"",3,0,"",3,0,"",3,0,"",3,21941,"",2,21786,"",20,30111,"",30,25641,"",40,2,1,1,0,1,0,21861,"",0,0,0,197,186,-1,0,-1
187,"","char_AEGIOCHUSMON_BLUE","chr187aa010101",5,0,0,0,1,3,3,0,0,1,0,0,0,0,"",0,0,0,0,0,1,0,1,0,0,0,0,0,0,0,0,0,1,0,0,1,1,0,0,0,0,0,0,0,0,0,0,0,0,0,0,0,0,0,0,0,0,10,1,99,2047,646,1823,1374,725,587,461,1,30011,"",1,26091,"",2,0,"",3,0,"",3,0,"",3,0,"",3,0,"",3,0,"",3,0,"",3,0,"",3,0,"",3,0,"",3,21031,"",2,25641,"",20,27343,"",30,20961,"",40,2,1,1,0,1,0,21871,"",0,0,0,196,187,-1,0,-1
188,"","char_AEGIOCHUSMON_GREEN","chr188aa010101",5,0,0,0,1,0,0,3,1,0,3,0,0,0,"",0,0,0,0,0,1,0,1,0,0,0,0,0,0,0,0,0,0,0,0,1,0,0,0,0,0,0,0,0,0,0,0,0,0,0,0,0,0,0,0,0,0,11,1,99,1454,1099,749,628,1188,951,1162,10,27662,"",1,24561,"",2,0,"",3,0,"",3,0,"",3,0,"",3,0,"",3,0,"",3,0,"",3,0,"",3,0,"",3,0,"",3,21502,"",2,30061,"",20,21271,"",30,22142,"",40,2,1,1,0,1,0,21881,"",0,0,0,194,188,-1,0,-1
189,"","char_CERESMON_MEDIUM","chr189",6,0,1,0,2,0,1,4,0,0,4,0,0,0,"",0,1,0,0,0,1,0,1,0,0,0,0,0,0,0,0,0,0,0,0,1,0,0,0,0,0,0,0,0,0,0,0,0,0,0,0,0,0,0,0,0,0,14,1,99,1339,1074,611,733,1306,490,1003,10,20911,"",1,27761,"",2,20692,"",3,0,"",3,0,"",3,0,"",3,0,"",3,0,"",3,0,"",3,0,"",3,0,"",3,0,"",3,20471,"",2,21802,"",25,24172,"",35,30263,"",45,3,3,4,0,1,0,21891,"",0,0,0,349,189,-1,0,-1
190,"","char_RYUDAMON","chr190",3,0,0,3,0,0,0,1,0,0,1,3,0,0,"",0,0,0,0,0,1,0,0,1,0,0,0,0,0,0,0,0,0,0,0,0,0,0,0,0,0,0,0,0,0,0,0,0,0,0,0,0,0,0,0,0,0,2,1,99,654,229,227,247,105,125,188,13,27541,"",1,0,"",2,0,"",3,0,"",3,0,"",3,0,"",3,0,"",3,0,"",3,0,"",3,0,"",3,0,"",3,0,"",3,23471,"",2,26871,"",10,0,"",0,0,"",0,1,1,1,0,1,0,21901,"",208,154,79,38,190,-1,0,-1
191,"","char_GINRYUMON","chr191",4,0,0,3,0,0,0,1,0,0,1,3,0,0,"",0,0,0,0,0,1,0,0,1,0,0,0,0,0,0,0,0,0,0,0,0,0,0,0,1,0,0,0,0,0,0,0,0,0,0,0,0,0,0,0,0,0,2,1,99,693,327,317,310,218,332,373,1,30203,"",1,0,"",2,0,"",3,0,"",3,0,"",3,0,"",3,0,"",3,0,"",3,0,"",3,0,"",3,0,"",3,0,"",3,30023,"",2,23611,"",15,22311,"",25,0,"",0,2,2,3,0,1,0,21911,"",192,135,42,88,191,-1,0,-1
192,"","char_HISYARYUMON","chr192",5,0,0,3,0,0,0,1,0,0,1,3,0,0,"",0,0,0,0,0,1,0,0,1,0,0,0,0,0,0,0,0,0,0,0,0,0,0,0,1,0,0,0,0,0,0,0,0,0,0,0,0,0,0,0,0,0,2,1,99,1492,599,1126,1076,303,463,657,1,27375,"",1,0,"",2,0,"",3,0,"",3,0,"",3,0,"",3,0,"",3,0,"",3,0,"",3,0,"",3,0,"",3,0,"",3,27792,"",2,23411,"",20,21952,"",30,23411,"",40,2,2,3,0,1,0,21921,"",153,43,43,217,192,-1,0,-1
193,"","char_OURYUMON","chr193",6,0,0,3,0,0,0,1,0,0,1,3,0,0,"",0,0,0,0,0,1,0,0,1,0,0,0,0,0,0,0,0,0,0,0,0,0,0,0,1,0,0,0,0,0,0,0,0,0,0,0,0,0,0,0,0,0,2,1,99,1452,820,1039,1002,391,808,540,1,27021,"",1,23691,"",2,0,"",3,0,"",3,0,"",3,0,"",3,0,"",3,0,"",3,0,"",3,0,"",3,0,"",3,0,"",3,30153,"",2,20761,"",25,22371,"",35,21172,"",45,3,2,3,0,1,0,21931,"",215,188,118,313,193,-1,0,-1
194,"","char_GUNDRAMON","chr194",6,0,2,0,3,1,0,0,0,1,0,3,0,0,"",0,0,0,0,0,1,0,0,0,0,0,0,0,0,0,0,0,0,0,0,0,1,0,0,0,0,0,0,0,0,0,0,0,0,0,0,0,0,0,0,0,0,4,1,99,1928,785,1354,990,761,736,612,1,20811,"",1,30203,"",2,0,"",3,0,"",3,0,"",3,0,"",3,0,"",3,0,"",3,0,"",3,0,"",3,0,"",3,0,"",3,21791,"",2,30271,"",25,24341,"",35,23691,"",45,3,2,7,0,1,0,21941,"",90,95,103,377,194,-1,0,-1
195,"","char_BEELSTARMON","chr195",6,0,2,0,0,0,0,0,1,0,3,0,1,3,"",0,0,0,0,0,1,0,1,0,0,0,0,0,0,0,0,0,0,0,1,0,0,0,0,0,0,0,0,0,0,0,0,0,0,0,0,0,0,0,0,0,0,3,1,99,1371,1178,1224,686,1026,694,812,4,20491,"",1,24351,"",2,0,"",3,0,"",3,0,"",3,0,"",3,0,"",3,0,"",3,0,"",3,0,"",3,0,"",3,0,"",3,26311,"",2,30036,"",25,24111,"",35,30203,"",45,3,3,4,0,1,0,21951,"",0,0,0,400,195,-1,0,-1
196,"","char_PUKUMON","chr196",6,0,2,0,0,3,0,1,0,1,0,3,0,0,"",0,0,0,0,0,1,0,0,0,0,0,0,0,0,0,0,0,0,0,0,0,0,0,0,0,0,0,0,0,0,0,0,0,0,0,0,0,0,0,0,0,1,12,1,99,1274,1119,858,1241,557,476,574,1,30113,"",1,0,"",2,0,"",3,0,"",3,0,"",3,0,"",3,0,"",3,0,"",3,0,"",3,0,"",3,0,"",3,0,"",3,21301,"",2,27431,"",25,21871,"",35,20171,"",45,3,1,1,0,1,0,21961,"",131,126,124,395,196,-1,0,-1
197,"","char_CROSSMON","chr197",6,0,0,0,3,0,1,0,0,0,1,3,0,0,"",0,0,0,0,0,0,1,0,0,0,0,0,0,0,0,0,0,0,0,0,0,0,0,0,0,0,1,0,0,0,0,0,0,0,0,0,0,0,0,0,0,0,15,1,99,1714,878,447,859,703,1006,879,16,21381,"",1,24891,"",2,0,"",3,0,"",3,0,"",3,0,"",3,0,"",3,0,"",3,0,"",3,0,"",3,0,"",3,0,"",3,21511,"",2,30122,"",25,24511,"",35,21842,"",45,3,2,3,0,1,0,21971,"",204,184,73,317,197,-1,0,-1
198,"","char_LOCOMON","chr198",5,0,1,1,3,0,1,0,0,0,0,3,0,0,"",0,0,0,0,0,1,0,0,0,0,0,0,0,0,0,0,0,0,0,0,0,1,0,0,0,0,0,0,0,0,0,0,0,0,0,0,0,0,0,0,0,0,10,1,99,911,575,771,846,702,951,590,13,30241,"",1,0,"",2,0,"",3,0,"",3,0,"",3,0,"",3,0,"",3,0,"",3,0,"",3,0,"",3,0,"",3,0,"",3,27252,"",2,27731,"",20,21271,"",30,21881,"",40,2,2,7,0,1,0,21981,"",0,0,0,264,198,-1,0,-1
199,"","char_ARCHNEMON","chr199",5,0,2,0,1,0,0,3,1,0,3,0,0,0,"",0,0,0,0,0,1,0,0,1,0,0,0,0,0,0,0,0,0,0,1,0,0,0,0,0,0,0,0,0,0,0,0,0,0,0,0,0,0,0,0,0,0,11,1,99,923,850,1249,346,651,490,573,1,27033,"",1,0,"",2,0,"",3,0,"",3,0,"",3,0,"",3,0,"",3,0,"",3,0,"",3,0,"",3,0,"",3,0,"",3,23462,"",2,23731,"",20,26781,"",30,27442,"",40,2,3,4,0,1,0,21991,"",171,35,38,266,199,-1,0,-1
208,"","char_DRACOMON","chr208",3,0,1,0,3,1,0,1,0,3,0,0,0,0,"",0,0,0,0,0,1,0,0,0,0,0,0,0,0,0,0,0,0,0,0,0,0,0,0,1,0,0,0,0,0,0,0,0,0,0,0,0,0,0,0,0,0,4,1,99,478,297,458,155,90,102,201,7,26032,"",1,0,"",2,0,"",3,0,"",3,0,"",3,0,"",3,0,"",3,0,"",3,0,"",3,0,"",3,0,"",3,0,"",3,27541,"",2,30092,"",10,0,"",0,0,"",0,1,1,1,0,1,0,22081,"",0,0,0,49,208,-1,0,-1
209,"","char_COREDRAMON_GR","chr209",4,0,2,0,3,0,1,3,0,0,0,1,0,0,"",0,0,0,0,0,1,0,0,0,0,0,0,0,0,0,0,0,0,0,0,0,0,0,0,1,0,0,0,0,0,0,0,0,0,0,0,0,0,0,0,0,0,4,1,99,1098,190,388,229,161,185,376,1,25691,"",1,0,"",2,0,"",3,0,"",3,0,"",3,0,"",3,0,"",3,0,"",3,0,"",3,0,"",3,0,"",3,0,"",3,22231,"",2,24173,"",15,27101,"",25,0,"",0,2,2,3,0,1,0,22091,"",75,104,46,149,209,-1,0,-1
210,"","char_WINGDRAMON","chr210",5,0,0,0,3,0,0,0,3,0,1,1,0,0,"",0,0,0,0,0,1,0,0,0,0,0,0,0,0,0,0,0,0,0,0,0,0,0,0,1,0,0,0,0,0,0,0,0,0,0,0,0,0,0,0,0,0,3,1,99,1443,370,953,417,484,631,770,7,20741,"",1,0,"",2,0,"",3,0,"",3,0,"",3,0,"",3,0,"",3,0,"",3,0,"",3,0,"",3,0,"",3,0,"",3,30051,"",2,26162,"",20,30282,"",30,27432,"",40,2,2,3,0,1,0,22101,"",99,128,181,200,210,-1,0,-1
211,"","char_GROUNDRAMON","chr211",5,0,2,0,0,0,1,3,1,0,3,0,0,0,"",0,0,0,0,0,1,0,0,0,0,0,0,0,0,0,0,0,0,0,0,0,0,0,0,1,0,0,0,0,0,0,0,0,0,0,0,0,0,0,0,0,0,4,1,99,1726,619,1314,866,295,548,610,1,24242,"",1,0,"",2,0,"",3,0,"",3,0,"",3,0,"",3,0,"",3,0,"",3,0,"",3,0,"",3,0,"",3,0,"",3,27701,"",2,21842,"",20,21712,"",30,20531,"",40,2,2,8,0,1,0,22111,"",45,61,47,274,211,-1,0,-1
213,"","char_SLAYERDRAMON","chr213",6,0,0,3,0,1,0,0,0,1,0,3,0,0,"",0,0,0,0,0,1,0,1,0,0,0,0,0,0,0,0,0,0,0,0,0,0,0,0,1,0,0,0,0,0,0,0,0,0,0,0,0,0,0,0,0,0,3,1,99,1908,1152,1260,856,1047,564,1105,1,32131,"",1,20511,"",2,21682,"",3,0,"",3,0,"",3,0,"",3,0,"",3,0,"",3,0,"",3,0,"",3,0,"",3,0,"",3,21931,"",2,24091,"",25,30193,"",35,22353,"",45,3,2,3,0,1,0,22131,"",168,164,202,327,213,-1,0,-1
214,"","char_BREAKDRAMON","chr214",6,0,2,0,0,0,0,1,0,1,3,3,0,0,"",0,0,0,0,0,1,0,0,0,0,0,0,0,0,0,0,0,0,0,0,0,1,0,0,1,0,0,0,0,0,0,0,0,0,0,0,0,0,0,0,0,0,4,1,99,2802,418,1344,787,556,803,522,1,24652,"",1,23891,"",2,0,"",3,0,"",3,0,"",3,0,"",3,0,"",3,0,"",3,0,"",3,0,"",3,0,"",3,0,"",3,21261,"",2,23051,"",25,30221,"",35,24031,"",45,3,2,8,0,1,0,22141,"",186,191,100,398,214,-1,0,-1
215,"","char_EXAMON","chr215",7,0,1,0,0,0,0,1,3,0,0,0,0,0,"",1,0,0,0,0,1,0,0,0,0,0,0,0,0,0,0,0,0,1,0,0,0,0,0,0,0,0,0,0,0,0,0,0,0,1,0,0,0,0,0,0,0,4,1,99,2482,1377,1663,901,1305,666,1383,1,24192,"",1,27542,"",2,0,"",3,0,"",3,0,"",3,0,"",3,0,"",3,0,"",3,0,"",3,0,"",3,0,"",3,0,"",3,27281,"",2,20411,"",25,21031,"",35,24192,"",45,4,2,8,0,1,0,22151,"",180,73,82,439,215,-1,0,-1
217,"","char_DARKSUPERSTARMON","chr217",5,0,2,1,0,0,0,0,0,0,0,3,1,3,"",0,0,0,0,0,1,0,0,0,0,0,0,0,0,0,0,0,0,0,0,0,0,0,0,0,0,0,0,0,0,0,0,0,0,0,0,0,0,0,0,0,1,11,1,99,1191,638,838,729,815,579,548,1,21972,"",1,0,"",2,0,"",3,0,"",3,0,"",3,0,"",3,0,"",3,0,"",3,0,"",3,0,"",3,0,"",3,0,"",3,22133,"",2,30291,"",20,30093,"",30,32081,"",40,2,2,3,0,1,0,22171,"",0,0,0,281,217,-1,0,-1
218,"","char_COREDRAMON_BL","chr218",4,0,0,0,3,0,3,0,1,0,0,1,0,0,"",0,0,0,0,0,1,0,0,0,0,0,0,0,0,0,0,0,0,0,0,0,0,0,0,1,0,0,0,0,0,0,0,0,0,0,0,0,0,0,0,0,0,3,1,99,1125,380,429,245,170,230,255,1,20871,"",1,0,"",2,0,"",3,0,"",3,0,"",3,0,"",3,0,"",3,0,"",3,0,"",3,0,"",3,0,"",3,0,"",3,22291,"",2,20801,"",15,20921,"",25,0,"",0,2,2,3,0,1,0,22181,"",113,120,158,91,218,-1,0,-1
219,"","char_KOTEMON","chr219",3,0,1,0,3,1,0,0,0,3,1,0,0,0,"",0,0,0,0,0,1,0,0,0,0,0,0,0,0,0,0,0,0,0,0,0,0,0,0,0,0,0,0,1,0,0,0,0,0,0,0,0,0,0,0,0,0,12,1,99,626,239,193,301,204,222,152,1,25861,"",1,0,"",2,0,"",3,0,"",3,0,"",3,0,"",3,0,"",3,0,"",3,0,"",3,0,"",3,0,"",3,0,"",3,26781,"",2,29211,"",10,0,"",0,0,"",0,1,1,1,0,1,0,22191,"",50,45,69,47,219,-1,0,-1
220,"","char_MUSYAMON","chr220",4,0,2,0,1,3,0,0,1,0,3,0,0,0,"",0,0,0,0,0,1,0,1,0,0,0,0,0,0,0,0,0,0,0,1,0,0,0,0,0,0,0,0,0,0,0,0,0,0,0,0,0,0,0,0,0,0,4,1,99,677,376,329,262,234,309,210,1,21381,"",1,0,"",2,0,"",3,0,"",3,0,"",3,0,"",3,0,"",3,0,"",3,0,"",3,0,"",3,0,"",3,0,"",3,21991,"",2,26991,"",15,30103,"",25,0,"",0,2,2,3,0,1,0,22201,"",190,72,39,169,220,-1,0,-1
222,"","char_DOBERMON","chr222",4,0,0,0,1,0,0,0,3,0,3,1,0,0,"",0,0,0,0,0,1,0,0,1,0,0,0,0,0,0,0,0,0,0,1,0,0,0,0,0,0,0,0,0,0,0,0,0,0,0,0,0,0,0,0,0,0,10,1,99,521,332,356,268,306,161,486,7,27391,"",1,0,"",2,0,"",3,0,"",3,0,"",3,0,"",3,0,"",3,0,"",3,0,"",3,0,"",3,0,"",3,0,"",3,26131,"",2,24172,"",15,21861,"",25,0,"",0,2,2,3,0,1,0,22221,"",49,60,63,98,222,-1,0,-1
223,"","char_CERBERUMON","chr223",5,0,0,0,3,0,1,0,1,0,3,0,0,3,"",0,0,0,0,0,1,0,0,1,0,0,0,0,0,0,0,0,0,0,1,0,0,0,0,0,0,0,0,0,0,0,0,0,0,0,0,0,0,0,0,0,0,10,1,99,1417,788,1110,581,612,450,760,1,22101,"",1,20401,"",2,0,"",3,0,"",3,0,"",3,0,"",3,0,"",3,0,"",3,0,"",3,0,"",3,0,"",3,0,"",3,23801,"",2,27494,"",20,26751,"",30,30222,"",40,2,2,3,0,1,0,22231,"",68,62,69,208,223,-1,0,-1
224,"","char_CERBERUMON_WEREWOLFMODE","chr224",5,0,0,0,3,0,1,0,1,0,3,0,0,3,"",0,0,0,0,0,1,0,1,0,0,0,0,0,0,0,0,0,0,0,1,0,0,0,0,0,0,0,0,0,0,0,0,0,0,0,0,0,0,0,0,0,0,10,1,99,1452,469,816,462,972,419,504,4,27741,"",1,31011,"",2,0,"",3,0,"",3,0,"",3,0,"",3,0,"",3,0,"",3,0,"",3,0,"",3,0,"",3,0,"",3,26142,"",2,31021,"",20,23481,"",30,20061,"",40,2,2,3,0,1,0,22241,"",60,59,59,209,224,-1,0,-1
225,"","char_ZANBAMON","chr225",6,0,2,0,0,3,3,1,0,1,0,0,0,0,"",0,0,0,0,0,1,0,1,0,0,0,0,0,0,0,0,0,0,0,1,0,0,0,0,0,0,0,0,0,0,0,0,0,0,0,0,0,0,0,0,0,0,4,1,99,1433,507,1294,807,425,654,861,1,30242,"",1,20691,"",2,0,"",3,0,"",3,0,"",3,0,"",3,0,"",3,0,"",3,0,"",3,0,"",3,0,"",3,0,"",3,27383,"",2,30292,"",25,27471,"",35,30241,"",45,3,2,3,0,1,0,22251,"",204,211,122,381,225,-1,0,-1
226,"","char_MUMMYMON","chr226",5,0,2,3,2,0,0,0,0,0,3,0,1,3,"",0,0,0,0,0,1,0,0,0,0,0,0,0,0,0,0,0,0,0,0,0,0,0,0,0,0,0,0,0,0,0,0,0,0,0,0,0,0,1,0,0,0,4,1,99,821,1022,335,605,1115,1047,427,4,30141,"",1,0,"",2,0,"",3,0,"",3,0,"",3,0,"",3,0,"",3,0,"",3,0,"",3,0,"",3,0,"",3,0,"",3,24652,"",2,25141,"",20,27011,"",30,27352,"",40,2,2,3,0,1,0,22261,"",199,196,186,291,226,-1,0,-1
227,"","char_PHARAOHMON","chr227",6,0,2,0,0,0,3,0,0,1,0,0,1,3,"",0,0,0,0,0,1,0,1,0,0,0,0,0,0,0,0,0,0,0,1,0,0,0,0,0,0,0,0,0,0,0,0,0,0,0,0,0,0,0,0,0,0,4,1,99,1491,1029,259,315,1163,1059,505,4,27494,"",1,0,"",2,0,"",3,0,"",3,0,"",3,0,"",3,0,"",3,0,"",3,0,"",3,0,"",3,0,"",3,0,"",3,25841,"",2,30252,"",25,21161,"",35,30152,"",45,3,4,5,0,1,0,22271,"",0,0,0,394,227,-1,0,-1
228,"","char_DELTAMON","chr228",4,0,2,1,0,1,0,0,0,0,3,3,0,0,"",0,0,0,0,0,1,0,0,0,0,0,0,0,0,0,0,0,0,0,0,0,0,0,0,0,0,0,0,0,0,0,0,0,0,0,0,0,0,0,0,0,1,11,1,99,1148,248,448,563,179,138,294,13,27342,"",1,0,"",2,0,"",3,0,"",3,0,"",3,0,"",3,0,"",3,0,"",3,0,"",3,0,"",3,0,"",3,0,"",3,24791,"",2,20461,"",15,26001,"",25,0,"",1,2,2,8,0,1,0,22281,"",29,38,106,157,228,-1,0,-1
229,"","char_CHIMAIRAMON","chr229",5,0,1,1,3,0,1,0,3,1,1,3,0,3,"",0,0,0,0,0,1,0,0,0,0,0,0,0,0,0,0,0,0,0,0,0,0,0,0,0,0,0,0,0,0,0,0,0,0,0,0,0,0,0,0,0,1,11,1,99,2047,347,878,626,384,334,359,1,20341,"",1,0,"",2,0,"",3,0,"",3,0,"",3,0,"",3,0,"",3,0,"",3,0,"",3,0,"",3,0,"",3,0,"",3,27383,"",2,29081,"",20,30272,"",30,30185,"",40,2,2,8,0,1,0,22291,"",29,38,106,235,229,-1,0,-1
230,"","char_MILLENNIUMON","chr230",6,0,2,3,0,0,0,0,0,1,0,0,1,3,"",0,0,0,0,0,1,0,0,0,0,0,0,0,0,0,0,0,0,0,0,0,0,0,0,0,0,0,0,0,0,0,0,0,0,0,0,0,0,0,0,0,1,11,1,99,1553,979,1603,707,435,444,824,7,27071,"",1,0,"",2,0,"",3,0,"",3,0,"",3,0,"",3,0,"",3,0,"",3,0,"",3,0,"",3,0,"",3,0,"",3,22411,"",2,26161,"",25,31061,"",35,26991,"",45,3,2,8,0,1,0,22301,"",29,38,106,405,230,-1,0,-1
231,"","char_BAKUMON","chr231",3,0,0,0,1,0,0,0,1,3,0,0,3,0,"",0,0,0,0,0,1,0,0,1,0,0,0,0,0,0,0,0,0,1,0,0,0,0,0,0,0,0,0,0,0,0,0,0,0,0,0,0,0,0,0,0,0,7,1,99,737,470,132,154,183,130,160,4,20951,"",1,0,"",2,0,"",3,0,"",3,0,"",3,0,"",3,0,"",3,0,"",3,0,"",3,0,"",3,0,"",3,0,"",3,26231,"",2,22091,"",10,0,"",0,0,"",1,1,1,1,0,1,0,22311,"",50,45,69,30,231,-1,0,-1
232,"","char_SIRENMON","chr232",5,0,1,3,0,0,0,1,3,0,1,0,0,0,"",0,0,0,0,0,1,0,1,0,0,0,0,0,0,0,0,0,0,0,0,1,0,0,0,0,0,0,0,0,0,0,0,0,0,0,0,0,0,0,0,0,0,14,1,99,1149,761,267,493,1590,739,854,4,20601,"",1,27051,"",2,30323,"",3,0,"",3,0,"",3,0,"",3,0,"",3,0,"",3,0,"",3,0,"",3,0,"",3,0,"",3,24001,"",2,26971,"",20,24111,"",30,25691,"",40,2,3,2,0,1,0,22321,"",0,0,0,241,232,-1,0,-1
233,"","char_BELIALVAMDEMON","chr233",6,0,2,0,3,0,1,0,0,0,0,0,1,3,"",0,0,0,0,0,1,0,0,0,0,0,0,0,0,0,0,0,0,0,1,0,0,0,0,0,0,0,0,0,0,0,0,0,0,0,0,0,0,0,0,0,0,15,1,99,1985,825,1158,534,1238,700,627,4,24511,"",1,20701,"",2,0,"",3,0,"",3,0,"",3,0,"",3,0,"",3,0,"",3,0,"",3,0,"",3,0,"",3,0,"",3,23891,"",2,32011,"",25,23991,"",35,21321,"",45,3,2,3,0,1,0,22331,"",92,72,107,399,233,-1,0,-1
234,"","char_BEARMON","chr234",3,0,0,0,1,0,1,3,0,0,3,0,0,0,"",0,0,0,0,0,1,0,0,1,0,0,0,0,0,0,0,0,0,0,0,0,0,0,0,0,0,0,0,0,0,0,0,0,0,0,0,0,0,0,0,0,0,4,1,99,425,149,304,216,134,142,200,1,21781,"",1,0,"",2,0,"",3,0,"",3,0,"",3,0,"",3,0,"",3,0,"",3,0,"",3,0,"",3,0,"",3,0,"",3,30061,"",2,22231,"",10,0,"",0,0,"",0,1,1,1,0,1,0,22341,"",96,103,153,35,234,-1,0,-1
235,"","char_GRYZMON","chr235",4,0,0,0,1,0,1,3,0,0,3,0,0,0,"",0,0,0,0,0,1,0,0,1,0,0,0,0,0,0,0,0,0,0,0,0,0,0,0,0,0,0,0,0,0,0,0,0,0,0,0,0,0,0,0,0,0,4,1,99,1055,300,272,351,371,354,218,13,23382,"",1,0,"",2,0,"",3,0,"",3,0,"",3,0,"",3,0,"",3,0,"",3,0,"",3,0,"",3,0,"",3,0,"",3,20931,"",2,23021,"",15,23871,"",25,0,"",0,2,2,3,0,1,0,22351,"",89,80,156,89,235,-1,0,-1
237,"","char_ASTAMON","chr237",5,0,2,0,0,0,0,1,3,0,0,0,1,3,"",0,0,0,0,0,1,0,1,0,0,0,0,0,0,0,0,0,0,0,1,0,0,0,0,0,0,0,0,0,0,0,0,0,0,0,0,0,0,0,0,0,0,2,1,99,1140,728,981,507,635,562,712,1,32101,"",1,0,"",2,0,"",3,0,"",3,0,"",3,0,"",3,0,"",3,0,"",3,0,"",3,0,"",3,0,"",3,0,"",3,25781,"",2,20741,"",20,21731,"",30,20681,"",40,2,2,3,0,1,0,22371,"",93,85,80,265,237,-1,0,-1
239,"","char_SKULLBALUCHIMON","chr239",5,0,1,0,1,0,0,0,0,0,0,3,1,3,"",0,0,0,0,0,1,0,0,0,0,0,0,0,0,0,0,0,0,0,0,0,0,0,0,0,0,0,0,0,0,0,0,0,0,0,0,0,0,1,0,0,0,10,1,99,865,384,1084,830,442,635,656,1,26971,"",1,0,"",2,0,"",3,0,"",3,0,"",3,0,"",3,0,"",3,0,"",3,0,"",3,0,"",3,0,"",3,0,"",3,20191,"",2,32081,"",20,32031,"",30,21291,"",40,2,2,8,0,1,0,22391,"",89,128,165,239,239,-1,0,-1
240,"","char_OCTMON","chr240",4,0,2,3,1,3,0,0,0,2,0,0,0,0,"",0,0,0,0,0,1,0,0,0,0,0,0,0,0,0,0,0,0,0,0,0,0,0,0,0,0,0,0,0,0,0,0,0,0,0,0,1,0,0,0,0,0,3,1,99,524,414,287,322,294,438,253,4,24911,"",1,0,"",2,0,"",3,0,"",3,0,"",3,0,"",3,0,"",3,0,"",3,0,"",3,0,"",3,0,"",3,0,"",3,26172,"",2,22111,"",15,30301,"",25,0,"",1,2,1,1,0,1,0,22401,"",145,53,43,142,240,-1,0,-1
241,"","char_CHOROMON","chr241",1,0,6,0,0,1,1,3,0,3,1,0,0,3,"",0,0,0,0,1,0,0,0,0,0,0,0,0,0,0,0,0,0,0,0,0,1,0,0,0,0,0,0,0,0,0,0,0,0,0,0,0,0,0,0,0,0,11,1,99,366,207,79,81,220,118,141,10,24512,"",1,0,"",2,0,"",3,0,"",3,0,"",3,0,"",3,0,"",3,0,"",3,0,"",3,0,"",3,0,"",3,0,"",3,0,"",1,0,"",1,0,"",1,0,"",1,1,1,7,0,1,0,22411,"",0,0,0,2,241,-1,0,-1
242,"","char_CAPROMON","chr242",2,0,6,1,1,0,0,0,3,3,1,3,0,0,"",0,0,0,0,1,0,0,0,0,0,0,0,0,0,0,0,0,0,0,0,0,0,0,0,0,0,0,0,0,0,0,0,0,0,0,0,0,0,0,0,0,0,11,1,99,264,210,68,138,123,113,120,16,22101,"",1,0,"",2,0,"",3,0,"",3,0,"",3,0,"",3,0,"",3,0,"",3,0,"",3,0,"",3,0,"",3,0,"",3,23641,"",5,0,"",1,0,"",1,0,"",1,1,1,2,0,1,0,22421,"",0,0,0,8,242,-1,0,-1
301,"","char_MEGADRAMON","chr301",5,0,2,0,3,0,0,0,0,1,3,1,0,0,"",0,0,0,0,0,1,0,0,0,0,0,0,0,0,0,0,0,0,0,0,0,1,0,0,1,0,0,0,0,0,0,0,0,0,0,0,0,0,0,0,0,0,4,1,99,1035,354,694,797,415,733,663,1,30161,"",1,0,"",2,0,"",3,0,"",3,0,"",3,0,"",3,0,"",3,0,"",3,0,"",3,0,"",3,0,"",3,0,"",3,30203,"",2,23101,"",20,20911,"",30,20461,"",40,2,2,8,0,1,0,23011,"",181,103,65,293,301,-1,0,-1
302,"","char_METALGREYMON","chr302",5,0,0,0,3,0,1,0,0,2,3,3,0,0,"",0,0,0,0,0,1,0,0,0,0,0,0,0,0,1,0,0,0,0,0,0,1,0,0,0,0,0,0,0,0,0,0,0,0,0,0,0,0,0,0,0,0,3,1,99,1694,373,958,822,431,404,611,1,27671,"",1,0,"",2,0,"",3,0,"",3,0,"",3,0,"",3,0,"",3,0,"",3,0,"",3,0,"",3,0,"",3,0,"",3,30203,"",2,26061,"",20,20541,"",30,27501,"",40,2,2,3,0,1,0,23021,"",211,134,73,223,302,-1,0,-1
303,"","char_TENTOMON","chr303",3,0,0,0,1,0,0,3,1,0,3,0,0,0,"",0,0,0,0,0,1,0,0,0,0,0,0,0,0,0,0,1,0,0,0,0,0,0,0,0,0,0,0,0,0,0,0,0,0,0,0,0,0,0,0,0,0,16,1,99,330,321,172,221,214,234,195,4,23611,"",1,0,"",2,0,"",3,0,"",3,0,"",3,0,"",3,0,"",3,0,"",3,0,"",3,0,"",3,0,"",3,0,"",3,34071,"",2,30214,"",10,0,"",0,0,"",1,1,1,1,0,1,0,23031,"",199,62,86,28,303,-1,0,-1
304,"","char_KABUTERIMON","chr304",4,0,0,0,0,0,3,0,0,1,1,3,0,0,"",0,0,0,0,0,1,0,0,0,0,0,0,0,0,0,0,1,0,0,0,0,0,0,0,0,0,0,0,0,0,0,0,0,0,0,0,0,0,0,0,0,0,16,1,99,693,344,332,264,365,405,215,16,20361,"",1,0,"",2,0,"",3,0,"",3,0,"",3,0,"",3,0,"",3,0,"",3,0,"",3,0,"",3,0,"",3,0,"",3,24141,"",2,23951,"",15,20421,"",25,0,"",1,2,2,3,0,1,0,23041,"",83,95,141,85,304,-1,0,-1
305,"","char_ATLURKABUTERIMON","chr305",5,0,0,0,0,0,3,0,0,1,1,3,0,0,"",0,0,0,0,0,1,0,0,0,0,0,0,0,0,0,0,1,0,0,0,0,0,0,0,0,0,0,0,0,0,0,0,0,0,0,0,0,0,0,0,0,0,16,1,99,1345,653,349,1037,514,547,379,13,30222,"",1,0,"",2,0,"",3,0,"",3,0,"",3,0,"",3,0,"",3,0,"",3,0,"",3,0,"",3,0,"",3,0,"",3,26111,"",2,23071,"",20,32161,"",30,20881,"",40,2,2,3,0,1,0,23051,"",144,62,62,198,305,-1,0,-1
306,"","char_HERCULESKABUTERIMON","chr306",6,0,0,3,1,0,0,0,3,1,0,0,0,0,"",0,0,0,0,0,1,0,0,0,0,0,0,0,0,0,0,1,0,0,0,0,0,0,0,0,0,0,0,0,0,0,0,0,0,0,0,0,0,0,0,0,0,16,1,99,1776,891,502,945,1080,1068,742,13,23721,"",1,0,"",2,0,"",3,0,"",3,0,"",3,0,"",3,0,"",3,0,"",3,0,"",3,0,"",3,0,"",3,0,"",3,30012,"",2,26311,"",25,30302,"",35,30223,"",45,3,2,3,0,1,0,23061,"",166,164,107,334,306,-1,0,-1
307,"","char_PIYOMON","chr307",3,0,0,0,3,0,0,3,1,0,1,0,0,0,"",0,0,0,0,1,0,0,0,0,0,0,0,0,0,0,0,0,0,0,0,0,0,0,0,0,0,1,0,0,0,0,0,0,0,0,0,0,0,0,0,0,0,7,1,99,482,401,257,141,291,142,172,4,30093,"",1,0,"",2,0,"",3,0,"",3,0,"",3,0,"",3,0,"",3,0,"",3,0,"",3,0,"",3,0,"",3,0,"",3,20481,"",2,24341,"",10,0,"",0,0,"",1,1,3,2,0,1,0,23071,"",248,169,199,32,307,-1,0,-1
308,"","char_BIRDRAMON","chr308",4,0,0,0,3,1,1,0,3,0,0,0,0,0,"",0,0,0,0,0,0,1,0,0,0,0,0,0,0,0,0,0,0,0,0,0,0,0,0,0,0,1,0,0,0,0,0,0,0,0,0,0,0,0,0,0,0,7,1,99,760,386,188,135,359,270,386,4,21281,"",1,0,"",2,0,"",3,0,"",3,0,"",3,0,"",3,0,"",3,0,"",3,0,"",3,0,"",3,0,"",3,0,"",3,22231,"",2,24502,"",15,24841,"",25,0,"",1,2,2,3,0,1,0,23081,"",241,100,46,99,308,-1,0,-1
309,"","char_GARUDAMON","chr309",5,0,0,0,0,0,0,1,3,0,3,1,0,0,"",0,0,0,0,0,1,0,1,0,0,0,0,0,0,0,0,0,0,0,0,0,0,0,0,0,0,1,0,0,0,0,0,0,0,0,0,0,0,0,0,0,0,7,1,99,1133,854,561,452,1112,490,648,4,21052,"",1,0,"",2,0,"",3,0,"",3,0,"",3,0,"",3,0,"",3,0,"",3,0,"",3,0,"",3,0,"",3,0,"",3,21321,"",2,20581,"",20,23823,"",30,20121,"",40,2,2,3,0,1,0,23091,"",181,77,45,204,309,-1,0,-1
310,"","char_HOUOUMON","chr310",6,0,0,0,3,1,0,0,0,0,0,0,3,1,"",0,0,0,0,0,1,0,0,1,0,0,0,0,0,0,0,0,0,1,0,0,0,0,0,0,0,0,0,0,0,0,0,0,0,0,0,0,0,0,0,0,0,7,1,99,2060,1342,292,592,1010,593,1103,4,23911,"",1,0,"",2,0,"",3,0,"",3,0,"",3,0,"",3,0,"",3,0,"",3,0,"",3,0,"",3,0,"",3,0,"",3,26142,"",2,21261,"",25,26871,"",35,23991,"",45,3,2,3,0,1,0,23101,"",229,208,81,335,310,-1,0,-1
311,"","char_ETEMON","chr311",5,0,2,0,1,0,3,1,0,0,3,0,0,0,"",0,0,0,0,0,1,0,1,0,0,0,0,0,0,0,0,0,0,0,0,0,0,0,0,0,0,0,0,0,0,0,0,0,0,0,0,0,0,0,0,1,0,12,1,99,1271,958,615,506,622,841,835,4,23152,"",1,0,"",2,0,"",3,0,"",3,0,"",3,0,"",3,0,"",3,0,"",3,0,"",3,0,"",3,0,"",3,0,"",3,22141,"",2,30141,"",20,27411,"",30,23941,"",40,2,2,3,0,1,0,23111,"",239,140,77,268,311,-1,0,-1
312,"","char_METALETEMON","chr312",6,0,2,3,0,0,1,0,0,2,3,3,0,0,"",0,0,0,0,0,1,0,1,0,0,0,0,0,0,1,0,0,0,0,0,0,1,0,0,0,0,0,0,0,0,0,0,0,0,0,0,0,0,0,0,0,0,12,1,99,2183,822,841,811,607,667,894,13,23201,"",1,0,"",2,0,"",3,0,"",3,0,"",3,0,"",3,0,"",3,0,"",3,0,"",3,0,"",3,0,"",3,0,"",3,30061,"",2,24061,"",25,23481,"",35,20572,"",45,3,2,3,0,1,0,23122,"",200,201,202,408,312,-1,0,-1
313,"","char_SUKAMON","chr313",4,0,2,0,0,1,1,3,0,0,3,0,0,0,"",0,0,0,0,0,1,0,0,0,0,0,0,0,0,0,0,0,0,0,0,0,0,0,0,0,0,0,0,0,0,0,0,0,0,0,0,0,0,0,0,0,1,10,1,99,1318,428,216,450,125,223,217,13,21471,"",1,0,"",2,0,"",3,0,"",3,0,"",3,0,"",3,0,"",3,0,"",3,0,"",3,0,"",3,0,"",3,0,"",3,23161,"",2,27701,"",15,23851,"",25,0,"",1,2,1,1,0,1,0,23131,"",207,172,51,154,313,-1,0,-1
314,"","char_VEGIMON","chr314",4,0,2,0,1,0,0,3,0,0,3,1,0,0,"",0,0,0,0,0,1,0,0,0,0,0,0,0,0,0,0,0,1,0,0,0,0,0,0,0,0,0,0,0,0,0,0,0,0,0,0,0,0,0,0,0,0,8,1,99,1243,290,333,192,225,270,186,13,26791,"",1,0,"",2,0,"",3,0,"",3,0,"",3,0,"",3,0,"",3,0,"",3,0,"",3,0,"",3,0,"",3,0,"",3,32011,"",2,30184,"",15,20731,"",25,0,"",1,2,1,1,0,1,0,23141,"",229,196,39,167,314,-1,0,-1
315,"","char_SERAPHIMON","chr315",6,0,0,1,3,0,0,0,0,0,0,0,3,1,"",0,0,0,0,0,1,0,0,0,0,0,0,0,0,0,0,0,0,0,0,0,0,1,0,0,0,0,0,0,0,0,0,0,0,0,0,0,0,0,0,0,0,15,1,99,1299,1047,491,853,1508,1117,638,16,20911,"",1,20942,"",2,0,"",3,0,"",3,0,"",3,0,"",3,0,"",3,0,"",3,0,"",3,0,"",3,0,"",3,0,"",3,27751,"",2,24162,"",25,23211,"",35,30182,"",45,3,2,3,0,1,0,23151,"",49,82,125,328,315,-1,0,-1
316,"","char_DODOMON","chr316",1,0,6,1,0,3,3,3,1,1,0,0,0,0,"",0,0,0,0,1,0,0,0,0,0,0,0,0,0,0,0,0,0,0,0,0,0,0,0,0,0,0,0,0,0,0,0,0,0,0,0,1,0,0,0,0,0,4,1,99,333,181,142,120,122,98,168,1,27521,"",1,0,"",2,0,"",3,0,"",3,0,"",3,0,"",3,0,"",3,0,"",3,0,"",3,0,"",3,0,"",3,0,"",3,0,"",1,0,"",1,0,"",1,0,"",1,1,1,2,0,1,0,23161,"",80,135,179,3,316,-1,0,-1
317,"","char_BOTAMON","chr317",1,0,6,3,3,0,1,0,1,3,0,0,0,1,"",0,0,0,0,1,0,0,0,0,0,0,0,0,0,0,0,0,0,0,0,0,0,0,0,0,0,0,0,0,0,0,0,0,0,0,0,1,0,0,0,0,0,3,1,99,241,189,142,100,133,165,138,16,24391,"",1,0,"",2,0,"",3,0,"",3,0,"",3,0,"",3,0,"",3,0,"",3,0,"",3,0,"",3,0,"",3,0,"",3,0,"",1,0,"",1,0,"",1,0,"",1,1,1,1,0,1,0,23171,"",69,72,71,6,317,-1,0,-1
320,"","char_POYOMON","chr320",1,0,6,1,1,3,0,3,0,1,0,3,0,0,"",0,0,0,0,1,0,0,0,0,0,0,0,0,0,0,0,0,0,0,0,0,0,0,0,0,0,0,0,0,0,0,0,0,0,0,0,1,0,0,0,0,0,15,1,99,420,428,70,96,156,135,131,4,24401,"",1,0,"",2,0,"",3,0,"",3,0,"",3,0,"",3,0,"",3,0,"",3,0,"",3,0,"",3,0,"",3,0,"",3,0,"",1,0,"",1,0,"",1,0,"",1,1,1,1,0,1,0,23201,"",189,207,223,7,320,-1,0,-1
321,"","char_WANYAMON","chr321",2,0,6,0,1,1,0,3,3,0,0,0,1,3,"",0,0,0,0,1,0,0,0,0,0,0,0,0,0,0,0,0,0,0,0,0,0,0,0,0,0,0,0,0,0,0,0,0,0,0,0,0,0,0,0,0,0,2,1,99,384,212,170,158,172,114,148,4,30214,"",1,0,"",2,0,"",3,0,"",3,0,"",3,0,"",3,0,"",3,0,"",3,0,"",3,0,"",3,0,"",3,0,"",3,21961,"",5,0,"",1,0,"",1,0,"",1,1,1,2,0,1,0,23211,"",117,166,212,20,321,-1,0,-1
322,"","char_KOROMON","chr322",2,0,6,1,0,3,3,0,1,0,0,0,1,3,"",0,0,0,0,1,0,0,0,0,0,0,0,0,0,0,0,0,0,0,0,0,0,0,0,0,0,0,0,0,0,0,0,0,0,0,0,0,0,0,0,0,0,3,1,99,351,96,241,166,74,91,173,13,25861,"",1,0,"",2,0,"",3,0,"",3,0,"",3,0,"",3,0,"",3,0,"",3,0,"",3,0,"",3,0,"",3,0,"",3,26991,"",5,0,"",1,0,"",1,0,"",1,1,1,1,0,1,0,23221,"",248,219,228,9,322,-1,0,-1
325,"","char_TOKOMON","chr325",2,0,6,0,3,3,0,1,1,1,0,3,0,0,"",0,0,0,0,1,0,0,0,0,0,0,0,0,0,0,0,0,0,0,0,0,0,0,0,0,0,0,0,0,0,0,0,0,0,0,0,0,0,0,0,0,0,15,1,99,225,401,122,143,191,111,167,10,26001,"",1,0,"",2,0,"",3,0,"",3,0,"",3,0,"",3,0,"",3,0,"",3,0,"",3,0,"",3,0,"",3,0,"",3,20372,"",5,0,"",1,0,"",1,0,"",1,1,1,1,0,1,0,23251,"",255,233,224,13,325,-1,0,-1
326,"","char_GREYMON","chr326",4,0,0,0,3,1,1,0,0,0,3,0,0,0,"",0,0,0,0,0,1,0,0,0,0,0,0,0,0,0,0,0,0,0,0,0,0,0,1,0,0,0,0,0,0,0,0,0,0,0,0,0,0,0,0,0,0,3,1,99,704,262,536,360,172,214,262,1,23471,"",1,0,"",2,0,"",3,0,"",3,0,"",3,0,"",3,0,"",3,0,"",3,0,"",3,0,"",3,0,"",3,0,"",3,20511,"",2,27561,"",15,20911,"",25,0,"",1,2,2,3,0,1,0,23261,"",221,135,51,90,326,-1,0,-1
328,"","char_APOCLYMON","chr328",7,0,5,2,0,0,0,0,0,0,0,3,2,3,"",0,0,0,0,0,1,0,0,0,0,0,0,0,0,0,0,0,0,0,0,0,0,0,0,0,0,0,0,0,0,0,0,0,0,0,0,0,0,0,0,0,1,14,1,99,1309,1043,305,939,1569,1484,956,4,20481,"",1,0,"",2,0,"",3,0,"",3,0,"",3,0,"",3,0,"",3,0,"",3,0,"",3,0,"",3,0,"",3,0,"",3,24521,"",2,24791,"",25,20452,"",35,21851,"",45,4,2,3,0,1,0,23281,"",45,47,93,450,328,-1,0,-1
338,"","char_ANCIENTWISETMON","chr338",6,0,2,3,0,0,0,1,1,0,0,3,0,0,"",0,0,0,0,0,1,0,0,0,0,0,0,0,0,0,0,0,0,0,0,0,0,0,0,0,0,0,0,0,0,1,0,0,0,0,0,0,0,0,0,0,1,15,1,99,1235,984,427,451,1731,1191,787,4,24571,"",1,30334,"",2,0,"",3,0,"",3,0,"",3,0,"",3,0,"",3,0,"",3,0,"",3,0,"",3,0,"",3,0,"",3,30331,"",2,24502,"",25,30094,"",35,22391,"",45,3,2,3,0,1,0,23381,"",45,47,93,372,338,-1,0,-1
341,"","char_GUARDROMON","chr341",4,0,2,1,0,0,0,3,0,1,3,0,0,0,"",0,0,0,0,0,1,0,0,0,0,0,0,0,0,0,0,0,0,0,0,0,1,0,0,0,0,0,0,0,0,0,0,0,0,0,0,0,0,0,0,0,0,6,1,99,776,307,229,364,408,302,198,13,24352,"",1,0,"",2,0,"",3,0,"",3,0,"",3,0,"",3,0,"",3,0,"",3,0,"",3,0,"",3,0,"",3,0,"",3,20752,"",2,26041,"",15,31061,"",25,0,"",1,2,2,7,0,1,0,23411,"",100,61,48,143,341,-1,0,-1
342,"","char_ANDROMON","chr342",5,0,0,0,0,1,0,0,0,1,3,3,0,0,"",0,0,0,0,0,1,0,1,0,0,0,0,0,0,0,0,0,0,0,0,0,1,0,0,0,0,0,0,0,0,0,0,0,0,0,0,0,0,0,0,0,0,6,1,99,1003,440,862,647,715,953,592,4,29081,"",1,0,"",2,0,"",3,0,"",3,0,"",3,0,"",3,0,"",3,0,"",3,0,"",3,0,"",3,0,"",3,0,"",3,24172,"",2,27341,"",20,20101,"",30,32211,"",40,2,2,7,0,1,0,23421,"",178,181,187,199,342,-1,0,-1
343,"","char_GOMAMON","chr343",3,0,0,0,1,3,3,0,0,1,0,0,0,0,"",0,0,0,0,0,1,0,0,1,0,0,1,0,0,0,0,0,0,0,0,0,0,0,0,0,0,0,0,0,0,0,0,0,0,0,0,0,0,0,0,0,0,4,1,99,615,256,184,160,242,139,158,13,20821,"",1,0,"",2,0,"",3,0,"",3,0,"",3,0,"",3,0,"",3,0,"",3,0,"",3,0,"",3,0,"",3,0,"",3,20471,"",2,23591,"",10,0,"",0,0,"",1,1,1,1,0,1,0,23431,"",193,200,203,23,343,-1,0,-1
344,"","char_IKKAKUMON","chr344",4,0,0,0,1,3,3,0,0,1,0,0,0,0,"",0,0,0,0,0,1,0,0,1,0,0,1,0,0,0,0,0,0,0,0,0,0,0,0,0,0,0,0,0,0,0,0,0,0,0,0,0,0,0,0,0,0,4,1,99,984,306,403,275,268,224,197,1,24252,"",1,0,"",2,0,"",3,0,"",3,0,"",3,0,"",3,0,"",3,0,"",3,0,"",3,0,"",3,0,"",3,0,"",3,24381,"",2,21502,"",15,26772,"",25,0,"",1,2,2,3,0,1,0,23441,"",247,247,247,82,344,-1,0,-1
345,"","char_ZUDOMON","chr345",5,0,0,0,1,3,3,0,0,1,0,0,0,0,"",0,0,0,0,0,1,0,0,1,0,0,1,0,0,0,0,0,0,0,0,0,0,0,0,0,0,0,0,0,0,0,0,0,0,0,0,0,0,0,0,0,0,4,1,99,1395,576,699,654,643,590,628,1,30073,"",1,0,"",2,0,"",3,0,"",3,0,"",3,0,"",3,0,"",3,0,"",3,0,"",3,0,"",3,0,"",3,0,"",3,20211,"",2,23731,"",20,33011,"",30,23431,"",40,2,2,3,0,1,0,23451,"",190,120,67,212,345,-1,0,-1
346,"","char_VIKEMON","chr346",6,0,3,3,1,3,3,3,0,1,1,1,0,0,"",0,0,0,0,0,1,0,1,1,0,0,0,0,0,0,0,0,0,0,0,0,0,0,0,0,0,0,0,0,0,0,0,0,0,0,0,0,0,0,0,0,0,4,1,99,1908,499,712,545,662,648,735,1,30073,"",1,21801,"",2,0,"",3,0,"",3,0,"",3,0,"",3,0,"",3,0,"",3,0,"",3,0,"",3,0,"",3,0,"",3,27661,"",2,27711,"",25,24172,"",35,21742,"",45,3,2,3,0,1,0,23461,"",178,181,185,418,346,-1,0,-1
347,"","char_SEADRAMON","chr347",4,0,1,0,0,3,3,0,0,1,1,0,0,0,"",0,0,0,0,0,1,0,0,0,0,0,1,0,0,0,0,0,0,0,0,0,0,0,0,0,0,0,0,0,0,0,0,0,0,0,0,0,0,0,0,0,0,14,1,99,639,624,122,280,375,472,278,4,27542,"",1,0,"",2,0,"",3,0,"",3,0,"",3,0,"",3,0,"",3,0,"",3,0,"",3,0,"",3,0,"",3,0,"",3,27501,"",2,20011,"",15,30093,"",25,0,"",1,2,2,8,0,1,0,23471,"",19,141,144,121,347,-1,0,-1
348,"","char_PALMON","chr348",3,0,1,0,1,0,1,3,0,0,3,0,0,0,"",0,0,0,0,0,1,0,0,0,0,0,0,0,0,0,0,0,1,0,0,0,0,0,0,0,0,0,0,0,0,0,0,0,0,0,0,0,0,0,0,0,0,10,1,99,685,215,244,159,274,123,140,1,21351,"",1,0,"",2,0,"",3,0,"",3,0,"",3,0,"",3,0,"",3,0,"",3,0,"",3,0,"",3,0,"",3,0,"",3,27383,"",2,20491,"",10,0,"",0,0,"",1,1,3,2,0,1,0,23481,"",190,201,102,53,348,-1,0,-1
349,"","char_TOGEMON","chr349",4,0,1,0,1,0,0,3,3,0,0,1,0,0,"",0,0,0,0,0,1,0,0,0,0,0,0,0,0,0,0,0,1,0,0,0,0,0,0,0,0,0,0,0,0,0,0,0,0,0,0,0,0,0,0,0,0,10,1,99,1124,381,267,365,209,257,255,13,27033,"",1,0,"",2,0,"",3,0,"",3,0,"",3,0,"",3,0,"",3,0,"",3,0,"",3,0,"",3,0,"",3,0,"",3,30203,"",2,27391,"",15,27401,"",25,0,"",1,2,3,4,0,1,0,23491,"",137,173,25,130,349,-1,0,-1
359,"","char_LILLYMON","chr359",5,0,1,0,1,0,0,3,3,0,0,1,0,0,"",0,0,0,0,0,1,0,0,0,0,0,0,0,0,0,0,0,0,0,0,0,0,0,0,0,0,0,0,0,0,0,0,1,0,0,0,0,0,0,0,0,0,10,1,99,1214,866,498,446,456,798,437,16,27352,"",1,0,"",2,0,"",3,0,"",3,0,"",3,0,"",3,0,"",3,0,"",3,0,"",3,0,"",3,0,"",3,0,"",3,20781,"",2,24531,"",20,29091,"",30,27791,"",40,2,3,4,0,1,0,23591,"",230,156,185,263,359,-1,0,-1
361,"","char_PLOTMON","chr361",3,0,0,0,1,0,0,0,0,0,3,0,3,1,"",0,0,0,0,0,1,0,0,1,0,0,0,0,0,0,0,0,0,0,0,0,0,0,0,0,0,0,0,0,0,0,0,0,0,0,0,0,0,0,0,0,0,7,1,99,399,343,140,127,436,254,151,4,27542,"",1,0,"",2,0,"",3,0,"",3,0,"",3,0,"",3,0,"",3,0,"",3,0,"",3,0,"",3,0,"",3,0,"",3,20443,"",2,30331,"",10,0,"",0,0,"",1,1,3,2,0,1,0,23611,"",245,227,209,34,361,-1,0,-1
363,"","char_TYRANNOMON","chr363",4,0,1,0,3,0,1,0,1,3,0,0,0,0,"",0,0,0,0,0,1,0,0,0,0,0,0,0,0,0,0,0,0,0,0,0,0,0,1,0,0,0,0,0,0,0,0,0,0,0,0,0,0,0,0,0,0,2,1,99,719,188,353,339,120,272,267,1,21792,"",1,0,"",2,0,"",3,0,"",3,0,"",3,0,"",3,0,"",3,0,"",3,0,"",3,0,"",3,0,"",3,0,"",3,24031,"",2,24071,"",15,27081,"",25,0,"",1,2,2,8,0,1,0,23631,"",134,48,50,128,363,-1,0,-1
364,"","char_METALTYRANNOMON","chr364",5,0,2,3,0,1,0,0,3,2,0,3,0,0,"",0,0,0,0,0,1,0,0,0,0,0,0,0,0,1,0,0,0,0,0,0,1,0,0,0,0,0,0,0,0,0,0,0,0,0,0,0,0,0,0,0,0,2,1,99,1269,635,681,1044,694,634,479,13,20272,"",1,0,"",2,0,"",3,0,"",3,0,"",3,0,"",3,0,"",3,0,"",3,0,"",3,0,"",3,0,"",3,0,"",3,23823,"",2,21941,"",20,27351,"",30,30214,"",40,2,2,8,0,1,0,23641,"",157,159,159,295,364,-1,0,-1
365,"","char_XV-MON","chr365",4,0,3,3,1,3,3,0,1,1,3,1,0,0,"",0,0,0,0,0,1,0,0,0,0,0,0,0,0,0,0,0,0,0,0,0,0,0,0,1,0,0,0,0,0,0,0,0,1,0,0,0,0,0,0,0,0,2,1,99,614,618,356,185,286,296,252,1,24101,"",1,0,"",2,0,"",3,0,"",3,0,"",3,0,"",3,0,"",3,0,"",3,0,"",3,0,"",3,0,"",3,0,"",3,20581,"",2,27051,"",15,21411,"",25,0,"",1,2,2,3,0,1,0,23651,"",47,161,211,175,365,-1,0,-1
367,"","char_KUWAGAMON","chr367",4,0,2,0,1,0,0,3,3,1,0,0,0,0,"",0,0,0,0,0,1,0,0,0,0,0,0,0,0,0,0,1,0,0,0,0,0,0,0,0,0,0,0,0,0,0,0,0,0,0,0,0,0,0,0,0,0,2,1,99,1023,188,318,228,162,204,291,1,30193,"",1,0,"",2,0,"",3,0,"",3,0,"",3,0,"",3,0,"",3,0,"",3,0,"",3,0,"",3,0,"",3,0,"",3,20541,"",2,20571,"",15,21172,"",25,0,"",1,2,2,8,0,1,0,23671,"",212,78,54,146,367,-1,0,-1
368,"","char_SHELLMON","chr368",4,0,1,1,0,3,0,0,0,1,3,0,0,0,"",0,0,0,0,0,1,0,0,0,0,0,0,0,0,0,0,0,0,0,0,0,0,0,0,0,0,0,0,0,0,0,0,0,0,0,0,1,0,0,0,0,0,3,1,99,822,488,245,406,281,231,267,13,24921,"",1,0,"",2,0,"",3,0,"",3,0,"",3,0,"",3,0,"",3,0,"",3,0,"",3,0,"",3,0,"",3,0,"",3,27271,"",2,22101,"",15,22332,"",25,0,"",1,2,2,3,0,1,0,23681,"",0,0,0,123,368,-1,0,-1
369,"","char_MONOCHROMON","chr369",4,0,1,0,3,0,1,0,1,0,3,0,0,0,"",0,0,0,0,0,1,0,0,0,0,0,0,0,0,0,0,0,0,0,0,0,0,0,0,1,0,0,0,0,0,0,0,0,0,0,0,0,0,0,0,0,0,2,1,99,597,387,439,287,191,271,234,1,27231,"",1,0,"",2,0,"",3,0,"",3,0,"",3,0,"",3,0,"",3,0,"",3,0,"",3,0,"",3,0,"",3,0,"",3,24502,"",2,21052,"",15,29122,"",25,0,"",1,2,2,8,0,1,0,23691,"",84,94,91,136,369,-1,0,-1
370,"","char_YUKIDARUMON","chr370",4,0,0,0,2,0,4,0,3,1,0,0,0,0,"",0,0,0,0,0,1,0,0,0,0,0,0,1,0,0,0,0,0,0,0,0,0,0,0,0,0,0,0,0,0,0,0,0,0,0,0,0,0,0,0,0,0,11,1,99,1163,383,203,218,406,281,219,4,30312,"",1,0,"",2,0,"",3,0,"",3,0,"",3,0,"",3,0,"",3,0,"",3,0,"",3,0,"",3,0,"",3,0,"",3,20041,"",2,26111,"",15,24551,"",25,0,"",1,2,3,4,0,1,0,23701,"",221,229,231,105,370,-1,0,-1
371,"","char_MOJYAMON","chr371",4,0,0,0,1,3,3,0,0,1,0,0,0,0,"",0,0,0,0,0,1,0,0,1,0,0,0,0,0,0,0,0,0,0,0,0,0,0,0,0,0,0,0,0,0,0,0,0,0,0,0,0,0,0,0,0,0,7,1,99,1056,320,405,351,273,173,229,1,20561,"",1,0,"",2,0,"",3,0,"",3,0,"",3,0,"",3,0,"",3,0,"",3,0,"",3,0,"",3,0,"",3,0,"",3,23141,"",2,27401,"",15,30011,"",25,0,"",1,2,4,5,0,1,0,23711,"",219,220,241,104,371,-1,0,-1
372,"","char_CENTALMON","chr372",4,0,1,0,0,0,0,0,3,3,1,1,0,0,"",0,0,0,0,0,1,0,1,1,0,0,0,0,0,0,0,0,0,0,0,0,0,0,0,0,0,0,0,0,0,0,0,0,0,0,0,0,0,0,0,0,0,11,1,99,862,398,433,397,209,243,252,7,20281,"",1,0,"",2,0,"",3,0,"",3,0,"",3,0,"",3,0,"",3,0,"",3,0,"",3,0,"",3,0,"",3,0,"",3,21352,"",2,30052,"",15,22111,"",25,0,"",1,2,2,3,0,1,0,23721,"",0,0,0,119,372,-1,0,-1
373,"","char_DRIMOGEMON","chr373",4,0,1,0,0,1,1,3,0,0,3,0,0,0,"",0,0,0,0,0,1,0,0,1,0,0,0,0,0,0,0,0,0,0,0,0,0,0,0,0,0,0,0,0,0,0,0,0,0,0,0,0,0,0,0,0,0,2,1,99,750,394,286,327,355,397,385,13,23671,"",1,0,"",2,0,"",3,0,"",3,0,"",3,0,"",3,0,"",3,0,"",3,0,"",3,0,"",3,0,"",3,0,"",3,24252,"",2,26821,"",15,32191,"",25,0,"",1,2,1,1,0,1,0,23731,"",0,0,0,131,373,-1,0,-1
374,"","char_DIGITAMAMON","chr374",5,0,1,1,3,0,0,0,0,3,0,0,0,0,"",0,0,0,0,0,1,0,0,0,0,0,0,0,0,0,0,0,0,0,0,0,0,0,0,0,0,0,0,0,0,0,0,0,0,0,0,0,0,0,0,0,0,4,1,99,1010,400,800,1019,593,635,395,13,26981,"",1,0,"",2,0,"",3,0,"",3,0,"",3,0,"",3,0,"",3,0,"",3,0,"",3,0,"",3,0,"",3,0,"",3,27472,"",2,22091,"",20,32061,"",30,27451,"",40,2,2,3,0,1,0,23741,"",52,47,51,243,374,-1,0,-1
375,"","char_NANIMON","chr375",4,0,2,3,1,0,1,1,0,1,1,1,0,0,"",0,0,0,0,0,1,0,1,0,0,0,0,0,0,0,0,0,0,0,0,0,0,0,0,0,0,0,0,0,0,0,0,0,0,0,0,0,0,0,0,0,1,4,1,99,826,329,207,322,349,237,188,13,21262,"",1,0,"",2,0,"",3,0,"",3,0,"",3,0,"",3,0,"",3,0,"",3,0,"",3,0,"",3,0,"",3,0,"",3,30336,"",2,26981,"",15,23651,"",25,0,"",1,2,2,3,0,1,0,23751,"",200,145,105,159,375,-1,0,-1
376,"","char_TONOSAMAGEKOMON","chr376",5,0,2,0,0,3,0,3,1,1,0,0,0,0,"",0,0,0,0,0,1,0,0,0,0,0,0,0,0,0,0,0,0,0,0,0,0,0,0,0,0,0,1,0,0,0,0,0,0,0,0,0,0,0,0,0,0,16,1,99,2721,718,554,569,528,656,402,4,24311,"",1,0,"",2,0,"",3,0,"",3,0,"",3,0,"",3,0,"",3,0,"",3,0,"",3,0,"",3,0,"",3,0,"",3,27041,"",2,29091,"",20,30321,"",30,23651,"",40,2,4,5,0,1,0,23761,"",228,85,72,284,376,-1,0,-1
377,"","char_WIZARDMON","chr377",4,0,1,0,3,0,1,0,0,3,0,1,0,0,"",0,0,0,0,0,1,0,1,0,0,0,0,0,0,0,0,0,0,0,1,0,0,0,0,0,0,0,0,0,0,0,0,0,0,0,0,0,0,0,0,0,0,15,1,99,658,697,139,184,471,272,344,4,30221,"",1,0,"",2,0,"",3,0,"",3,0,"",3,0,"",3,0,"",3,0,"",3,0,"",3,0,"",3,0,"",3,0,"",3,30094,"",2,27732,"",15,33011,"",25,0,"",1,2,2,3,0,1,0,23771,"",116,115,176,112,377,-1,0,-1
378,"","char_DELUMON","chr378",5,0,1,0,1,0,0,3,0,0,3,1,0,0,"",0,0,0,0,0,1,0,0,0,0,0,0,0,0,0,0,0,0,0,0,0,0,0,0,0,0,1,0,0,0,0,0,0,0,0,0,0,0,0,0,0,0,14,1,99,1265,594,489,707,817,731,611,10,20851,"",1,0,"",2,0,"",3,0,"",3,0,"",3,0,"",3,0,"",3,0,"",3,0,"",3,0,"",3,0,"",3,0,"",3,26321,"",2,21932,"",20,27751,"",30,23491,"",40,2,2,3,0,1,0,23781,"",0,0,0,245,378,-1,0,-1
379,"","char_JYUREIMON","chr379",5,0,2,0,1,0,0,4,0,0,3,1,0,0,"",0,0,0,0,0,1,0,0,0,0,0,0,0,0,0,0,0,1,0,0,0,0,0,0,0,0,0,0,0,0,0,0,0,0,0,0,0,0,0,0,0,0,11,1,99,1688,884,511,740,592,800,586,13,20761,"",1,0,"",2,0,"",3,0,"",3,0,"",3,0,"",3,0,"",3,0,"",3,0,"",3,0,"",3,0,"",3,0,"",3,20501,"",2,25961,"",20,20321,"",30,32211,"",40,2,4,5,0,1,0,23791,"",45,62,48,277,379,-1,0,-1
380,"","char_GERBEMON","chr380",5,0,2,1,1,0,0,3,0,3,0,0,0,0,"",0,0,0,0,0,1,0,0,0,0,0,0,0,0,0,0,0,0,0,0,0,0,0,0,0,0,0,0,0,0,0,0,0,0,0,0,0,0,0,0,0,1,10,1,99,969,799,811,536,574,679,483,4,20281,"",1,0,"",2,0,"",3,0,"",3,0,"",3,0,"",3,0,"",3,0,"",3,0,"",3,0,"",3,0,"",3,0,"",3,30041,"",2,21841,"",20,23071,"",30,25641,"",40,2,2,3,0,1,0,23801,"",199,122,137,271,380,-1,0,-1
382,"","char_MAGNAMON","chr382",9,0,3,1,0,1,0,0,3,3,1,3,3,1,"",1,0,0,0,0,1,0,0,0,0,0,0,0,0,0,0,0,0,1,0,0,0,0,0,0,0,0,0,0,0,0,0,0,0,1,0,0,0,0,0,0,0,2,1,99,1363,525,1033,1490,847,800,718,1,20861,"",1,34061,"",2,0,"",3,0,"",3,0,"",3,0,"",3,0,"",3,0,"",3,0,"",3,0,"",3,0,"",3,0,"",3,20281,"",2,20802,"",25,27542,"",35,27741,"",45,3,2,3,0,1,0,23821,"",240,220,79,423,382,-1,0,-1
383,"","char_RUSTTYRANOMON","chr383",6,0,2,1,0,1,0,0,0,3,0,3,0,0,"",0,0,0,0,0,1,0,0,0,0,0,0,0,0,0,0,0,0,0,0,0,1,0,0,0,0,0,0,0,0,0,0,0,0,0,0,0,0,0,0,0,0,2,1,99,2037,601,1626,680,320,540,723,1,27771,"",1,20601,"",2,0,"",3,0,"",3,0,"",3,0,"",3,0,"",3,0,"",3,0,"",3,0,"",3,0,"",3,0,"",3,30241,"",2,21171,"",25,23781,"",35,21361,"",45,3,2,8,0,1,0,23831,"",222,86,42,412,383,-1,0,-1
385,"","char_MUGENDRAMON","chr385",6,0,2,3,0,0,0,0,0,1,1,3,0,0,"",0,0,0,0,0,1,0,0,0,0,0,0,0,0,0,0,0,0,0,0,0,1,0,0,0,0,0,0,0,0,0,0,0,0,0,0,0,0,0,0,0,0,4,1,99,998,542,1127,865,689,991,553,13,20691,"",1,0,"",2,0,"",3,0,"",3,0,"",3,0,"",3,0,"",3,0,"",3,0,"",3,0,"",3,0,"",3,0,"",3,20511,"",2,26761,"",25,32111,"",35,24401,"",45,3,2,8,0,1,0,23851,"",158,158,174,406,385,-1,0,-1
387,"","char_BUBBMON","chr387",1,0,6,1,1,3,0,0,0,0,3,0,3,1,"",0,0,0,0,1,0,0,0,0,0,0,0,0,0,0,0,0,0,0,0,0,0,0,0,0,0,0,0,0,0,0,0,0,0,0,0,1,0,0,0,0,0,7,1,99,254,240,92,119,137,138,100,4,27394,"",1,0,"",2,0,"",3,0,"",3,0,"",3,0,"",3,0,"",3,0,"",3,0,"",3,0,"",3,0,"",3,0,"",3,0,"",1,0,"",1,0,"",1,0,"",1,1,1,2,0,1,0,23871,"",208,217,172,4,387,-1,0,-1
388,"","char_MOCHIMON","chr388",2,0,6,0,1,3,1,3,1,0,0,3,0,0,"",0,0,0,0,1,0,0,0,0,0,0,0,0,0,0,0,0,0,0,0,0,0,0,0,0,0,0,0,0,0,0,0,0,0,0,0,0,0,0,0,0,0,7,1,99,440,142,187,157,197,122,145,4,21972,"",1,0,"",2,0,"",3,0,"",3,0,"",3,0,"",3,0,"",3,0,"",3,0,"",3,0,"",3,0,"",3,0,"",3,20431,"",5,0,"",1,0,"",1,0,"",1,1,1,1,0,1,0,23881,"",255,226,231,19,388,-1,0,-1
389,"","char_BETAMON","chr389",3,0,2,0,1,3,0,0,0,3,0,1,0,0,"",0,0,0,0,0,1,0,0,0,0,0,0,0,0,0,0,0,0,0,0,0,0,0,0,0,0,0,1,0,0,0,0,0,0,0,0,0,0,0,0,0,0,14,1,99,427,370,91,105,256,243,151,16,23061,"",1,0,"",2,0,"",3,0,"",3,0,"",3,0,"",3,0,"",3,0,"",3,0,"",3,0,"",3,0,"",3,0,"",3,24011,"",2,30073,"",10,0,"",0,0,"",1,1,1,1,0,1,0,23891,"",59,123,49,74,389,-1,0,-1
390,"","char_LUCEMON","chr390",3,0,0,0,0,0,0,0,0,0,0,0,3,1,"",0,0,1,0,0,1,0,0,0,0,0,0,0,0,0,0,0,0,0,0,0,0,1,0,0,0,0,0,0,0,0,0,0,0,0,0,0,0,0,0,0,0,15,1,99,1362,796,294,258,938,811,622,4,24341,"",1,0,"",2,0,"",3,0,"",3,0,"",3,0,"",3,0,"",3,0,"",3,0,"",3,0,"",3,0,"",3,0,"",3,30065,"",2,21711,"",15,27471,"",30,20952,"",45,2,1,1,0,1,0,23901,"",255,247,172,39,390,-1,0,-1
391,"","char_RENAMON","chr391",3,0,1,0,1,0,0,3,3,0,0,1,0,0,"",0,0,0,0,0,1,0,1,1,0,0,0,0,0,0,0,0,0,0,0,0,0,0,0,0,0,0,0,0,0,0,0,0,0,0,0,0,0,0,0,0,0,15,1,99,616,444,235,159,291,202,241,4,23081,"",1,0,"",2,0,"",3,0,"",3,0,"",3,0,"",3,0,"",3,0,"",3,0,"",3,0,"",3,0,"",3,0,"",3,27571,"",2,20452,"",10,0,"",0,0,"",1,1,3,4,0,1,0,23911,"",225,189,73,58,391,-1,0,-1
392,"","char_WORMMON","chr392",3,0,3,1,1,3,0,3,1,1,3,0,0,3,"",0,0,0,0,1,0,0,0,0,0,0,0,0,0,0,0,1,0,0,0,0,0,0,0,0,0,0,0,0,0,0,0,0,0,0,0,0,0,0,0,0,0,7,1,99,307,301,181,323,259,252,171,13,21722,"",1,0,"",2,0,"",3,0,"",3,0,"",3,0,"",3,0,"",3,0,"",3,0,"",3,0,"",3,0,"",3,0,"",3,30065,"",2,24201,"",10,0,"",0,0,"",1,1,3,2,0,1,0,23921,"",141,157,80,79,392,-1,0,-1
393,"","char_WOODMON","chr393",4,0,2,0,1,0,0,3,0,1,3,0,0,0,"",0,0,0,0,0,1,0,0,0,0,0,0,0,0,0,0,0,1,0,0,0,0,0,0,0,0,0,0,0,0,0,0,0,0,0,0,0,0,0,0,0,0,11,1,99,1210,205,288,259,314,307,254,1,25941,"",1,0,"",2,0,"",3,0,"",3,0,"",3,0,"",3,0,"",3,0,"",3,0,"",3,0,"",3,0,"",3,0,"",3,24291,"",2,21172,"",15,30102,"",25,0,"",1,2,2,3,0,1,0,23931,"",151,127,65,140,393,-1,0,-1
394,"","char_ORGEMON","chr394",4,0,2,0,1,0,0,3,3,0,1,0,0,0,"",0,0,0,0,0,1,0,1,0,0,0,0,0,0,0,0,0,0,0,0,0,0,0,0,0,1,0,0,0,0,0,0,0,0,0,0,0,0,0,0,0,0,3,1,99,885,165,328,335,171,270,256,1,21941,"",1,0,"",2,0,"",3,0,"",3,0,"",3,0,"",3,0,"",3,0,"",3,0,"",3,0,"",3,0,"",3,0,"",3,23832,"",2,27251,"",15,21161,"",25,0,"",1,2,2,3,0,1,0,23941,"",135,192,31,141,394,-1,0,-1
395,"","char_KYUBIMON","chr395",4,0,1,0,3,0,0,0,3,0,1,1,0,0,"",0,0,0,0,0,1,0,0,1,0,0,0,0,0,0,0,0,0,0,0,0,0,0,0,0,0,0,0,0,0,0,0,1,0,0,0,0,0,0,0,0,0,15,1,99,605,702,120,197,462,364,424,10,25751,"",1,0,"",2,0,"",3,0,"",3,0,"",3,0,"",3,0,"",3,0,"",3,0,"",3,0,"",3,0,"",3,0,"",3,25781,"",2,25771,"",15,21331,"",25,0,"",1,2,3,4,0,1,0,23951,"",216,204,84,117,395,-1,0,-1
396,"","char_DORUGAMON","chr396",4,0,1,3,0,0,1,1,0,0,0,3,0,0,"",0,0,0,0,0,1,0,0,1,0,0,0,0,0,0,0,0,0,0,0,0,0,0,0,1,0,0,0,0,0,0,0,0,0,0,0,0,0,0,0,0,0,4,1,99,889,354,319,179,146,163,421,1,30073,"",1,0,"",2,0,"",3,0,"",3,0,"",3,0,"",3,0,"",3,0,"",3,0,"",3,0,"",3,0,"",3,0,"",3,29122,"",2,32151,"",15,20761,"",25,0,"",1,2,1,1,0,1,0,23961,"",120,117,139,132,396,-1,0,-1
397,"","char_V-DRAMON","chr397",4,0,0,0,3,1,0,0,3,3,1,0,0,0,"",0,0,0,0,0,1,0,0,0,0,0,0,0,0,0,0,0,0,0,0,0,0,0,0,1,0,0,0,0,0,0,0,0,1,0,0,0,0,0,0,0,0,2,1,99,806,325,271,259,148,186,405,1,26061,"",1,0,"",2,0,"",3,0,"",3,0,"",3,0,"",3,0,"",3,0,"",3,0,"",3,0,"",3,0,"",3,0,"",3,24101,"",2,24211,"",15,20351,"",25,0,"",1,2,2,3,0,1,0,23971,"",97,135,192,101,397,-1,0,-1
398,"","char_CLOCKMON","chr398",4,0,1,0,0,1,0,0,0,1,3,3,0,0,"",0,0,0,0,0,1,0,0,0,0,0,0,0,0,0,0,0,0,0,0,0,1,0,0,0,0,0,0,0,0,0,0,0,0,0,0,0,0,0,0,0,0,10,1,99,736,511,162,270,370,473,206,4,27511,"",1,0,"",2,0,"",3,0,"",3,0,"",3,0,"",3,0,"",3,0,"",3,0,"",3,0,"",3,0,"",3,0,"",3,30082,"",2,21802,"",15,20741,"",25,0,"",1,2,1,1,0,1,0,23981,"",188,158,48,118,398,-1,0,-1
399,"","char_GEKOMON","chr399",4,0,2,0,1,3,0,3,0,1,0,0,0,0,"",0,0,0,0,0,1,0,0,0,0,0,0,0,0,0,0,0,0,0,0,0,0,0,0,0,0,0,1,0,0,0,0,0,0,0,0,0,0,0,0,0,0,16,1,99,760,437,171,165,497,339,257,4,27402,"",1,0,"",2,0,"",3,0,"",3,0,"",3,0,"",3,0,"",3,0,"",3,0,"",3,0,"",3,0,"",3,0,"",3,20151,"",2,27341,"",15,27101,"",25,0,"",1,2,1,1,0,1,0,23991,"",84,172,29,147,399,-1,0,-1
400,"","char_AEROVEEDRAMON","chr400",5,0,0,0,0,0,0,1,4,3,1,0,0,0,"",0,0,0,0,0,1,0,0,0,0,0,0,0,0,0,0,0,0,1,0,0,0,0,0,1,0,0,0,0,0,0,0,0,0,0,0,0,0,0,0,0,0,2,1,99,1888,517,797,577,451,546,675,7,30203,"",1,0,"",2,0,"",3,0,"",3,0,"",3,0,"",3,0,"",3,0,"",3,0,"",3,0,"",3,0,"",3,0,"",3,20751,"",2,24162,"",20,20251,"",30,22131,"",40,2,2,3,0,1,0,24001,"",137,180,219,201,400,-1,0,-1
401,"","char_OKUWAMON","chr401",5,0,2,0,0,0,0,3,0,1,1,3,0,0,"",0,0,0,0,0,1,0,0,0,0,0,0,0,0,0,0,1,0,0,0,0,0,0,0,0,0,0,0,0,0,0,0,0,0,0,0,0,0,0,0,0,0,2,1,99,1141,340,617,981,287,684,702,13,20811,"",1,0,"",2,0,"",3,0,"",3,0,"",3,0,"",3,0,"",3,0,"",3,0,"",3,0,"",3,0,"",3,0,"",3,27071,"",2,27662,"",20,30172,"",30,23971,"",40,2,2,8,0,1,0,24011,"",170,172,185,269,401,-1,0,-1
402,"","char_GIGADRAMON","chr402",5,0,2,0,0,0,0,0,0,1,0,3,1,3,"",0,0,0,0,0,1,0,0,0,0,0,0,0,0,0,0,0,0,0,1,0,1,0,0,1,0,0,0,0,0,0,0,0,0,0,0,0,0,0,0,0,0,4,1,99,1042,536,593,642,550,709,608,13,23871,"",1,0,"",2,0,"",3,0,"",3,0,"",3,0,"",3,0,"",3,0,"",3,0,"",3,0,"",3,0,"",3,0,"",3,23824,"",2,33011,"",20,27331,"",30,21741,"",40,2,2,8,0,1,0,24021,"",111,113,128,272,402,-1,0,-1
403,"","char_GRAPLEOMON","chr403",5,0,0,0,0,0,3,1,0,3,1,0,0,0,"",0,0,0,0,0,1,0,1,1,0,0,0,0,0,0,0,0,0,0,0,0,0,0,0,0,0,0,0,0,0,0,0,0,0,0,0,0,0,0,0,0,0,2,1,99,1599,536,819,535,388,567,673,1,27441,"",1,0,"",2,0,"",3,0,"",3,0,"",3,0,"",3,0,"",3,0,"",3,0,"",3,0,"",3,0,"",3,0,"",3,27301,"",2,32081,"",20,24121,"",30,22341,"",40,2,2,3,0,1,0,24031,"",195,199,214,205,403,-1,0,-1
404,"","char_SKULLGREYMON","chr404",5,0,2,0,1,3,0,0,0,0,0,0,1,3,"",0,0,0,0,0,1,0,0,0,0,0,0,0,0,0,0,0,0,0,0,0,0,0,0,0,0,0,0,0,0,0,0,0,0,0,0,0,0,1,0,0,0,4,1,99,1312,494,1486,1112,257,771,793,1,20331,"",1,0,"",2,0,"",3,0,"",3,0,"",3,0,"",3,0,"",3,0,"",3,0,"",3,0,"",3,0,"",3,0,"",3,26832,"",2,23791,"",20,20151,"",30,25981,"",40,2,2,8,0,1,0,24041,"",203,193,180,278,404,-1,0,-1
405,"","char_TAOMON","chr405",5,0,1,0,0,0,0,0,3,0,1,0,1,3,"",0,0,0,0,0,1,0,1,0,0,0,0,0,0,0,0,0,0,0,1,0,0,0,0,0,0,0,0,0,0,0,0,0,0,0,0,0,0,0,0,0,0,15,1,99,1131,518,283,631,1568,928,596,4,24001,"",1,0,"",2,0,"",3,0,"",3,0,"",3,0,"",3,0,"",3,0,"",3,0,"",3,0,"",3,0,"",3,0,"",3,26261,"",2,30303,"",20,27371,"",30,22153,"",40,2,3,4,0,1,0,24051,"",236,206,97,242,405,-1,0,-1
406,"","char_DEATHMERAMON","chr406",5,0,1,1,4,0,0,0,0,1,0,3,0,0,"",0,0,0,0,0,1,0,1,0,0,0,0,0,1,0,0,0,0,0,0,0,0,0,0,0,0,0,0,0,0,0,0,0,0,0,0,0,0,0,0,0,0,2,1,99,1198,480,816,477,432,472,421,1,27331,"",1,0,"",2,0,"",3,0,"",3,0,"",3,0,"",3,0,"",3,0,"",3,0,"",3,0,"",3,0,"",3,0,"",3,20811,"",2,20021,"",20,22251,"",30,21182,"",40,2,2,3,0,1,0,24061,"",7,67,118,244,406,-1,0,-1
407,"","char_DORUGREYMON","chr407",5,0,1,3,0,1,0,0,0,1,0,3,0,0,"",0,0,0,0,0,0,1,0,1,0,0,0,0,0,0,0,0,0,0,0,0,0,0,0,1,0,0,0,0,0,0,0,0,0,0,0,0,0,0,0,0,0,4,1,99,1983,573,952,768,434,611,578,1,30274,"",1,0,"",2,0,"",3,0,"",3,0,"",3,0,"",3,0,"",3,0,"",3,0,"",3,0,"",3,0,"",3,0,"",3,21761,"",2,22331,"",20,20601,"",30,27401,"",40,2,2,3,0,1,0,24071,"",215,71,67,247,407,-1,0,-1
408,"","char_PAILDRAMON","chr408",5,0,3,3,0,1,3,1,3,1,1,3,0,0,"",0,0,0,0,0,1,0,1,0,0,0,0,0,0,0,0,0,0,0,0,0,0,0,0,1,0,0,0,0,0,0,0,0,0,0,0,0,0,0,0,0,0,2,1,99,1053,897,595,654,522,517,842,1,23831,"",1,0,"",2,0,"",3,0,"",3,0,"",3,0,"",3,0,"",3,0,"",3,0,"",3,0,"",3,0,"",3,0,"",3,24521,"",2,27383,"",20,20771,"",30,23091,"",40,2,2,3,0,1,0,24081,"",79,154,190,303,408,-1,0,-1
409,"","char_PANJYAMON","chr409",5,0,0,0,1,3,3,0,0,1,0,0,0,0,"",0,0,0,0,0,1,0,1,1,0,0,0,0,0,0,0,0,0,0,0,0,0,0,0,0,0,0,0,0,0,0,0,0,0,0,0,0,0,0,0,0,0,6,1,99,1632,1003,611,620,827,490,799,4,22411,"",1,0,"",2,0,"",3,0,"",3,0,"",3,0,"",3,0,"",3,0,"",3,0,"",3,0,"",3,0,"",3,0,"",3,26831,"",2,27402,"",20,21832,"",30,26141,"",40,2,2,3,0,1,0,24091,"",186,188,200,216,409,-1,0,-1
410,"","char_PICKLEMON","chr410",5,0,1,0,1,3,0,0,1,0,3,0,0,0,"",0,0,0,0,0,1,0,0,0,0,0,0,0,0,0,0,0,0,0,0,0,0,0,0,0,0,0,0,0,0,0,0,1,0,0,0,0,0,0,0,0,0,7,1,99,836,735,628,361,775,622,965,4,22281,"",1,0,"",2,0,"",3,0,"",3,0,"",3,0,"",3,0,"",3,0,"",3,0,"",3,0,"",3,0,"",3,0,"",3,23741,"",2,21931,"",20,27001,"",30,23801,"",40,2,1,1,0,1,0,24101,"",203,124,152,253,410,-1,0,-1
411,"","char_VADEMON","chr411",5,0,2,1,1,0,3,3,0,0,0,0,0,0,"",0,0,0,0,0,1,0,1,0,0,0,0,0,0,0,0,0,0,0,0,0,0,0,0,0,0,0,0,0,0,0,1,0,0,0,0,0,0,0,0,0,0,8,1,99,1158,1002,208,431,981,1303,425,4,26172,"",1,0,"",2,0,"",3,0,"",3,0,"",3,0,"",3,0,"",3,0,"",3,0,"",3,0,"",3,0,"",3,0,"",3,21341,"",2,21691,"",20,30312,"",30,34011,"",40,2,2,6,0,1,0,24111,"",235,198,208,289,411,-1,0,-1
412,"","char_MAMEMON","chr412",5,0,1,1,3,1,0,0,0,0,0,3,0,0,"",0,0,0,0,0,1,0,0,0,0,0,0,0,0,0,0,0,0,0,0,0,0,0,0,0,0,0,0,0,0,0,0,0,0,0,0,0,0,0,0,0,1,3,1,99,1328,558,454,646,469,576,542,13,25861,"",1,0,"",2,0,"",3,0,"",3,0,"",3,0,"",3,0,"",3,0,"",3,0,"",3,0,"",3,0,"",3,0,"",3,24571,"",2,24161,"",20,22401,"",30,27322,"",40,2,1,1,0,1,0,24121,"",156,161,156,259,412,-1,0,-1
413,"","char_METALMAMEMON","chr413",5,0,1,3,3,1,0,0,0,2,0,3,0,0,"",0,0,0,0,0,1,0,0,0,0,0,0,0,0,1,0,0,0,0,0,0,1,0,0,0,0,0,0,0,0,0,0,0,0,0,0,0,0,0,0,0,0,3,1,99,650,497,637,747,828,891,669,13,21952,"",1,0,"",2,0,"",3,0,"",3,0,"",3,0,"",3,0,"",3,0,"",3,0,"",3,0,"",3,0,"",3,0,"",3,20862,"",2,25941,"",20,27541,"",30,21151,"",40,2,1,1,0,1,0,24131,"",137,137,140,261,413,-1,0,-1
414,"","char_PARROTMON","chr414",5,0,0,0,1,0,0,0,3,4,1,0,0,0,"",0,0,0,0,0,0,1,0,0,0,0,0,0,0,0,0,0,0,0,0,0,0,0,0,0,0,1,0,0,0,0,0,0,0,0,0,0,0,0,0,0,0,4,1,99,805,668,573,542,1261,576,805,10,20481,"",1,0,"",2,0,"",3,0,"",3,0,"",3,0,"",3,0,"",3,0,"",3,0,"",3,0,"",3,0,"",3,0,"",3,23931,"",2,27402,"",20,27332,"",30,34061,"",40,2,2,8,0,1,0,24141,"",0,0,0,215,414,-1,0,-1
416,"","char_ALPHAMON","chr416",6,0,0,0,1,0,1,0,3,0,3,1,0,0,"",1,0,0,0,0,1,0,0,0,0,0,0,0,0,0,0,0,0,1,0,0,0,0,0,0,0,0,0,0,0,0,0,0,0,1,0,0,0,0,0,0,0,11,1,99,2079,642,829,951,1263,702,879,4,22132,"",1,20491,"",2,0,"",3,0,"",3,0,"",3,0,"",3,0,"",3,0,"",3,0,"",3,0,"",3,0,"",3,0,"",3,21261,"",2,22101,"",25,27011,"",35,20191,"",45,3,2,3,0,1,0,24161,"",64,66,69,308,416,-1,0,-1
417,"","char_ULFORCEVDRAMON","chr417",6,0,0,0,1,0,0,0,3,1,3,0,0,0,"",1,0,0,0,0,1,0,0,0,0,0,0,0,0,0,0,0,0,1,0,0,0,0,0,0,0,0,0,0,0,0,0,0,0,1,0,0,0,0,0,0,0,2,1,99,1463,821,1097,676,841,807,892,7,21742,"",1,31011,"",2,0,"",3,0,"",3,0,"",3,0,"",3,0,"",3,0,"",3,0,"",3,0,"",3,0,"",3,0,"",3,27472,"",2,26991,"",25,20931,"",35,24131,"",45,3,2,3,0,1,0,24171,"",62,112,173,309,417,-1,0,-1
419,"","char_IMPERIALDRAMON_FM","chr419",6,0,3,3,3,1,1,0,0,1,1,3,3,0,"",0,0,0,0,0,1,0,1,0,0,0,0,0,0,0,0,0,0,0,0,0,0,0,0,1,0,0,0,0,0,1,0,0,0,0,0,0,0,0,0,0,0,2,1,99,1600,862,1471,890,574,513,1064,1,25741,"",1,21631,"",2,20981,"",3,0,"",3,0,"",3,0,"",3,0,"",3,0,"",3,0,"",3,0,"",3,0,"",3,0,"",3,27493,"",2,24261,"",25,30323,"",35,27571,"",45,3,2,3,0,1,0,24191,"",202,85,51,417,419,-1,0,-1
420,"","char_IMPERIALDRAMON_PM","chr420",7,0,0,3,0,0,0,0,1,0,0,0,3,1,"",0,0,0,0,0,1,0,0,0,0,0,0,0,0,0,0,0,0,1,0,0,0,0,0,0,0,0,0,0,0,1,0,0,0,1,0,0,0,0,0,0,0,2,1,99,2185,1018,1552,1171,984,1330,1308,1,26021,"",1,0,"",2,0,"",3,0,"",3,0,"",3,0,"",3,0,"",3,0,"",3,0,"",3,0,"",3,0,"",3,0,"",3,27392,"",2,20751,"",25,24511,"",35,20301,"",45,4,2,3,0,1,0,24201,"",206,186,76,429,420,-1,0,-1
421,"","char_OPHANIMON","chr421",6,0,0,0,0,0,0,3,0,0,1,0,3,1,"",0,0,0,0,0,1,0,0,0,0,0,0,0,0,0,0,0,0,0,0,0,0,1,0,0,0,0,0,0,0,0,0,0,0,0,0,0,0,0,0,0,0,7,1,99,1156,732,676,1233,1125,875,583,16,20241,"",1,20942,"",2,0,"",3,0,"",3,0,"",3,0,"",3,0,"",3,0,"",3,0,"",3,0,"",3,0,"",3,0,"",3,24212,"",2,31011,"",25,23041,"",35,20121,"",45,3,3,4,0,1,0,24211,"",0,127,137,314,421,-1,0,-1
422,"","char_CHAOSDRAMON","chr422",6,0,2,0,3,1,1,0,0,0,0,3,0,0,"",0,0,0,0,0,1,0,0,0,0,0,0,0,0,0,0,0,0,0,0,0,1,0,0,0,0,0,0,0,0,0,0,0,0,0,0,0,0,0,0,0,0,2,1,99,1641,470,1212,955,856,754,708,1,27211,"",1,0,"",2,0,"",3,0,"",3,0,"",3,0,"",3,0,"",3,0,"",3,0,"",3,0,"",3,0,"",3,0,"",3,32131,"",2,20021,"",25,21701,"",35,21371,"",45,3,2,3,0,1,0,24221,"",174,0,0,375,422,-1,0,-1
423,"","char_GRANKUWAGAMON","chr423",6,0,3,0,1,0,0,3,0,0,0,0,1,3,"",0,0,0,0,0,1,0,0,0,0,0,0,0,0,0,0,1,0,0,0,0,0,0,0,0,0,0,0,0,0,0,0,0,0,0,0,0,0,0,0,0,0,2,1,99,2246,563,811,1253,666,929,698,13,25941,"",1,0,"",2,0,"",3,0,"",3,0,"",3,0,"",3,0,"",3,0,"",3,0,"",3,0,"",3,0,"",3,0,"",3,22101,"",2,21031,"",25,20031,"",35,27161,"",45,3,2,8,0,1,0,24231,"",42,42,42,420,423,-1,0,-1
424,"","char_SABERLEOMON","chr424",6,0,1,0,0,0,0,1,1,3,3,0,0,0,"",0,0,0,0,0,1,0,0,1,0,0,0,0,0,0,0,0,0,0,0,0,0,0,0,0,0,0,0,0,0,1,0,0,0,0,0,0,0,0,0,0,0,2,1,99,2279,423,1156,508,610,588,1007,7,27662,"",1,27791,"",2,0,"",3,0,"",3,0,"",3,0,"",3,0,"",3,0,"",3,0,"",3,0,"",3,0,"",3,0,"",3,33021,"",2,23991,"",25,27002,"",35,27412,"",45,3,2,3,0,1,0,24241,"",223,209,84,350,424,-1,0,-1
425,"","char_SAKUYAMON","chr425",6,0,1,3,0,0,0,0,0,0,0,1,3,1,"",0,0,0,0,0,1,0,1,0,0,0,0,0,0,0,0,0,0,0,0,1,0,0,0,0,0,0,0,0,0,0,0,0,0,0,0,0,0,0,0,0,0,15,1,99,830,1288,373,772,1356,1110,1200,10,25101,"",1,23681,"",2,0,"",3,0,"",3,0,"",3,0,"",3,0,"",3,0,"",3,0,"",3,0,"",3,0,"",3,0,"",3,30212,"",2,30231,"",25,31011,"",35,20831,"",45,3,3,4,0,1,0,24251,"",187,172,53,351,425,-1,0,-1
426,"","char_HIANDROMON","chr426",6,0,0,3,0,1,0,0,0,1,0,3,0,0,"",0,0,0,0,0,1,0,1,0,0,0,0,0,0,0,0,0,0,0,0,0,1,0,0,0,0,0,0,0,0,0,0,0,0,0,0,0,0,0,0,0,0,6,1,99,951,812,791,696,891,810,888,13,30092,"",1,0,"",2,0,"",3,0,"",3,0,"",3,0,"",3,0,"",3,0,"",3,0,"",3,0,"",3,0,"",3,0,"",3,20301,"",2,20371,"",25,27792,"",35,33011,"",45,3,2,7,0,1,0,24261,"",103,96,95,332,426,-1,0,-1
427,"","char_PIEDMON","chr427",6,0,2,1,0,0,0,0,3,3,0,1,0,3,"",0,0,0,0,0,1,0,1,0,0,0,0,0,0,0,0,0,0,0,1,0,0,0,0,0,0,0,0,0,0,0,0,0,0,0,0,0,0,0,0,0,0,14,1,99,957,1569,578,647,1038,832,1066,10,20411,"",1,0,"",2,0,"",3,0,"",3,0,"",3,0,"",3,0,"",3,0,"",3,0,"",3,0,"",3,0,"",3,0,"",3,22154,"",2,21831,"",25,20511,"",35,30203,"",45,3,2,3,0,1,0,24271,"",226,77,35,392,427,-1,0,-1
428,"","char_PINOCHIMON","chr428",6,0,2,0,1,0,0,3,0,0,3,1,0,0,"",0,0,0,0,0,1,0,1,0,0,0,0,0,0,0,0,0,0,0,0,0,0,0,0,0,0,0,0,0,0,0,0,0,0,0,0,0,0,0,0,1,0,11,1,99,857,756,803,769,930,767,522,4,27441,"",1,0,"",2,0,"",3,0,"",3,0,"",3,0,"",3,0,"",3,0,"",3,0,"",3,0,"",3,0,"",3,0,"",3,21972,"",2,22331,"",25,34031,"",35,23131,"",45,3,1,1,0,1,0,24281,"",107,102,91,393,428,-1,0,-1
429,"","char_PRINCEMAMEMON","chr429",6,0,1,0,0,0,3,0,0,1,0,0,3,1,"",0,0,0,0,0,1,0,0,0,0,0,0,0,0,0,0,0,0,0,0,0,0,0,0,0,0,0,0,0,0,0,0,0,0,0,0,0,0,0,0,0,1,16,1,99,2147,826,540,1063,556,722,619,13,27111,"",1,0,"",2,0,"",3,0,"",3,0,"",3,0,"",3,0,"",3,0,"",3,0,"",3,0,"",3,0,"",3,0,"",3,27375,"",2,32111,"",25,27571,"",35,31042,"",45,3,1,1,0,1,0,24291,"",236,231,35,360,429,-1,0,-1
431,"","char_BOLTMON","chr431",6,0,1,0,1,0,0,0,1,0,3,3,0,0,"",0,0,0,0,0,1,0,1,0,0,0,0,0,0,0,0,0,0,0,0,0,1,0,0,0,0,0,0,0,0,0,0,0,0,0,0,0,0,0,0,0,0,2,1,99,2299,393,1209,735,403,632,575,1,26042,"",1,0,"",2,0,"",3,0,"",3,0,"",3,0,"",3,0,"",3,0,"",3,0,"",3,0,"",3,0,"",3,0,"",3,30323,"",2,30272,"",25,32051,"",35,23611,"",45,3,2,3,0,1,0,24311,"",149,170,105,362,431,-1,0,-1
434,"","char_METALSEADRAMON","chr434",6,0,1,3,1,3,0,0,0,2,0,3,0,0,"",0,0,0,0,0,1,0,0,0,0,0,1,0,0,1,0,0,0,0,0,0,1,0,0,0,0,0,0,0,0,0,0,0,0,0,0,0,0,0,0,0,0,14,1,99,1310,802,364,944,1177,1193,881,4,30011,"",1,0,"",2,0,"",3,0,"",3,0,"",3,0,"",3,0,"",3,0,"",3,0,"",3,0,"",3,0,"",3,0,"",3,20862,"",2,26162,"",25,22323,"",35,30151,"",45,3,2,8,0,1,0,24341,"",204,183,83,365,434,-1,0,-1
435,"","char_LUCEMON_SM","chr435",7,0,2,1,3,0,0,0,0,0,0,0,1,4,"",0,0,1,0,0,1,0,0,0,0,0,0,0,0,0,0,0,0,0,1,1,0,0,0,0,0,0,0,0,0,0,0,0,0,0,0,0,0,0,0,0,0,15,1,99,1834,1156,426,601,2550,1114,824,4,30021,"",1,23261,"",2,0,"",3,0,"",3,0,"",3,0,"",3,0,"",3,0,"",3,0,"",3,0,"",3,0,"",3,0,"",3,23281,"",2,26832,"",25,20421,"",35,24791,"",45,4,2,8,0,1,0,24351,"",136,106,155,447,435,-1,0,-1
437,"","char_PUNIMON","chr437",1,0,6,0,3,0,1,0,3,1,0,0,1,3,"",0,0,0,0,1,0,0,0,0,0,0,0,0,0,0,0,0,0,0,0,0,0,0,0,0,0,0,0,0,0,0,0,0,0,0,0,1,0,0,0,0,0,11,1,99,332,153,149,89,61,100,128,1,34051,"",1,0,"",2,0,"",3,0,"",3,0,"",3,0,"",3,0,"",3,0,"",3,0,"",3,0,"",3,0,"",3,0,"",3,0,"",1,0,"",1,0,"",1,0,"",1,1,1,1,0,1,0,24371,"",207,94,101,5,437,-1,0,-1
438,"","char_TUNOMON","chr438",2,0,6,3,1,1,0,1,0,0,3,3,0,0,"",0,0,0,0,1,0,0,0,0,0,0,0,0,0,0,0,0,0,0,0,0,0,0,0,0,0,0,0,0,0,0,0,0,0,0,0,0,0,0,0,0,0,11,1,99,277,166,265,113,102,125,149,13,21891,"",1,0,"",2,0,"",3,0,"",3,0,"",3,0,"",3,0,"",3,0,"",3,0,"",3,0,"",3,0,"",3,0,"",3,21451,"",5,0,"",1,0,"",1,0,"",1,1,1,1,0,1,0,24381,"",239,151,51,11,438,-1,0,-1
439,"","char_BELPHEMON_SM","chr439",6,0,2,0,3,0,1,0,0,0,0,0,1,3,"",0,0,1,0,0,1,0,0,0,0,0,0,0,0,0,0,0,0,0,1,0,0,0,0,0,0,0,0,0,0,0,0,0,0,0,0,0,0,0,0,0,0,2,1,99,1208,1004,406,430,1144,1045,575,4,20831,"",1,27002,"",2,0,"",3,0,"",3,0,"",3,0,"",3,0,"",3,0,"",3,0,"",3,0,"",3,0,"",3,0,"",3,27601,"",2,20211,"",25,26291,"",35,20231,"",45,3,1,1,0,1,0,24391,"",99,84,75,402,439,-1,0,-1
440,"","char_TITAMON","chr440",6,0,2,0,1,0,0,0,0,0,3,0,1,3,"",0,0,0,0,0,0,1,1,0,0,0,0,0,0,0,0,0,0,0,0,1,0,0,0,0,0,0,0,0,0,0,0,0,0,0,0,0,0,0,0,0,0,4,1,99,2022,682,980,772,859,459,812,1,20051,"",1,30012,"",2,0,"",3,0,"",3,0,"",3,0,"",3,0,"",3,0,"",3,0,"",3,0,"",3,0,"",3,0,"",3,34041,"",2,30034,"",25,26151,"",35,22321,"",45,3,4,5,0,1,0,24401,"",37,77,26,385,440,-1,0,-1
450,"","char_PLESIOMON","chr450",6,0,1,0,0,4,3,0,0,1,1,0,0,0,"",0,0,0,0,0,0,1,0,0,0,0,0,0,0,0,0,0,0,0,0,0,0,0,1,0,0,0,0,0,0,0,0,0,0,0,0,0,0,0,0,0,0,4,1,99,1713,1147,340,530,1290,1009,672,4,30263,"",1,0,"",2,0,"",3,0,"",3,0,"",3,0,"",3,0,"",3,0,"",3,0,"",3,0,"",3,0,"",3,0,"",3,27331,"",2,30282,"",25,20561,"",35,23431,"",45,3,2,3,0,1,0,24501,"",238,236,203,361,450,-1,0,-1
451,"","char_EBEMON","chr451",6,0,2,1,0,0,0,3,0,1,3,0,0,0,"",0,0,0,0,0,1,0,0,0,0,0,0,0,0,0,0,0,0,0,0,0,1,0,0,0,0,0,0,0,0,0,0,0,0,0,0,0,0,0,0,0,0,8,1,99,1027,1295,318,476,1734,876,880,4,27601,"",1,21681,"",2,0,"",3,0,"",3,0,"",3,0,"",3,0,"",3,0,"",3,0,"",3,0,"",3,0,"",3,0,"",3,21263,"",2,20961,"",25,24111,"",35,23871,"",45,3,2,6,0,1,0,24511,"",154,183,196,370,451,-1,0,-1
452,"","char_CYCLONEMON","chr452",4,0,2,0,3,0,1,0,1,0,3,0,0,0,"",0,0,0,0,0,1,0,1,0,0,0,0,0,0,0,0,0,0,0,0,0,0,0,0,1,0,0,0,0,0,0,0,0,0,0,0,0,0,0,0,0,0,3,1,99,799,393,371,386,291,287,173,1,30262,"",1,0,"",2,0,"",3,0,"",3,0,"",3,0,"",3,0,"",3,0,"",3,0,"",3,0,"",3,0,"",3,0,"",3,27731,"",2,30052,"",15,26882,"",25,0,"",1,2,2,3,0,1,0,24521,"",190,161,10,152,452,-1,0,-1
453,"","char_HOLYDRAMON","chr453",6,0,0,0,0,0,0,1,3,0,0,0,4,2,"",0,0,0,0,0,1,0,0,0,0,0,0,0,0,0,0,0,0,1,0,0,0,0,0,1,0,0,0,0,0,0,0,0,0,0,0,0,0,0,0,0,0,7,1,99,2075,853,363,601,1543,1354,690,4,26161,"",1,0,"",2,0,"",3,0,"",3,0,"",3,0,"",3,0,"",3,0,"",3,0,"",3,0,"",3,0,"",3,0,"",3,20751,"",2,21511,"",25,24211,"",35,30333,"",45,3,3,4,0,1,0,24531,"",236,196,220,336,453,-1,0,-1
454,"","char_WASPMON","chr454",4,0,2,0,0,1,1,0,3,1,3,3,0,0,"",0,0,0,0,0,1,0,0,0,0,0,0,0,0,0,0,0,0,0,0,0,1,0,0,0,0,0,0,0,0,0,0,0,0,0,0,0,0,0,0,0,0,12,1,99,707,321,262,342,177,207,252,1,33031,"",1,0,"",2,0,"",3,0,"",3,0,"",3,0,"",3,0,"",3,0,"",3,0,"",3,0,"",3,0,"",3,0,"",3,26051,"",2,27501,"",15,20462,"",25,0,"",1,2,3,7,0,1,0,24541,"",216,192,50,172,454,-1,0,-1
455,"","char_KARATUKINUMEMON","chr455",4,0,2,0,1,0,0,0,0,1,3,3,0,0,"",0,0,0,0,0,1,0,0,0,0,0,0,0,0,0,0,0,0,0,0,0,0,0,0,0,0,0,0,0,0,0,0,0,0,0,0,0,1,0,0,0,0,10,1,99,982,377,225,551,245,394,197,13,23451,"",1,0,"",2,0,"",3,0,"",3,0,"",3,0,"",3,0,"",3,0,"",3,0,"",3,0,"",3,0,"",3,0,"",3,27271,"",2,20751,"",15,27351,"",25,0,"",1,2,1,1,0,1,0,24551,"",165,172,87,144,455,-1,0,-1
456,"","char_REVOLMON","chr456",4,0,0,1,0,0,3,1,0,0,0,3,0,0,"",0,0,0,0,0,1,0,0,0,0,0,0,0,0,0,0,0,0,0,0,0,0,0,0,0,0,0,0,0,0,0,0,0,0,0,0,0,0,0,0,0,1,11,1,99,613,335,455,297,447,190,340,1,23871,"",1,0,"",2,0,"",3,0,"",3,0,"",3,0,"",3,0,"",3,0,"",3,0,"",3,0,"",3,0,"",3,0,"",3,24111,"",2,23821,"",15,23041,"",25,0,"",1,2,2,3,0,1,0,24561,"",138,146,150,108,456,-1,0,-1
457,"","char_DRACUMON","chr457",3,0,2,0,0,0,0,0,1,0,3,0,1,3,"",0,0,0,0,0,1,0,0,0,0,0,0,0,0,0,0,0,0,0,0,0,0,0,0,0,0,0,0,0,0,0,0,0,0,0,0,0,0,1,0,0,0,4,1,99,496,233,310,138,182,185,211,7,27383,"",1,0,"",2,0,"",3,0,"",3,0,"",3,0,"",3,0,"",3,0,"",3,0,"",3,0,"",3,0,"",3,0,"",3,20731,"",2,30023,"",10,0,"",0,0,"",1,1,1,1,0,1,0,24571,"",61,66,75,70,457,-1,0,-1
458,"","char_MONODRAMON","chr458",3,0,0,0,0,0,1,3,0,3,1,0,0,0,"",0,0,0,0,1,0,0,0,0,0,0,0,0,0,0,0,0,0,0,0,0,0,0,0,1,0,0,0,0,0,0,0,0,0,0,0,0,0,0,0,0,0,4,1,99,567,130,439,161,86,122,152,1,27423,"",1,0,"",2,0,"",3,0,"",3,0,"",3,0,"",3,0,"",3,0,"",3,0,"",3,0,"",3,0,"",3,0,"",3,27571,"",2,24381,"",10,0,"",0,0,"",1,1,1,1,0,1,0,24581,"",113,104,133,37,458,-1,0,-1
459,"","char_TUNOMON_TITAMON","chr438",2,1,6,3,1,1,0,1,0,0,3,3,0,0,"",0,0,0,0,1,0,0,0,0,0,0,0,0,0,0,0,0,0,0,0,0,0,0,0,0,0,0,0,0,0,0,0,0,0,0,0,0,0,0,0,0,0,11,1,99,313,172,143,173,81,113,164,13,32241,"",1,0,"",2,0,"",3,0,"",3,0,"",3,0,"",3,0,"",3,0,"",3,0,"",3,0,"",3,0,"",3,0,"",3,21951,"",5,0,"",1,0,"",1,0,"",1,1,1,1,0,1,0,24381,"",239,151,51,-1,459,-1,0,-1
461,"","char_SKULLMAMMON","chr461",6,0,0,0,1,0,3,0,0,0,0,0,1,3,"",0,0,0,0,0,1,0,0,0,0,0,0,0,0,0,0,0,0,0,0,0,0,0,0,0,0,0,0,0,0,0,0,0,0,0,0,0,0,1,0,0,0,2,1,99,1438,432,1338,1281,418,391,495,1,24631,"",1,0,"",2,0,"",3,0,"",3,0,"",3,0,"",3,0,"",3,0,"",3,0,"",3,0,"",3,0,"",3,0,"",3,30233,"",2,22181,"",25,30271,"",35,30071,"",45,3,2,8,0,1,0,24611,"",0,0,0,324,461,-1,0,-1
463,"","char_BLIMPMON","chr463",4,0,1,0,1,0,0,0,3,1,3,0,0,0,"",0,0,0,0,0,0,1,0,0,0,0,0,0,0,0,0,0,0,0,0,0,1,0,0,0,0,0,0,0,0,0,0,0,0,0,0,0,0,0,0,0,0,10,1,99,1474,629,218,353,249,301,262,16,21182,"",1,0,"",2,0,"",3,0,"",3,0,"",3,0,"",3,0,"",3,0,"",3,0,"",3,0,"",3,0,"",3,0,"",3,27711,"",2,27601,"",15,20681,"",25,0,"",1,2,2,7,0,1,0,24631,"",146,91,51,134,463,-1,0,-1
465,"","char_MASTERBLIMPMON","chr465",5,0,1,0,1,0,0,0,3,1,3,0,0,0,"",0,0,0,0,0,0,1,0,0,0,0,0,0,0,0,0,0,0,0,0,0,1,0,0,0,0,0,0,0,0,0,0,0,0,0,0,0,0,0,0,0,0,10,1,99,2154,610,202,352,374,742,415,16,27496,"",1,0,"",2,0,"",3,0,"",3,0,"",3,0,"",3,0,"",3,0,"",3,0,"",3,0,"",3,0,"",3,0,"",3,23462,"",2,20491,"",20,30151,"",30,21881,"",40,2,2,7,0,1,0,24651,"",129,144,154,257,465,-1,0,-1
466,"","char_DORIMON","chr466",2,0,6,0,3,0,0,1,1,3,1,3,0,0,"",0,0,0,0,1,0,0,0,0,0,0,0,0,0,0,0,0,0,0,0,0,0,0,0,0,0,0,0,0,0,0,0,0,0,0,0,0,0,0,0,0,0,4,1,99,421,183,185,102,158,147,151,1,27181,"",1,0,"",2,0,"",3,0,"",3,0,"",3,0,"",3,0,"",3,0,"",3,0,"",3,0,"",3,0,"",3,0,"",3,20231,"",5,0,"",1,0,"",1,0,"",1,1,1,1,0,1,0,24661,"",80,135,179,14,466,-1,0,-1
474,"","char_DINOHUMON","chr474",4,0,1,0,0,3,3,0,0,1,1,0,0,0,"",0,0,0,0,0,1,0,1,0,0,0,0,0,0,0,0,0,0,0,0,0,0,0,0,1,0,0,0,0,0,0,0,0,0,0,0,0,0,0,0,0,0,4,1,99,700,453,371,398,173,381,227,13,30282,"",1,0,"",2,0,"",3,0,"",3,0,"",3,0,"",3,0,"",3,0,"",3,0,"",3,0,"",3,0,"",3,0,"",3,20281,"",2,27002,"",15,30133,"",25,0,"",1,2,2,3,0,1,0,24741,"",0,0,0,127,474,-1,0,-1
479,"","char_LOADERLIOMON","chr479",5,0,0,0,0,0,0,1,0,1,3,3,0,0,"",0,0,0,0,0,1,0,0,0,0,0,0,0,0,0,0,0,0,0,0,0,1,0,0,0,0,0,0,0,0,0,0,0,0,0,0,0,0,0,0,0,0,3,1,99,1348,770,1027,718,583,458,827,1,27671,"",1,0,"",2,0,"",3,0,"",3,0,"",3,0,"",3,0,"",3,0,"",3,0,"",3,0,"",3,0,"",3,0,"",3,21041,"",2,32111,"",20,30161,"",30,26001,"",40,2,2,3,0,1,0,24791,"",0,0,0,228,479,-1,0,-1
484,"","char_JEWELBEEMON","chr484",5,0,0,0,1,0,1,0,3,0,3,0,0,0,"",0,0,0,0,0,1,0,0,0,0,0,0,0,0,0,0,1,0,0,0,0,0,0,0,0,0,0,0,0,0,0,0,0,0,0,0,0,0,0,0,0,0,2,1,99,1352,752,1506,614,577,616,917,7,25481,"",1,0,"",2,0,"",3,0,"",3,0,"",3,0,"",3,0,"",3,0,"",3,0,"",3,0,"",3,0,"",3,0,"",3,21961,"",2,20151,"",20,21882,"",30,26811,"",40,2,2,3,0,1,0,24841,"",238,236,203,211,484,-1,0,-1
489,"","char_AGUMON_KIZUNA","chr489",7,0,5,0,4,1,2,0,0,1,3,0,0,0,"",0,0,0,0,0,1,0,0,0,0,0,0,0,0,0,0,0,0,0,0,0,0,0,0,0,0,0,0,0,0,0,0,0,0,0,0,0,0,0,0,0,1,1,1,99,2836,1458,1068,782,1013,772,1009,1,34061,"",1,27002,"",2,0,"",3,0,"",3,0,"",3,0,"",3,0,"",3,0,"",3,0,"",3,0,"",3,0,"",3,0,"",3,20301,"",2,21131,"",25,21371,"",35,27321,"",45,4,2,3,0,1,0,24891,"",0,0,0,449,489,-1,0,-1
490,"","char_GABUMON_KIZUNA","chr490",7,0,5,0,0,0,4,1,2,1,0,3,0,0,"",0,0,0,0,0,1,0,0,0,0,0,0,0,0,0,0,0,0,0,0,0,0,0,0,0,0,0,0,0,0,0,0,0,0,0,0,0,0,0,0,0,1,9,1,99,2948,1227,984,902,891,1123,1392,13,24174,"",1,25771,"",2,0,"",3,0,"",3,0,"",3,0,"",3,0,"",3,0,"",3,0,"",3,0,"",3,0,"",3,0,"",3,24392,"",2,23961,"",25,21391,"",35,23111,"",45,4,2,3,0,1,0,24901,"",80,135,179,451,490,-1,0,-1
491,"","char_GREATGRYZMON","chr491",5,0,0,0,3,1,0,0,0,1,0,3,0,0,"",0,0,0,0,0,1,0,1,1,0,0,0,0,0,0,0,0,0,0,0,0,0,0,0,0,0,0,0,0,0,0,0,0,0,0,0,0,0,0,0,0,0,4,1,99,1192,535,691,698,736,756,410,13,21401,"",1,0,"",2,0,"",3,0,"",3,0,"",3,0,"",3,0,"",3,0,"",3,0,"",3,0,"",3,0,"",3,0,"",3,21263,"",2,21781,"",20,20752,"",30,25961,"",40,2,2,3,0,1,0,24841,"",80,135,179,207,491,-1,0,-1
492,"","char_CHARISMON","chr492",6,0,2,1,2,0,3,0,0,0,0,3,0,0,"",0,0,0,0,0,1,0,0,1,0,0,0,0,0,0,0,0,0,0,0,0,1,0,0,0,0,0,0,0,0,0,0,0,0,0,0,0,0,0,0,0,0,4,1,99,1641,769,1451,521,819,481,1097,7,23921,"",1,27351,"",2,0,"",3,0,"",3,0,"",3,0,"",3,0,"",3,0,"",3,0,"",3,0,"",3,0,"",3,0,"",3,27542,"",2,24231,"",25,31012,"",35,30306,"",45,3,2,3,0,1,0,24851,"",0,0,0,376,492,-1,0,-1
510,"","char_PYOCOMON","chr510",2,0,6,0,1,0,1,0,0,0,3,1,3,0,"",0,0,0,0,1,0,0,0,0,0,0,0,0,0,0,0,0,1,0,0,0,0,0,0,0,0,0,0,0,0,0,0,0,0,0,0,0,0,0,0,0,0,16,1,99,440,151,192,168,156,113,165,4,23891,"",1,0,"",2,0,"",3,0,"",3,0,"",3,0,"",3,0,"",3,0,"",3,0,"",3,0,"",3,0,"",3,0,"",3,31021,"",5,0,"",1,0,"",1,0,"",1,1,1,2,0,1,0,25101,"",254,208,238,17,510,-1,0,-1
512,"","char_TANEMON","chr512",2,0,6,0,1,0,1,3,0,0,3,1,3,0,"",0,0,0,0,1,0,0,0,0,0,0,0,0,0,0,0,0,1,0,0,0,0,0,0,0,0,0,0,0,0,0,0,0,0,0,0,0,0,0,0,0,0,10,1,99,371,135,182,103,109,108,134,13,24061,"",1,0,"",2,0,"",3,0,"",3,0,"",3,0,"",3,0,"",3,0,"",3,0,"",3,0,"",3,0,"",3,0,"",3,22152,"",5,0,"",1,0,"",1,0,"",1,1,1,2,0,1,0,25121,"",178,186,78,10,512,-1,0,-1
514,"","char_PUKAMON","chr514",2,0,6,0,1,3,3,0,0,1,3,1,0,0,"",0,0,0,0,1,0,0,0,0,0,0,0,0,0,0,0,0,0,0,0,0,0,0,0,0,0,0,0,0,0,0,0,0,0,0,0,0,0,0,0,0,0,4,1,99,252,420,61,96,153,164,111,16,20061,"",1,0,"",2,0,"",3,0,"",3,0,"",3,0,"",3,0,"",3,0,"",3,0,"",3,0,"",3,0,"",3,0,"",3,27252,"",5,0,"",1,0,"",1,0,"",1,1,1,1,0,1,0,25141,"",143,128,128,18,514,-1,0,-1
515,"","char_NYAROMON","chr515",2,0,6,0,1,1,0,3,3,0,0,0,1,3,"",0,0,0,0,1,0,0,0,0,0,0,0,0,0,0,0,0,0,0,0,0,0,0,0,0,0,0,0,0,0,0,0,0,0,0,0,0,0,0,0,0,0,6,1,99,342,346,63,102,220,120,153,10,24351,"",1,0,"",2,0,"",3,0,"",3,0,"",3,0,"",3,0,"",3,0,"",3,0,"",3,0,"",3,0,"",3,0,"",3,24901,"",5,0,"",1,0,"",1,0,"",1,1,1,2,0,1,0,25151,"",248,243,116,15,515,-1,0,-1
548,"","char_YUNIMON","chr548",4,0,0,0,0,0,0,0,3,0,1,0,3,1,"",0,0,0,0,0,1,0,0,1,0,0,0,0,0,0,0,0,0,0,0,0,0,0,0,0,0,0,0,0,0,0,0,0,1,0,0,0,0,0,0,0,0,14,1,99,755,435,260,133,483,267,312,4,25821,"",1,0,"",2,0,"",3,0,"",3,0,"",3,0,"",3,0,"",3,0,"",3,0,"",3,0,"",3,0,"",3,0,"",3,31042,"",2,20051,"",15,24242,"",25,0,"",1,2,2,3,0,1,0,25481,"",196,196,205,106,548,-1,0,-1
563,"","char_ELECMON","chr563",3,0,1,0,0,1,1,0,3,3,0,0,0,0,"",0,0,0,0,0,1,0,0,1,0,0,0,0,0,0,0,0,0,0,0,0,0,0,0,0,0,0,0,0,0,0,0,0,0,0,0,0,0,0,0,0,0,11,1,99,672,467,163,180,236,149,244,4,20602,"",2,0,"",2,0,"",3,0,"",3,0,"",3,0,"",3,0,"",3,0,"",3,0,"",3,0,"",3,0,"",3,0,"",3,24252,"",2,24941,"",10,0,"",0,0,"",1,1,1,1,0,1,0,25631,"",229,106,77,-1,563,-1,0,-1
564,"","char_ELECMON","chr564",3,0,1,0,0,1,1,0,3,3,0,0,0,0,"",0,0,0,0,0,1,0,0,1,0,0,0,0,0,0,0,0,0,0,0,0,0,0,0,0,0,0,0,0,0,0,0,0,0,0,0,0,0,0,0,0,0,11,1,99,509,449,233,164,153,213,167,4,20041,"",1,0,"",2,0,"",3,0,"",3,0,"",3,0,"",3,0,"",3,0,"",3,0,"",3,0,"",3,0,"",3,0,"",3,21971,"",2,30213,"",10,0,"",0,0,"",1,1,1,1,0,1,0,25641,"",229,106,77,40,564,-1,0,-1
567,"","char_PAGUMON","chr567",2,0,6,0,1,3,3,1,0,1,3,0,0,0,"",0,0,0,0,1,0,0,0,0,0,0,0,0,0,0,0,0,0,0,0,0,0,0,0,0,0,0,0,0,0,0,0,0,0,0,0,0,0,0,0,0,0,14,1,99,377,491,102,79,256,113,233,10,26881,"",1,0,"",2,0,"",3,0,"",3,0,"",3,0,"",3,0,"",3,0,"",3,0,"",3,0,"",3,0,"",3,0,"",3,21331,"",5,0,"",1,0,"",1,0,"",1,1,1,1,0,1,0,25671,"",170,175,188,16,567,-1,0,-1
569,"","char_GAZIMON","chr569",3,0,2,0,1,0,3,0,3,0,1,0,0,0,"",0,0,0,0,0,1,0,0,1,0,0,0,0,0,0,0,0,0,0,0,0,0,0,0,0,0,0,0,0,0,0,0,0,0,0,0,0,0,0,0,0,0,3,1,99,602,187,382,130,172,136,293,1,21411,"",1,0,"",2,0,"",3,0,"",3,0,"",3,0,"",3,0,"",3,0,"",3,0,"",3,0,"",3,0,"",3,0,"",3,31022,"",2,24291,"",10,0,"",0,0,"",1,1,1,1,0,1,0,25691,"",177,177,203,62,569,-1,0,-1
573,"","char_HYOKOMON","chr573",3,0,0,0,0,3,3,1,0,0,1,0,0,0,"",0,0,0,0,0,1,0,0,0,0,0,0,0,0,0,0,0,0,0,0,0,0,0,0,0,0,0,0,0,0,0,0,0,0,0,0,0,0,0,0,0,0,4,1,99,587,241,317,207,264,229,290,7,27412,"",1,0,"",2,0,"",3,0,"",3,0,"",3,0,"",3,0,"",3,0,"",3,0,"",3,0,"",3,0,"",3,0,"",3,20452,"",2,20851,"",10,0,"",0,0,"",1,1,1,1,0,1,0,25731,"",0,0,0,31,573,-1,0,-1
574,"","char_BURAIMON","chr574",4,0,0,0,0,0,3,0,1,1,3,0,0,0,"",0,0,0,0,0,1,0,0,0,0,0,0,0,0,0,0,0,0,0,0,0,0,0,0,0,0,0,0,0,0,0,0,0,0,0,0,0,0,0,0,0,0,4,1,99,825,314,384,251,219,240,280,7,21741,"",1,0,"",2,0,"",3,0,"",3,0,"",3,0,"",3,0,"",3,0,"",3,0,"",3,0,"",3,0,"",3,0,"",3,30232,"",2,24281,"",15,30331,"",25,0,"",1,2,2,3,0,1,0,25741,"",0,0,0,102,574,-1,0,-1
575,"","char_BUTEN","chr575",5,0,0,0,3,1,0,1,0,3,0,0,0,0,"",0,0,0,0,0,1,0,0,0,0,0,0,0,0,0,0,0,0,0,0,0,0,0,0,0,0,0,0,0,0,0,0,0,0,0,0,0,0,0,0,0,0,4,1,99,1550,514,696,659,482,501,998,7,27371,"",1,0,"",2,0,"",3,0,"",3,0,"",3,0,"",3,0,"",3,0,"",3,0,"",3,0,"",3,0,"",3,0,"",3,34051,"",2,23081,"",20,21172,"",30,24941,"",40,2,2,3,0,1,0,25751,"",0,0,0,218,575,-1,0,-1
576,"","char_NANOMON","chr576",5,0,2,1,0,3,3,0,0,1,0,0,0,0,"",0,0,0,0,0,1,0,0,0,0,0,0,0,0,0,0,0,0,0,0,0,1,0,0,0,0,0,0,0,0,0,0,0,0,0,0,0,0,0,0,0,0,14,1,99,1438,939,364,633,884,691,579,4,23431,"",1,0,"",2,0,"",3,0,"",3,0,"",3,0,"",3,0,"",3,0,"",3,0,"",3,0,"",3,0,"",3,0,"",3,30233,"",2,24921,"",20,20602,"",30,24161,"",40,2,2,7,0,1,0,25761,"",177,176,176,285,576,-1,0,-1
577,"","char_SHAMAMON","chr577",3,0,2,0,1,0,0,3,3,1,1,0,0,0,"",0,0,0,0,0,1,0,1,0,0,0,0,0,0,0,0,0,0,0,0,0,0,0,0,0,1,0,0,0,0,0,0,0,0,0,0,0,0,0,0,0,0,10,1,99,534,395,324,143,142,236,139,16,26042,"",1,0,"",2,0,"",3,0,"",3,0,"",3,0,"",3,0,"",3,0,"",3,0,"",3,0,"",3,0,"",3,0,"",3,20601,"",2,20231,"",10,0,"",0,0,"",1,1,1,1,0,1,0,25771,"",0,0,0,66,577,-1,0,-1
578,"","char_SNOWGOBURIMON","chr578",3,0,2,0,2,3,3,0,0,1,0,0,0,0,"",0,0,0,0,0,1,0,1,0,0,0,0,0,0,0,0,0,0,0,0,0,0,0,0,0,1,0,0,0,0,0,0,0,0,0,0,0,0,0,0,0,0,11,1,99,650,313,204,257,78,234,179,1,20952,"",1,0,"",2,0,"",3,0,"",3,0,"",3,0,"",3,0,"",3,0,"",3,0,"",3,0,"",3,0,"",3,0,"",3,27111,"",2,20261,"",10,0,"",0,0,"",1,1,1,1,0,1,0,25781,"",0,0,0,68,578,-1,0,-1
579,"","char_FUGAMON","chr579",4,0,2,0,3,1,1,0,0,0,3,0,0,0,"",0,0,0,0,0,1,0,1,0,0,0,0,0,0,0,0,0,0,0,0,0,0,0,0,0,1,0,0,0,0,0,0,0,0,0,0,0,0,0,0,0,0,10,1,99,800,497,446,227,281,283,284,1,27402,"",1,0,"",2,0,"",3,0,"",3,0,"",3,0,"",3,0,"",3,0,"",3,0,"",3,0,"",3,0,"",3,0,"",3,20231,"",2,27722,"",15,25921,"",25,0,"",1,2,2,3,0,1,0,25791,"",0,0,0,163,579,-1,0,-1
580,"","char_HYOUGAMON","chr580",4,0,2,0,1,3,3,0,0,0,0,1,0,0,"",0,0,0,0,0,1,0,0,0,0,0,0,1,0,0,0,0,0,0,0,0,0,0,0,0,0,0,0,0,0,0,0,0,0,0,0,0,0,0,0,0,0,11,1,99,674,279,533,243,208,274,215,1,23462,"",1,0,"",2,0,"",3,0,"",3,0,"",3,0,"",3,0,"",3,0,"",3,0,"",3,0,"",3,0,"",3,0,"",3,20952,"",2,21942,"",15,21422,"",25,0,"",1,2,2,3,0,1,0,25801,"",0,0,0,162,580,-1,0,-1
582,"","char_OTAMAMON","chr582",3,0,2,0,1,3,0,3,0,1,0,0,0,0,"",0,0,0,0,0,1,0,0,0,0,0,0,0,0,0,0,0,0,0,0,0,0,0,0,0,0,0,1,0,0,0,0,0,0,0,0,0,0,0,0,0,0,16,1,99,685,306,55,167,259,270,160,4,24271,"",1,0,"",2,0,"",3,0,"",3,0,"",3,0,"",3,0,"",3,0,"",3,0,"",3,0,"",3,0,"",3,0,"",3,27551,"",2,30202,"",10,0,"",0,0,"",1,1,1,1,0,1,0,25821,"",105,101,129,61,582,-1,0,-1
584,"","char_FANTOMON","chr584",5,0,2,0,1,0,3,0,0,0,0,0,1,3,"",0,0,0,0,0,1,0,0,0,0,1,0,0,0,0,0,0,0,0,0,0,0,0,0,0,0,0,0,0,0,0,0,0,0,0,0,0,0,0,0,0,0,14,1,99,988,890,554,740,1034,1072,743,4,23971,"",1,0,"",2,0,"",3,0,"",3,0,"",3,0,"",3,0,"",3,0,"",3,0,"",3,0,"",3,0,"",3,0,"",3,22241,"",2,29211,"",20,24162,"",30,21171,"",40,2,2,6,0,1,0,25841,"",134,139,148,286,584,-1,0,-1
586,"","char_FLYMON","chr586",4,0,2,0,1,0,0,3,3,0,1,0,0,0,"",0,0,0,0,0,1,0,0,0,0,0,0,0,0,0,0,1,0,0,0,0,0,0,0,0,0,0,0,0,0,0,0,0,0,0,0,0,0,0,0,0,0,12,1,99,442,520,450,190,326,148,445,7,30112,"",1,0,"",2,0,"",3,0,"",3,0,"",3,0,"",3,0,"",3,0,"",3,0,"",3,0,"",3,0,"",3,0,"",3,20921,"",2,30304,"",15,25741,"",25,0,"",1,2,3,8,0,1,0,25861,"",211,195,72,164,586,-1,0,-1
588,"","char_MAMMON","chr588",5,0,0,0,1,0,3,0,0,1,3,0,0,0,"",0,0,0,0,0,1,0,0,1,0,0,0,0,0,0,0,0,0,0,0,0,0,0,0,0,0,0,0,0,0,1,0,0,0,0,0,0,0,0,0,0,0,2,1,99,1861,579,888,848,693,670,521,4,24502,"",1,0,"",2,0,"",3,0,"",3,0,"",3,0,"",3,0,"",3,0,"",3,0,"",3,0,"",3,0,"",3,0,"",3,21882,"",2,27752,"",20,33051,"",30,22171,"",40,2,2,8,0,1,0,25881,"",156,106,72,222,588,-1,0,-1
590,"","char_RAREMON","chr590",4,0,2,0,1,3,0,0,0,0,0,0,1,3,"",0,0,0,0,0,1,0,0,0,0,0,0,0,0,0,0,0,0,0,0,0,0,0,0,0,0,0,0,0,0,0,0,0,0,0,0,0,0,1,0,0,0,4,1,99,1398,333,258,318,198,281,144,1,32011,"",1,0,"",2,0,"",3,0,"",3,0,"",3,0,"",3,0,"",3,0,"",3,0,"",3,0,"",3,0,"",3,0,"",3,25141,"",2,30151,"",15,20952,"",25,0,"",1,2,2,6,0,1,0,25901,"",142,156,188,171,590,-1,0,-1
592,"","char_DOKUGUMON","chr592",4,0,2,0,1,0,0,3,1,0,3,0,0,0,"",0,0,0,0,0,1,0,0,0,0,0,0,0,0,0,0,1,0,0,0,0,0,0,0,0,0,0,0,0,0,0,0,0,0,0,0,0,0,0,0,0,0,11,1,99,581,439,355,198,287,236,369,7,30281,"",1,0,"",2,0,"",3,0,"",3,0,"",3,0,"",3,0,"",3,0,"",3,0,"",3,0,"",3,0,"",3,0,"",3,21381,"",2,27541,"",15,24031,"",25,0,"",1,2,2,8,0,1,0,25921,"",0,0,0,158,592,-1,0,-1
594,"","char_GIZAMON","chr594",3,0,2,0,0,3,0,0,3,1,1,0,0,0,"",0,0,0,0,0,1,0,0,1,0,0,1,0,0,0,0,0,0,0,0,0,0,0,0,0,0,0,0,0,0,0,0,0,0,0,0,0,0,0,0,0,0,3,1,99,624,272,235,160,251,192,171,4,21921,"",1,0,"",2,0,"",3,0,"",3,0,"",3,0,"",3,0,"",3,0,"",3,0,"",3,0,"",3,0,"",3,0,"",3,24922,"",2,26211,"",10,0,"",0,0,"",1,1,1,1,0,1,0,25941,"",191,77,14,63,594,-1,0,-1
595,"","char_GOTTSUMON","chr595",3,0,1,0,0,3,0,1,1,0,4,0,0,0,"",0,0,0,0,0,1,0,0,0,0,0,0,0,0,0,1,0,0,0,0,0,0,0,0,0,0,0,0,0,0,0,0,0,0,0,0,0,0,0,0,0,0,11,1,99,563,256,227,228,207,190,185,13,21511,"",1,0,"",2,0,"",3,0,"",3,0,"",3,0,"",3,0,"",3,0,"",3,0,"",3,0,"",3,0,"",3,0,"",3,27591,"",2,20811,"",10,0,"",0,0,"",1,1,1,1,0,1,0,25951,"",132,145,138,46,595,-1,0,-1
596,"","char_PUMPMON","chr596",5,0,1,0,1,0,0,3,0,0,3,1,0,0,"",0,0,0,0,0,1,0,0,0,0,0,0,0,0,0,0,0,0,0,0,0,0,0,0,0,0,0,0,0,0,0,0,0,0,0,0,0,0,0,0,1,0,16,1,99,1387,528,648,495,992,736,504,4,26811,"",1,0,"",2,0,"",3,0,"",3,0,"",3,0,"",3,0,"",3,0,"",3,0,"",3,0,"",3,0,"",3,0,"",3,25791,"",2,21341,"",20,20531,"",30,30021,"",40,2,1,1,0,1,0,25961,"",207,140,36,251,596,-1,0,-1
597,"","char_SNIMON","chr597",4,0,0,0,1,0,0,3,1,0,0,3,0,0,"",0,0,0,0,0,1,0,0,0,0,0,0,0,0,0,0,1,0,0,0,0,0,0,0,0,0,0,0,0,0,0,0,0,0,0,0,0,0,0,0,0,0,10,1,99,548,333,299,287,286,202,377,7,21161,"",1,0,"",2,0,"",3,0,"",3,0,"",3,0,"",3,0,"",3,0,"",3,0,"",3,0,"",3,0,"",3,0,"",3,24051,"",2,20982,"",15,20601,"",25,0,"",1,2,2,8,0,1,0,25971,"",0,0,0,94,597,-1,0,-1
598,"","char_TUSKMON","chr598",4,0,2,0,0,0,1,1,0,3,3,0,0,0,"",0,0,0,0,0,1,0,0,0,0,0,0,0,0,0,0,0,0,0,0,0,0,0,1,0,0,0,0,0,0,0,0,0,0,0,0,0,0,0,0,0,0,2,1,99,831,457,504,261,143,188,360,1,22321,"",1,0,"",2,0,"",3,0,"",3,0,"",3,0,"",3,0,"",3,0,"",3,0,"",3,0,"",3,0,"",3,0,"",3,24041,"",2,23211,"",15,30031,"",25,0,"",1,2,2,3,0,1,0,25981,"",65,77,45,155,598,-1,0,-1
600,"","char_VENOMMYOTISMON","chr600",6,0,2,0,3,0,0,0,0,1,0,0,1,3,"",0,0,0,0,0,1,0,0,1,0,0,0,0,0,0,0,0,0,0,1,0,0,0,0,0,0,0,0,0,0,0,0,0,0,0,0,0,0,0,0,0,0,15,1,99,2469,996,1226,561,800,668,769,1,22231,"",1,0,"",2,0,"",3,0,"",3,0,"",3,0,"",3,0,"",3,0,"",3,0,"",3,0,"",3,0,"",3,0,"",3,31032,"",2,30333,"",25,30094,"",35,26011,"",45,3,2,3,0,1,0,26001,"",131,39,26,371,600,-1,0,-1
601,"","char_WITCHMON","chr601",4,0,1,0,0,3,0,1,3,0,1,0,0,0,"",0,0,0,0,0,1,0,1,0,0,0,0,0,0,0,0,0,0,0,1,0,0,0,0,0,0,0,0,0,0,0,0,0,0,0,0,0,0,0,0,0,0,16,1,99,776,327,155,230,511,357,392,4,26991,"",1,0,"",2,0,"",3,0,"",3,0,"",3,0,"",3,0,"",3,0,"",3,0,"",3,0,"",3,0,"",3,0,"",3,30171,"",2,20971,"",15,21841,"",25,0,"",1,2,3,4,0,1,0,26011,"",160,34,19,113,601,-1,0,-1
602,"","char_MISTYMON","chr602",5,0,2,0,3,3,0,0,0,1,1,0,0,0,"",0,0,0,0,0,1,0,0,0,0,0,0,0,0,0,0,0,0,0,0,0,0,0,0,0,0,0,0,0,1,0,0,0,0,0,1,0,0,0,0,0,0,15,1,99,758,710,692,649,770,543,550,4,23823,"",1,0,"",2,0,"",3,0,"",3,0,"",3,0,"",3,0,"",3,0,"",3,0,"",3,0,"",3,0,"",3,0,"",3,21071,"",2,21731,"",20,30021,"",30,27002,"",40,2,2,3,0,1,0,26021,"",0,0,0,292,602,-1,0,-1
603,"","char_MEDIEVALDUKEMON","chr603",6,0,1,3,0,0,1,0,3,1,0,0,0,0,"",0,0,0,0,0,1,0,0,0,0,0,0,0,0,0,0,0,0,0,0,0,0,0,0,0,0,0,0,0,0,0,0,0,0,0,1,0,0,0,0,0,0,15,1,99,1234,539,643,1216,1185,1123,956,4,27391,"",1,27601,"",2,0,"",3,0,"",3,0,"",3,0,"",3,0,"",3,0,"",3,0,"",3,0,"",3,0,"",3,0,"",3,25801,"",2,30036,"",25,23011,"",35,24031,"",45,3,2,3,0,1,0,26031,"",0,0,0,366,603,-1,0,-1
604,"","char_GRACENOVAMON","chr604",7,0,0,1,0,0,0,0,0,1,0,0,3,3,"",0,0,0,0,0,1,0,0,0,0,0,0,0,0,0,0,0,0,0,0,0,0,0,0,0,0,0,0,0,0,0,1,0,0,0,0,0,0,0,0,0,0,15,1,99,2930,806,1193,1159,1187,1238,1035,4,21931,"",1,20211,"",2,0,"",3,0,"",3,0,"",3,0,"",3,0,"",3,0,"",3,0,"",3,0,"",3,0,"",3,0,"",3,30185,"",2,30293,"",25,23471,"",35,27732,"",45,4,2,3,0,1,0,26041,"",0,0,0,434,604,-1,0,-1
605,"","char_ANOMALOCARIMON","chr605",5,0,1,0,1,3,0,0,0,1,3,0,0,0,"",0,0,0,0,0,1,0,0,0,0,0,0,0,0,0,0,0,0,0,0,0,0,0,0,0,0,0,0,0,0,1,0,0,0,0,0,0,1,0,0,0,0,12,1,99,952,616,577,861,422,681,606,13,27494,"",1,0,"",2,0,"",3,0,"",3,0,"",3,0,"",3,0,"",3,0,"",3,0,"",3,0,"",3,0,"",3,0,"",3,30281,"",2,20481,"",20,30332,"",30,26781,"",40,2,2,3,0,1,0,26051,"",189,158,114,230,605,-1,0,-1
606,"","char_HANGYOMON","chr606",5,0,1,0,1,3,3,0,0,0,0,1,0,0,"",0,0,0,0,0,1,0,1,1,0,0,1,0,0,0,0,0,0,0,0,0,0,0,0,0,0,0,0,0,0,0,0,0,0,0,0,0,0,0,0,0,0,3,1,99,936,616,945,500,798,329,825,1,21631,"",1,0,"",2,0,"",3,0,"",3,0,"",3,0,"",3,0,"",3,0,"",3,0,"",3,0,"",3,0,"",3,0,"",3,24252,"",2,30066,"",20,27581,"",30,21711,"",40,2,2,3,0,1,0,26061,"",31,94,144,249,606,-1,0,-1
607,"","char_MUSHMON","chr607",3,0,2,0,1,0,0,3,1,0,3,0,0,0,"",0,0,0,0,0,1,0,0,0,0,0,0,0,0,0,0,0,1,0,0,0,0,0,0,0,0,0,0,0,0,0,0,0,0,0,0,0,0,0,0,0,0,11,1,99,660,148,304,179,179,137,204,1,25101,"",1,0,"",2,0,"",3,0,"",3,0,"",3,0,"",3,0,"",3,0,"",3,0,"",3,0,"",3,0,"",3,0,"",3,20391,"",2,22291,"",10,0,"",0,0,"",1,1,1,1,0,1,0,26071,"",147,100,173,75,607,-1,0,-1
609,"","char_KOKUWAMON","chr609",3,0,1,0,0,1,1,0,3,3,0,0,0,0,"",0,0,0,0,0,1,0,0,0,0,0,0,0,0,0,0,0,0,0,0,0,1,0,0,0,0,0,0,0,0,0,0,0,0,0,0,0,0,0,0,0,0,2,1,99,612,255,197,257,197,153,246,16,21701,"",1,0,"",2,0,"",3,0,"",3,0,"",3,0,"",3,0,"",3,0,"",3,0,"",3,0,"",3,0,"",3,0,"",3,27472,"",2,25751,"",10,0,"",0,0,"",1,1,1,1,0,1,0,26091,"",145,145,145,45,609,-1,0,-1
610,"","char_KIWIMON","chr610",4,0,1,0,1,0,0,3,0,0,3,1,0,0,"",0,0,0,0,0,1,0,0,0,0,0,0,0,0,0,0,0,0,0,0,0,0,0,0,0,0,1,0,0,0,1,0,0,0,0,0,0,0,0,0,0,0,14,1,99,930,514,306,189,519,204,343,4,21742,"",1,0,"",2,0,"",3,0,"",3,0,"",3,0,"",3,0,"",3,0,"",3,0,"",3,0,"",3,0,"",3,0,"",3,27384,"",2,21942,"",15,23971,"",25,0,"",1,2,1,1,0,1,0,26101,"",119,88,54,116,610,-1,0,-1
611,"","char_FLORAMON","chr611",3,0,1,0,1,0,0,3,0,0,3,1,0,0,"",0,0,0,0,0,1,0,0,0,0,0,0,0,0,0,0,0,1,0,0,0,0,0,0,0,0,0,0,0,0,0,0,0,0,0,0,0,0,0,0,0,0,14,1,99,482,306,175,179,265,270,191,4,21831,"",1,0,"",2,0,"",3,0,"",3,0,"",3,0,"",3,0,"",3,0,"",3,0,"",3,0,"",3,0,"",3,0,"",3,27561,"",2,22261,"",10,0,"",0,0,"",1,1,3,2,0,1,0,26111,"",0,0,0,54,611,-1,0,-1
613,"","char_CLAVISANGEMON","chr613",6,0,0,1,0,0,0,0,0,0,0,3,3,1,"",0,0,0,0,0,1,0,0,0,0,0,0,0,0,0,0,0,0,0,0,0,0,1,0,0,0,0,0,0,0,0,0,0,0,0,0,0,0,0,0,0,0,6,1,99,1070,1082,260,886,1530,1123,682,4,21701,"",1,0,"",2,0,"",3,0,"",3,0,"",3,0,"",3,0,"",3,0,"",3,0,"",3,0,"",3,0,"",3,0,"",3,21451,"",2,30231,"",25,21391,"",35,21263,"",45,3,2,3,0,1,0,26131,"",0,0,0,315,613,-1,0,-1
614,"","char_SLASHANGEMON","chr614",6,0,0,1,0,0,0,0,0,0,0,3,3,1,"",0,0,0,0,0,1,0,0,0,0,0,0,0,0,0,0,0,0,0,0,0,0,1,0,0,0,0,0,0,0,0,0,0,0,0,0,0,0,0,0,0,0,4,1,99,1929,673,1107,694,586,764,979,1,20241,"",1,23781,"",2,0,"",3,0,"",3,0,"",3,0,"",3,0,"",3,0,"",3,0,"",3,0,"",3,0,"",3,0,"",3,22091,"",2,23741,"",25,22231,"",35,24511,"",45,3,2,3,0,1,0,26141,"",74,153,186,325,614,-1,0,-1
615,"","char_MECHANORIMON","chr615",4,0,2,1,0,0,0,3,0,1,3,0,0,0,"",0,0,0,0,0,1,0,0,0,0,0,0,0,0,0,0,0,0,0,0,0,1,0,0,0,0,0,0,0,0,0,0,0,0,0,0,0,0,0,0,0,0,7,1,99,1097,501,320,427,353,332,141,13,23832,"",1,0,"",2,0,"",3,0,"",3,0,"",3,0,"",3,0,"",3,0,"",3,0,"",3,0,"",3,0,"",3,0,"",3,20391,"",2,32231,"",15,21371,"",25,0,"",1,2,2,7,0,1,0,26151,"",152,151,151,170,615,-1,0,-1
616,"","char_MAGNAKIDMON","chr616",6,0,2,3,0,1,1,0,0,3,0,0,0,0,"",0,0,0,0,0,1,0,1,0,0,0,0,0,0,0,0,0,0,0,0,0,0,0,0,1,0,0,0,0,0,0,0,0,0,0,0,0,0,0,0,0,0,2,1,99,1291,727,1088,909,982,774,910,4,27322,"",1,21042,"",2,0,"",3,0,"",3,0,"",3,0,"",3,0,"",3,0,"",3,0,"",3,0,"",3,0,"",3,0,"",3,21882,"",2,21111,"",25,21181,"",35,20491,"",45,3,2,3,0,1,0,26161,"",0,0,0,403,616,-1,0,-1
617,"","char_AVENGEKIDMON","chr617",6,0,2,3,0,0,1,0,0,0,0,0,1,3,"",0,0,0,0,0,1,0,1,0,0,0,0,0,0,0,0,0,0,0,0,0,0,0,0,1,0,0,0,0,0,0,0,0,0,0,0,0,0,0,0,0,0,3,1,99,1432,728,1182,551,1070,521,993,1,26101,"",1,20941,"",2,0,"",3,0,"",3,0,"",3,0,"",3,0,"",3,0,"",3,0,"",3,0,"",3,0,"",3,0,"",3,20361,"",2,26881,"",25,27571,"",35,27251,"",45,3,2,3,0,1,0,26171,"",0,0,0,369,617,-1,0,-1
621,"","char_TANKMON","chr621",4,0,1,0,3,0,0,1,1,0,3,0,0,0,"",0,0,0,0,0,1,0,0,0,0,0,0,0,0,0,0,0,0,0,0,0,1,0,0,0,0,0,0,0,0,0,0,0,0,0,0,0,0,0,0,0,0,11,1,99,537,269,232,445,290,288,206,13,27352,"",1,0,"",2,0,"",3,0,"",3,0,"",3,0,"",3,0,"",3,0,"",3,0,"",3,0,"",3,0,"",3,0,"",3,27482,"",2,24101,"",15,33031,"",25,0,"",1,2,2,7,0,1,0,26211,"",172,208,82,125,621,-1,0,-1
622,"","char_PENMON","chr622",3,0,0,0,1,3,3,0,0,0,0,1,0,0,"",0,0,0,0,0,1,0,0,0,0,0,0,0,0,0,0,0,0,0,0,0,0,0,0,0,0,1,0,0,0,0,0,0,0,0,0,0,0,0,0,0,0,3,1,99,431,256,258,161,112,124,169,13,25751,"",1,0,"",2,0,"",3,0,"",3,0,"",3,0,"",3,0,"",3,0,"",3,0,"",3,0,"",3,0,"",3,0,"",3,32161,"",2,26131,"",10,0,"",0,0,"",1,1,1,1,0,1,0,26221,"",151,170,225,36,622,-1,0,-1
623,"","char_MUCHOMON","chr623",3,0,1,0,0,1,1,3,0,0,3,0,0,0,"",0,0,0,0,0,1,0,0,0,0,0,0,0,0,0,0,0,0,0,0,0,0,0,0,0,0,1,0,0,0,0,0,0,0,0,0,0,0,0,0,0,0,6,1,99,403,424,163,122,180,161,236,7,24941,"",1,0,"",2,0,"",3,0,"",3,0,"",3,0,"",3,0,"",3,0,"",3,0,"",3,0,"",3,0,"",3,0,"",3,22281,"",2,24081,"",10,0,"",0,0,"",1,1,1,1,0,1,0,26231,"",151,170,225,55,623,-1,0,-1
626,"","char_KERAMON","chr626",3,0,5,2,1,3,0,0,0,3,0,1,0,3,"",0,0,0,0,0,1,0,0,0,0,0,0,0,0,0,0,0,0,0,0,0,0,0,0,0,0,0,0,0,0,0,0,0,0,0,0,0,0,0,0,0,1,16,1,99,581,201,322,116,178,138,268,1,20391,"",1,0,"",2,0,"",3,0,"",3,0,"",3,0,"",3,0,"",3,0,"",3,0,"",3,0,"",3,0,"",3,0,"",3,27291,"",2,30283,"",10,0,"",0,0,"",1,1,2,6,0,1,0,26261,"",151,170,225,80,626,-1,0,-1
627,"","char_INFERMON","chr627",5,0,5,2,1,3,0,0,0,3,0,1,0,3,"",0,0,0,0,0,1,0,0,0,0,0,0,0,0,0,0,0,0,0,0,0,0,0,0,0,0,0,0,0,0,0,0,0,0,0,0,0,0,0,0,0,1,16,1,99,1457,584,899,285,360,459,924,7,27332,"",1,0,"",2,0,"",3,0,"",3,0,"",3,0,"",3,0,"",3,0,"",3,0,"",3,0,"",3,0,"",3,0,"",3,26271,"",2,20602,"",20,30291,"",30,24261,"",40,2,2,6,0,1,0,26271,"",229,227,241,304,627,-1,0,-1
629,"","char_KURAMON","chr629",1,0,6,1,0,3,1,0,0,1,1,3,0,3,"",0,0,0,0,1,0,0,0,0,0,0,0,0,0,0,0,0,0,0,0,0,0,0,0,0,0,0,0,0,0,0,0,0,0,0,0,0,0,0,0,0,1,16,1,99,240,282,170,136,108,83,178,7,25921,"",1,0,"",2,0,"",3,0,"",3,0,"",3,0,"",3,0,"",3,0,"",3,0,"",3,0,"",3,0,"",3,0,"",3,0,"",1,0,"",1,0,"",1,0,"",1,1,2,6,0,1,0,26291,"",164,160,188,1,629,-1,0,-1
630,"","char_KURISARIMON","chr630",4,0,5,2,1,3,0,0,0,3,0,1,0,3,"",0,0,0,0,0,1,0,0,0,0,0,0,0,0,0,0,0,0,0,0,0,0,0,0,0,0,0,0,0,0,0,0,0,0,0,0,0,0,0,0,0,1,16,1,99,931,360,317,149,151,154,206,1,25771,"",1,0,"",2,0,"",3,0,"",3,0,"",3,0,"",3,0,"",3,0,"",3,0,"",3,0,"",3,0,"",3,0,"",3,30243,"",2,23971,"",15,21291,"",25,0,"",1,2,2,6,0,1,0,26301,"",109,97,139,178,630,-1,0,-1
631,"","char_TSUMEMON","chr631",2,0,6,3,3,1,1,0,0,0,0,1,0,3,"",0,0,0,0,1,0,0,0,0,0,0,0,0,0,0,0,0,0,0,0,0,0,0,0,0,0,0,0,0,0,0,0,0,0,0,0,0,0,0,0,0,1,16,1,99,318,218,172,127,120,86,128,7,23971,"",1,0,"",2,0,"",3,0,"",3,0,"",3,0,"",3,0,"",3,0,"",3,0,"",3,0,"",3,0,"",3,0,"",3,31032,"",5,0,"",1,0,"",1,0,"",1,1,2,6,0,1,0,26311,"",132,149,199,12,631,-1,0,-1
632,"","char_DIABOROMON","chr632",6,0,5,2,1,3,0,0,0,3,0,1,0,3,"",0,0,0,0,0,1,0,0,0,0,0,0,0,0,0,0,0,0,0,0,0,0,0,0,0,0,0,0,0,0,0,0,0,0,0,0,0,0,0,0,0,1,16,1,99,2393,789,1489,620,547,428,996,7,22421,"",1,0,"",2,0,"",3,0,"",3,0,"",3,0,"",3,0,"",3,0,"",3,0,"",3,0,"",3,0,"",3,0,"",3,32071,"",2,23641,"",25,23081,"",35,30212,"",45,3,2,8,0,1,0,26321,"",72,87,130,421,632,-1,0,-1
669,"","char_ALDAMON","chr669",12,0,4,3,4,1,2,0,0,0,0,0,0,0,"",0,0,0,0,0,1,0,1,0,0,0,0,0,0,0,0,0,0,0,1,0,0,0,0,0,0,0,0,0,0,0,0,0,0,0,0,0,0,0,0,0,0,2,1,99,1887,493,1355,731,432,424,711,1,24161,"",1,0,"",2,0,"",3,0,"",3,0,"",3,0,"",3,0,"",3,0,"",3,0,"",3,0,"",3,0,"",3,0,"",3,22101,"",2,26811,"",25,20241,"",35,30103,"",45,2,2,3,0,1,0,26691,"",0,0,0,305,669,-1,0,-1
670,"","char_BEOWOLFMON","chr670",12,0,4,0,0,0,0,1,3,0,0,0,4,2,"",0,0,0,0,0,1,0,0,0,0,0,0,0,0,0,0,0,0,0,0,0,0,0,0,0,0,0,0,0,0,0,0,0,0,0,1,0,0,0,0,0,0,11,1,99,1175,506,735,391,854,386,736,1,30261,"",1,0,"",2,0,"",3,0,"",3,0,"",3,0,"",3,0,"",3,0,"",3,0,"",3,0,"",3,0,"",3,0,"",3,22271,"",2,30061,"",25,20601,"",35,22081,"",45,2,2,3,0,1,0,26701,"",0,0,0,306,670,-1,0,-1
675,"","char_MAGNAGARURUMON_SEPARATION","chr675",13,0,4,1,0,0,0,0,3,0,0,0,4,2,"",0,0,0,0,0,1,0,1,0,0,0,0,0,0,0,0,0,0,0,0,0,1,0,0,0,0,0,0,0,0,0,0,0,0,0,0,0,0,0,0,0,0,11,1,99,1213,1055,847,584,578,560,1237,7,30093,"",1,0,"",2,0,"",3,0,"",3,0,"",3,0,"",3,0,"",3,0,"",3,0,"",3,0,"",3,0,"",3,0,"",3,20911,"",2,24381,"",25,20271,"",35,27341,"",45,3,2,3,0,1,0,26751,"",0,0,0,426,675,-1,0,-1
676,"","char_AGNIMON","chr676",10,0,4,0,4,1,2,0,0,0,0,3,0,0,"",0,0,0,0,0,1,0,1,0,0,0,0,0,0,0,0,0,0,0,1,0,0,0,0,0,0,0,0,0,0,0,0,0,0,0,0,0,0,0,0,0,0,2,1,99,885,514,672,251,250,368,381,7,26761,"",1,32011,"",2,0,"",3,0,"",3,0,"",3,0,"",3,0,"",3,0,"",3,0,"",3,0,"",3,0,"",3,0,"",3,21792,"",2,20961,"",20,31012,"",30,27711,"",40,2,2,3,0,1,0,26761,"",208,87,49,187,676,-1,0,-1
677,"","char_KAISERGREYMON","chr677",13,0,4,0,4,1,2,0,0,0,3,0,0,0,"",0,0,0,0,0,1,0,0,0,0,0,0,0,0,0,0,0,0,0,0,0,0,0,0,1,0,0,0,0,0,0,0,0,0,0,1,0,0,0,0,0,0,2,1,99,2220,523,978,831,924,623,809,1,24121,"",1,20191,"",2,0,"",3,0,"",3,0,"",3,0,"",3,0,"",3,0,"",3,0,"",3,0,"",3,0,"",3,0,"",3,31012,"",2,23281,"",25,30185,"",35,30291,"",45,3,2,3,0,1,0,26771,"",182,77,76,424,677,-1,0,-1
678,"","char_MAGNAGARURUMON","chr678",13,0,4,1,0,0,0,0,3,0,0,0,4,2,"",0,0,0,0,0,1,0,1,0,0,0,0,0,0,0,0,0,0,0,0,0,1,0,0,0,0,0,0,0,0,0,0,0,0,0,0,0,0,0,0,0,0,11,1,99,1353,950,1502,582,666,634,1094,7,30123,"",1,0,"",2,0,"",3,0,"",3,0,"",3,0,"",3,0,"",3,0,"",3,0,"",3,0,"",3,0,"",3,0,"",3,30271,"",2,21861,"",25,20882,"",35,21872,"",45,3,2,3,0,1,0,26781,"",72,108,166,425,678,-1,0,-1
679,"","char_VRITRAMON","chr679",11,0,4,0,4,1,2,0,0,3,0,0,0,0,"",0,0,0,0,0,1,0,0,0,0,0,0,0,0,0,0,0,0,0,1,0,0,0,0,1,0,0,0,0,0,0,0,0,0,0,0,0,0,0,0,0,0,2,1,99,1179,409,649,323,242,261,569,1,20861,"",1,30244,"",2,0,"",3,0,"",3,0,"",3,0,"",3,0,"",3,0,"",3,0,"",3,0,"",3,0,"",3,0,"",3,27381,"",2,21852,"",20,30304,"",30,24902,"",40,2,2,3,0,1,0,26791,"",241,61,46,190,679,-1,0,-1
680,"","char_WOLFMON","chr680",10,0,4,0,0,0,3,0,0,0,1,0,4,2,"",0,0,0,0,0,1,0,0,0,0,0,0,0,0,0,0,0,0,0,0,0,0,0,0,0,0,0,0,0,0,0,0,0,0,0,1,0,0,0,0,0,0,11,1,99,1167,371,397,280,449,358,348,1,27111,"",1,25101,"",2,0,"",3,0,"",3,0,"",3,0,"",3,0,"",3,0,"",3,0,"",3,0,"",3,0,"",3,0,"",3,32071,"",2,21451,"",20,21701,"",30,21703,"",40,2,2,3,0,1,0,26801,"",115,108,155,188,680,-1,0,-1
681,"","char_GARUMMON","chr681",11,0,4,0,0,1,0,0,3,0,0,0,4,2,"",0,0,0,0,0,1,0,0,1,0,0,0,0,0,0,0,0,0,0,0,0,1,0,0,0,0,0,0,0,0,0,0,0,0,0,0,0,0,0,0,0,0,11,1,99,783,502,510,155,227,299,628,7,31051,"",1,20681,"",2,0,"",3,0,"",3,0,"",3,0,"",3,0,"",3,0,"",3,0,"",3,0,"",3,0,"",3,0,"",3,25141,"",2,21052,"",20,23791,"",30,30021,"",40,2,2,3,0,1,0,26811,"",171,168,204,192,681,-1,0,-1
682,"","char_SHOUTMON","chr682",3,0,1,0,3,1,1,0,0,0,0,3,0,0,"",0,0,0,0,1,0,0,0,0,0,0,0,0,0,0,0,0,0,0,0,0,0,0,0,1,0,0,0,0,0,0,0,0,0,0,0,0,0,0,0,0,0,3,1,99,596,206,394,203,130,138,248,1,26021,"",1,0,"",2,0,"",3,0,"",3,0,"",3,0,"",3,0,"",3,0,"",3,0,"",3,0,"",3,0,"",3,0,"",3,24392,"",2,20861,"",10,0,"",0,0,"",1,1,1,1,0,1,0,26821,"",222,15,39,48,682,-1,0,-1
683,"","char_OMEGASHOUTMON","chr683",5,0,1,0,3,1,1,0,0,0,0,3,0,0,"",0,0,0,0,0,1,0,1,0,0,0,0,0,0,0,0,0,0,0,0,0,0,0,0,1,0,0,0,0,0,0,0,0,0,0,0,0,0,0,0,0,0,3,1,99,1123,954,746,796,502,651,640,1,21701,"",1,32231,"",2,0,"",3,0,"",3,0,"",3,0,"",3,0,"",3,0,"",3,0,"",3,0,"",3,0,"",3,0,"",3,22132,"",2,20421,"",20,27712,"",30,31031,"",40,2,2,3,0,1,0,26831,"",184,163,55,234,683,-1,0,-1
687,"","char_HACKMON","chr687",3,0,1,0,3,0,0,1,0,1,0,3,0,0,"",0,0,0,0,1,0,0,0,0,0,0,0,0,0,0,0,0,0,0,0,0,0,0,0,1,0,0,0,0,0,0,0,0,0,0,0,0,0,0,0,0,0,11,1,99,590,138,391,334,167,139,168,13,27531,"",1,0,"",2,0,"",3,0,"",3,0,"",3,0,"",3,0,"",3,0,"",3,0,"",3,0,"",3,0,"",3,0,"",3,24051,"",2,27791,"",10,0,"",0,0,"",1,1,1,1,0,1,0,26871,"",243,243,244,52,687,-1,0,-1
688,"","char_GANKOOMON","chr688",6,0,1,0,0,1,1,0,0,3,3,0,0,0,"",1,0,0,0,0,1,0,0,0,0,0,0,0,0,0,0,0,0,1,0,0,0,0,0,0,0,0,0,0,0,0,0,0,0,1,0,0,0,0,0,0,0,2,1,99,2613,508,847,674,770,898,985,1,24252,"",1,30071,"",2,0,"",3,0,"",3,0,"",3,0,"",3,0,"",3,0,"",3,0,"",3,0,"",3,0,"",3,0,"",3,24341,"",2,30071,"",25,20531,"",35,30202,"",45,3,4,5,0,1,0,26881,"",107,106,104,344,688,-1,0,-1
697,"","char_ZUBAMON","chr697",3,0,0,1,3,0,1,0,0,0,0,4,0,0,"",0,0,0,0,0,1,0,0,0,0,0,0,0,0,0,0,0,0,0,0,0,0,0,0,0,0,0,0,0,0,0,0,0,0,0,0,0,0,0,1,0,0,2,1,99,716,144,359,232,128,203,185,1,23382,"",1,0,"",2,0,"",3,0,"",3,0,"",3,0,"",3,0,"",3,0,"",3,0,"",3,0,"",3,0,"",3,0,"",3,21052,"",2,30012,"",10,0,"",0,0,"",1,1,1,1,0,1,0,26971,"",212,184,90,25,697,-1,0,-1
698,"","char_ZUBAEAGERMON","chr698",4,0,0,1,3,0,1,0,0,0,0,4,0,0,"",0,0,0,0,0,1,0,0,0,0,0,0,0,0,0,0,0,0,0,0,0,0,0,0,0,0,0,0,0,0,0,0,0,0,0,0,0,0,0,1,0,0,2,1,99,992,303,417,328,156,227,369,1,21451,"",1,0,"",2,0,"",3,0,"",3,0,"",3,0,"",3,0,"",3,0,"",3,0,"",3,0,"",3,0,"",3,0,"",3,20311,"",2,20961,"",15,24511,"",25,0,"",1,2,1,1,0,1,0,26981,"",237,219,109,95,698,-1,0,-1
699,"","char_DURAMON","chr699",5,0,0,1,3,0,1,0,0,0,0,4,0,0,"",0,0,0,0,0,1,0,0,0,0,0,0,0,0,0,0,0,0,0,0,0,0,0,0,0,0,0,0,0,0,0,0,0,0,0,0,0,0,0,1,0,0,2,1,99,1916,396,789,681,336,514,576,1,25921,"",1,0,"",2,0,"",3,0,"",3,0,"",3,0,"",3,0,"",3,0,"",3,0,"",3,0,"",3,0,"",3,0,"",3,24521,"",2,21621,"",20,21263,"",30,30042,"",40,2,2,3,0,1,0,26991,"",217,193,86,214,699,-1,0,-1
700,"","char_DURANDAMON","chr700",6,0,0,1,3,0,1,0,0,0,0,4,0,0,"",0,0,0,0,0,1,0,0,0,0,0,0,0,0,0,0,0,0,1,0,0,0,0,0,0,0,0,0,0,0,0,0,0,0,0,0,0,0,0,1,0,0,2,1,99,2408,551,1344,1148,660,560,875,1,27021,"",1,25901,"",2,0,"",3,0,"",3,0,"",3,0,"",3,0,"",3,0,"",3,0,"",3,0,"",3,0,"",3,0,"",3,30122,"",2,27161,"",25,27571,"",35,24311,"",45,3,2,3,0,1,0,27001,"",208,198,106,330,700,-1,0,-1
701,"","char_TERRIERMON","chr701",3,0,0,0,3,0,0,1,3,0,0,1,0,0,"",0,0,0,0,0,1,0,0,1,0,0,0,0,0,0,0,0,0,0,0,0,0,0,0,0,0,0,0,0,0,0,0,0,0,0,0,0,0,0,0,0,0,7,1,99,370,408,247,128,300,154,323,10,23081,"",1,0,"",2,0,"",3,0,"",3,0,"",3,0,"",3,0,"",3,0,"",3,0,"",3,0,"",3,0,"",3,0,"",3,20863,"",2,26811,"",10,0,"",0,0,"",1,1,1,1,0,1,0,27011,"",185,203,119,27,701,-1,0,-1
702,"","char_PECKMON","chr702",4,0,0,0,1,0,0,3,0,1,3,0,0,0,"",0,0,0,0,0,1,0,0,0,0,0,0,0,0,0,0,0,0,0,0,0,0,0,0,0,0,1,0,0,0,0,0,0,0,0,0,0,0,0,0,0,0,11,1,99,481,537,349,158,259,167,337,10,21262,"",1,0,"",2,0,"",3,0,"",3,0,"",3,0,"",3,0,"",3,0,"",3,0,"",3,0,"",3,0,"",3,0,"",3,20171,"",2,23031,"",15,32041,"",25,0,"",1,2,2,3,0,1,0,27021,"",106,87,158,103,702,-1,0,-1
703,"","char_LOADKNIGHTMON","chr703",6,0,2,0,0,3,0,0,1,1,0,3,0,0,"",1,0,0,0,0,1,0,0,0,0,0,0,0,0,0,0,0,0,1,0,0,0,0,0,0,0,0,0,0,0,0,0,0,0,1,0,0,0,0,0,0,0,3,1,99,1534,1086,774,668,1045,772,1448,10,27662,"",1,21861,"",2,0,"",3,0,"",3,0,"",3,0,"",3,0,"",3,0,"",3,0,"",3,0,"",3,0,"",3,0,"",3,21842,"",2,25781,"",25,23731,"",35,20321,"",45,3,3,4,0,1,0,27031,"",233,138,196,415,703,-1,0,-1
704,"","char_GROUNDLOCOMON","chr704",6,0,1,0,3,0,3,0,1,0,1,0,0,0,"",0,0,0,0,0,1,0,0,0,0,0,0,0,0,0,0,0,0,0,0,0,1,0,0,0,0,0,0,0,0,0,0,0,0,0,0,0,0,0,0,0,0,10,1,99,920,592,986,1387,1103,909,917,13,31041,"",1,0,"",2,0,"",3,0,"",3,0,"",3,0,"",3,0,"",3,0,"",3,0,"",3,0,"",3,0,"",3,0,"",3,30143,"",2,32101,"",25,27591,"",35,23382,"",45,3,2,7,0,1,0,27041,"",84,102,148,346,704,-1,0,-1
705,"","char_FALCOMON","chr705",3,0,0,0,0,0,1,0,3,0,3,1,0,0,"",0,0,0,0,0,1,0,0,0,0,0,0,0,0,0,0,0,0,0,0,0,0,0,0,0,0,1,0,0,0,0,0,0,0,0,0,0,0,0,0,0,0,11,1,99,423,304,222,141,216,172,329,7,25941,"",1,0,"",2,0,"",3,0,"",3,0,"",3,0,"",3,0,"",3,0,"",3,0,"",3,0,"",3,0,"",3,0,"",3,20711,"",2,26042,"",10,0,"",0,0,"",1,1,1,1,0,1,0,27051,"",122,106,203,33,705,-1,0,-1
706,"","char_HAWKMON","chr706",3,0,3,3,1,0,1,3,3,1,3,1,0,0,"",0,0,0,0,0,1,0,0,0,0,0,0,0,0,0,0,0,0,0,0,0,0,0,0,0,0,1,0,0,0,0,0,0,0,0,0,0,0,0,0,0,0,10,1,99,472,324,344,192,224,179,214,7,27792,"",1,0,"",2,0,"",3,0,"",3,0,"",3,0,"",3,0,"",3,0,"",3,0,"",3,0,"",3,0,"",3,0,"",3,24891,"",2,20421,"",10,0,"",0,0,"",1,1,1,1,0,1,0,27061,"",171,67,58,78,706,-1,0,-1
707,"","char_ARMADILLOMON","chr707",3,0,3,1,0,1,1,3,1,3,3,3,0,0,"",0,0,0,0,0,1,0,0,1,0,0,0,0,0,0,0,0,0,0,0,0,0,0,0,0,0,0,0,0,0,0,0,0,0,0,0,0,0,0,0,0,0,8,1,99,594,212,140,194,181,165,155,13,21921,"",1,0,"",2,0,"",3,0,"",3,0,"",3,0,"",3,0,"",3,0,"",3,0,"",3,0,"",3,0,"",3,0,"",3,23011,"",2,21111,"",10,0,"",0,0,"",1,1,1,1,0,1,0,27071,"",181,162,53,76,707,-1,0,-1
708,"","char_TOYAGUMON","chr708",3,0,0,1,0,3,3,0,1,0,0,0,0,0,"",0,0,0,0,0,1,0,0,0,0,0,0,0,0,0,0,0,0,0,0,0,0,0,0,0,0,0,0,0,0,0,0,0,0,0,0,0,0,0,0,1,0,11,1,99,688,245,159,327,131,224,183,13,23651,"",1,0,"",2,0,"",3,0,"",3,0,"",3,0,"",3,0,"",3,0,"",3,0,"",3,0,"",3,0,"",3,0,"",3,34051,"",2,20801,"",10,0,"",0,0,"",1,1,1,1,0,1,0,27081,"",191,65,63,29,708,-1,0,-1
709,"","char_SHAKOMON","chr709",3,0,2,0,1,3,0,0,0,1,0,3,0,0,"",0,0,0,0,0,1,0,0,0,0,0,0,0,0,0,0,0,0,0,0,0,0,0,0,0,0,0,0,0,0,0,0,0,0,0,0,0,1,0,0,0,0,3,1,99,420,428,95,180,365,214,220,4,27781,"",1,0,"",2,0,"",3,0,"",3,0,"",3,0,"",3,0,"",3,0,"",3,0,"",3,0,"",3,0,"",3,0,"",3,23981,"",2,26031,"",10,0,"",0,0,"",1,1,3,2,0,1,0,27091,"",231,132,166,67,709,-1,0,-1
710,"","char_GARGOMON","chr710",4,0,0,0,0,3,3,1,1,0,0,0,0,0,"",0,0,0,0,0,1,0,1,1,0,0,0,0,0,0,0,0,0,0,0,0,0,0,0,0,0,0,0,0,0,0,0,0,0,0,0,0,0,0,0,0,0,7,1,99,714,421,323,175,318,229,351,1,21281,"",1,0,"",2,0,"",3,0,"",3,0,"",3,0,"",3,0,"",3,0,"",3,0,"",3,0,"",3,0,"",3,0,"",3,20191,"",2,23081,"",15,26101,"",25,0,"",1,2,1,1,0,1,0,27101,"",146,168,92,86,710,-1,0,-1
711,"","char_ANKYLOMON","chr711",4,0,3,1,0,1,1,3,3,1,3,3,0,0,"",0,0,0,0,0,1,0,0,0,0,0,0,0,0,0,0,0,0,0,0,0,0,0,0,1,0,0,0,0,0,0,0,0,0,0,0,0,0,0,0,0,0,8,1,99,900,279,278,255,256,363,171,13,24192,"",1,0,"",2,0,"",3,0,"",3,0,"",3,0,"",3,0,"",3,0,"",3,0,"",3,0,"",3,0,"",3,0,"",3,30042,"",2,22341,"",15,23211,"",25,0,"",1,2,1,1,0,1,0,27111,"",204,189,45,174,711,-1,0,-1
716,"","char_FLAMEDRAMON","chr716",8,0,3,0,3,1,1,3,1,3,1,0,3,0,"",0,0,0,0,0,1,0,1,0,0,0,0,0,0,0,0,0,0,0,0,0,0,0,0,1,0,0,0,0,0,0,0,0,0,0,0,0,0,0,0,0,0,2,1,99,664,399,467,401,285,308,699,7,26071,"",1,0,"",2,0,"",3,0,"",3,0,"",3,0,"",3,0,"",3,0,"",3,0,"",3,0,"",3,0,"",3,0,"",3,20271,"",2,20141,"",20,27311,"",30,31042,"",40,2,2,1,0,1,0,27161,"",194,84,69,183,716,-1,0,-1
718,"","char_KNIGHTMON","chr718",5,0,1,0,0,0,0,1,3,1,0,3,0,0,"",0,0,0,0,0,1,0,0,0,0,0,0,0,0,0,0,0,0,0,0,0,0,0,0,0,0,0,0,0,0,0,0,0,0,0,1,0,0,0,0,0,0,2,1,99,871,767,681,782,814,735,378,13,30051,"",1,0,"",2,0,"",3,0,"",3,0,"",3,0,"",3,0,"",3,0,"",3,0,"",3,0,"",3,0,"",3,0,"",3,21703,"",2,23411,"",20,23011,"",30,24911,"",40,2,2,6,0,1,0,27181,"",178,178,188,248,718,-1,0,-1
719,"","char_CYBERDRAMON","chr719",5,0,0,1,0,0,3,0,0,1,0,3,0,0,"",0,0,0,0,0,1,0,0,0,0,0,0,0,0,0,0,0,0,0,0,0,0,0,0,0,0,0,0,0,0,0,1,0,0,0,0,0,0,0,0,0,0,4,1,99,1422,508,1059,738,531,511,623,1,20121,"",1,0,"",2,0,"",3,0,"",3,0,"",3,0,"",3,0,"",3,0,"",3,0,"",3,0,"",3,0,"",3,0,"",3,27411,"",2,20111,"",20,21351,"",30,22311,"",40,2,2,8,0,1,0,27191,"",63,65,77,210,719,-1,0,-1
720,"","char_SILPHYMON","chr720",5,0,3,3,1,0,0,3,3,3,1,1,0,1,"",0,0,0,0,0,1,0,1,1,0,0,0,0,0,0,0,0,0,0,0,0,0,0,0,0,0,0,0,0,0,0,0,0,0,0,0,0,0,0,0,0,0,7,1,99,789,605,560,729,723,705,997,10,26061,"",1,0,"",2,0,"",3,0,"",3,0,"",3,0,"",3,0,"",3,0,"",3,0,"",3,0,"",3,0,"",3,0,"",3,27771,"",2,21071,"",20,21631,"",30,20571,"",40,2,3,4,0,1,0,27201,"",180,84,74,301,720,-1,0,-1
721,"","char_YATAGARAMON","chr721",5,0,0,3,1,0,0,0,0,0,1,3,0,0,"",0,0,0,0,0,1,0,0,0,0,0,0,0,0,0,0,0,0,0,0,0,0,0,0,0,0,1,0,0,0,0,0,1,0,0,0,0,0,0,0,0,0,10,1,99,871,963,574,354,950,502,1067,10,24631,"",1,0,"",2,0,"",3,0,"",3,0,"",3,0,"",3,0,"",3,0,"",3,0,"",3,0,"",3,0,"",3,0,"",3,32011,"",2,26691,"",20,20861,"",30,30036,"",40,2,2,3,0,1,0,27211,"",118,92,152,225,721,-1,0,-1
722,"","char_RAPIDMON","chr722",5,0,0,0,0,1,0,3,0,1,0,3,0,0,"",0,0,0,0,0,1,0,0,0,0,0,0,0,0,0,0,0,0,0,0,0,0,0,0,0,0,0,0,0,0,0,0,0,0,0,0,0,0,0,0,0,0,7,1,99,1225,565,738,609,575,429,766,4,23871,"",1,0,"",2,0,"",3,0,"",3,0,"",3,0,"",3,0,"",3,0,"",3,0,"",3,0,"",3,0,"",3,0,"",3,21891,"",2,21391,"",20,30181,"",30,22332,"",40,2,2,3,0,1,0,27221,"",125,177,98,227,722,-1,0,-1
723,"","char_SHAKKOUMON","chr723",5,0,3,1,3,0,1,0,0,3,1,3,3,1,"",0,0,0,0,0,1,0,0,0,0,0,0,0,0,0,0,0,0,0,0,0,0,0,0,0,0,0,0,0,0,0,0,0,0,0,0,0,0,0,0,0,1,8,1,99,1731,754,362,841,761,651,262,4,20752,"",1,0,"",2,0,"",3,0,"",3,0,"",3,0,"",3,0,"",3,0,"",3,0,"",3,0,"",3,0,"",3,0,"",3,24171,"",2,21786,"",20,32221,"",30,31041,"",40,2,2,6,0,1,0,27231,"",153,158,161,300,723,-1,0,-1
724,"","char_BRAKIMON","chr724",5,0,1,0,0,3,0,3,0,1,0,1,0,0,"",0,0,0,0,0,0,1,0,0,0,0,0,0,0,0,0,0,0,0,0,0,0,0,1,0,0,0,0,0,0,0,0,0,0,0,0,0,0,0,0,0,0,6,1,99,1515,435,490,832,486,729,590,16,21151,"",1,0,"",2,0,"",3,0,"",3,0,"",3,0,"",3,0,"",3,0,"",3,0,"",3,0,"",3,0,"",3,0,"",3,30043,"",2,24741,"",20,20581,"",30,26161,"",40,2,2,3,0,1,0,27241,"",208,149,46,255,724,-1,0,-1
725,"","char_ULTIMATEBRAKIMON","chr725",6,0,1,0,0,0,0,1,1,0,3,3,0,0,"",0,0,0,0,0,0,1,0,0,0,0,0,0,0,0,0,0,0,0,0,0,1,0,0,0,0,0,0,0,0,0,0,0,0,0,0,0,0,0,0,0,0,6,1,99,2709,952,791,1119,429,658,743,13,24541,"",1,21832,"",2,0,"",3,0,"",3,0,"",3,0,"",3,0,"",3,0,"",3,0,"",3,0,"",3,0,"",3,0,"",3,21981,"",2,20411,"",25,27432,"",35,23011,"",45,3,2,3,0,1,0,27251,"",112,115,122,342,725,-1,0,-1
726,"","char_WISEMON","chr726",5,0,2,3,1,0,0,0,1,0,3,0,0,0,"",0,0,0,0,0,1,0,1,0,0,0,0,0,0,0,0,0,0,0,1,0,0,0,0,0,0,0,0,0,0,0,0,0,0,0,0,0,0,0,0,0,0,15,1,99,739,1091,260,414,1638,970,667,4,21481,"",1,0,"",2,0,"",3,0,"",3,0,"",3,0,"",3,0,"",3,0,"",3,0,"",3,0,"",3,0,"",3,0,"",3,31022,"",2,20371,"",20,26811,"",30,23462,"",40,2,2,6,0,1,0,27261,"",244,230,182,298,726,-1,0,-1
727,"","char_CANNONBEEMON","chr727",5,0,2,0,0,0,0,3,1,1,3,0,0,0,"",0,0,0,0,0,1,0,0,0,0,0,0,0,0,0,0,0,0,0,0,0,1,0,0,0,0,0,0,0,0,0,0,0,0,0,0,0,0,0,0,0,0,12,1,99,774,990,802,866,454,667,522,13,30082,"",1,0,"",2,0,"",3,0,"",3,0,"",3,0,"",3,0,"",3,0,"",3,0,"",3,0,"",3,0,"",3,0,"",3,21721,"",2,23822,"",20,23151,"",30,30182,"",40,2,3,7,0,1,0,27271,"",252,192,49,273,727,-1,0,-1
728,"","char_SOLARMON","chr728",3,0,0,0,3,1,1,0,0,3,0,0,0,0,"",0,0,0,0,0,1,0,0,0,0,0,0,0,0,0,0,0,0,0,0,0,1,0,0,0,0,0,0,0,0,0,0,0,0,0,0,0,0,0,0,0,0,10,1,99,570,348,140,320,224,195,244,13,20451,"",1,0,"",2,0,"",3,0,"",3,0,"",3,0,"",3,0,"",3,0,"",3,0,"",3,0,"",3,0,"",3,0,"",3,27493,"",2,30143,"",10,0,"",0,0,"",1,1,1,1,0,1,0,27281,"",230,135,44,26,728,-1,0,-1
729,"","char_GEREMON","chr729",4,0,2,0,1,0,0,0,0,1,3,3,0,0,"",0,0,0,0,0,1,0,0,0,0,0,0,0,0,0,0,0,0,0,0,0,0,0,0,0,0,0,0,0,0,0,0,0,0,0,0,1,0,0,0,0,0,4,1,99,1254,322,352,387,139,192,242,13,23851,"",1,0,"",2,0,"",3,0,"",3,0,"",3,0,"",3,0,"",3,0,"",3,0,"",3,0,"",3,0,"",3,0,"",3,27742,"",2,30143,"",15,27384,"",25,0,"",1,2,1,1,0,1,0,27291,"",210,183,1,148,729,-1,0,-1
730,"","char_ICEDEVIMON","chr730",4,0,2,0,2,3,4,0,0,1,0,0,0,0,"",0,0,0,0,0,1,0,0,0,0,0,0,0,0,0,0,0,0,0,1,0,0,1,0,0,0,0,0,0,0,0,0,0,0,0,0,0,0,0,0,0,0,15,1,99,621,377,472,225,454,281,153,1,32171,"",1,0,"",2,0,"",3,0,"",3,0,"",3,0,"",3,0,"",3,0,"",3,0,"",3,0,"",3,0,"",3,0,"",3,26881,"",2,25921,"",15,21263,"",25,0,"",1,2,2,3,0,1,0,27301,"",228,234,248,138,730,-1,0,-1
731,"","char_ANTYLAMON","chr731",5,0,1,0,1,0,0,0,3,0,0,0,3,1,"",0,0,0,0,0,1,0,0,1,0,0,0,0,0,0,0,0,0,1,0,0,0,0,0,0,0,0,0,0,0,0,0,0,0,0,0,0,0,0,0,0,0,14,1,99,954,681,654,502,758,397,1018,10,27181,"",1,0,"",2,0,"",3,0,"",3,0,"",3,0,"",3,0,"",3,0,"",3,0,"",3,0,"",3,0,"",3,0,"",3,30293,"",2,30113,"",20,21761,"",30,25781,"",40,2,2,3,0,1,0,27311,"",153,137,135,232,731,-1,0,-1
732,"","char_IMPERIALDRAMON_DM","chr732",6,0,3,3,3,1,1,0,1,1,3,3,0,0,"",0,0,0,0,0,1,0,0,0,0,0,0,0,0,0,0,0,0,0,0,0,0,0,0,1,0,0,0,0,0,1,0,0,0,0,0,0,0,0,0,0,0,2,1,99,2626,1121,608,764,1006,606,777,4,21871,"",1,20521,"",2,30043,"",3,0,"",3,0,"",3,0,"",3,0,"",3,0,"",3,0,"",3,0,"",3,0,"",3,0,"",3,21731,"",2,20491,"",25,30042,"",35,23791,"",45,3,2,8,0,1,0,27321,"",39,134,175,416,732,-1,0,-1
733,"","char_DIANAMON","chr733",6,0,1,0,2,3,4,0,1,0,0,0,0,0,"",0,1,0,0,0,1,0,1,0,0,0,0,0,0,0,0,0,0,0,0,1,0,0,0,0,0,0,0,0,0,0,0,0,0,0,0,0,0,0,0,0,0,15,1,99,1348,631,418,854,1609,990,867,10,32121,"",1,23061,"",2,0,"",3,0,"",3,0,"",3,0,"",3,0,"",3,0,"",3,0,"",3,0,"",3,0,"",3,0,"",3,30233,"",2,26211,"",25,24131,"",35,23721,"",45,3,3,4,0,1,0,27332,"",168,175,195,354,733,-1,0,-1
734,"","char_CRANIAMON","chr734",6,0,0,1,0,0,0,0,0,3,1,3,0,0,"",1,0,0,0,0,1,0,0,0,0,0,0,0,0,0,0,0,0,1,0,0,0,0,0,0,0,0,0,0,0,0,0,0,0,1,0,0,0,0,0,0,0,6,1,99,1755,954,572,927,739,690,525,13,24221,"",1,23911,"",2,0,"",3,0,"",3,0,"",3,0,"",3,0,"",3,0,"",3,0,"",3,0,"",3,0,"",3,0,"",3,27081,"",2,30012,"",25,20571,"",35,24231,"",45,3,2,3,0,1,0,27341,"",129,137,204,316,734,-1,0,-1
735,"","char_KERPYMON_GOOD","chr735",6,0,0,0,0,0,0,0,0,3,1,0,3,1,"",0,0,0,0,0,1,0,0,0,0,0,0,0,0,0,0,0,0,0,0,0,0,1,0,0,0,0,0,0,0,0,0,0,0,0,0,0,0,0,0,0,0,14,1,99,1797,1052,574,597,1764,739,989,4,32061,"",1,21391,"",2,0,"",3,0,"",3,0,"",3,0,"",3,0,"",3,0,"",3,0,"",3,0,"",3,0,"",3,0,"",3,20362,"",2,30241,"",25,21801,"",35,34081,"",45,3,3,4,0,1,0,27351,"",239,224,242,320,735,-1,0,-1
737,"","char_JUSTIMON","chr737",6,0,0,3,0,1,0,0,0,1,0,3,0,0,"",0,0,0,0,0,1,0,1,0,0,0,0,0,0,0,0,0,0,0,0,0,1,0,0,0,0,0,0,0,0,0,0,0,0,0,0,0,0,0,0,0,0,4,1,99,1797,627,1070,615,777,804,575,1,27331,"",1,27401,"",2,0,"",3,0,"",3,0,"",3,0,"",3,0,"",3,0,"",3,0,"",3,0,"",3,0,"",3,0,"",3,30272,"",2,25981,"",25,27342,"",35,30291,"",45,3,2,3,0,1,0,27371,"",59,69,118,323,737,-1,0,-1
738,"","char_DYNASMON","chr738",6,0,1,0,0,0,3,1,3,0,1,0,0,0,"",1,0,0,0,0,1,0,0,0,0,0,0,0,0,0,0,0,0,1,0,0,0,0,0,0,0,0,0,0,0,0,0,0,0,1,0,0,0,0,0,0,0,15,1,99,2430,981,959,857,764,708,858,7,24511,"",1,27721,"",2,0,"",3,0,"",3,0,"",3,0,"",3,0,"",3,0,"",3,0,"",3,0,"",3,0,"",3,0,"",3,30244,"",2,25941,"",25,26701,"",35,22181,"",45,3,2,3,0,1,0,27381,"",89,95,146,355,738,-1,0,-1
739,"","char_DUFTMON","chr739",6,0,1,3,0,0,1,0,0,0,1,3,0,0,"",1,0,0,0,0,1,0,0,0,0,0,0,0,0,0,0,0,0,1,0,0,0,0,0,0,0,0,0,0,0,0,0,0,0,1,0,0,0,0,0,0,0,2,1,99,1175,1027,843,609,1531,601,1343,10,20711,"",1,21151,"",2,20602,"",3,0,"",3,0,"",3,0,"",3,0,"",3,0,"",3,0,"",3,0,"",3,0,"",3,0,"",3,30336,"",2,34061,"",25,26221,"",35,27384,"",45,3,2,3,0,1,0,27391,"",110,83,66,356,739,-1,0,-1
740,"","char_RAVEMON","chr740",6,0,0,0,0,0,0,3,3,1,0,1,0,0,"",0,0,0,0,0,1,0,1,0,0,0,0,0,0,0,0,0,0,0,0,0,1,0,0,0,0,0,0,0,0,0,0,0,0,0,0,0,0,0,0,0,0,10,1,99,848,702,818,683,747,688,1487,10,22101,"",1,20982,"",2,0,"",3,0,"",3,0,"",3,0,"",3,0,"",3,0,"",3,0,"",3,0,"",3,0,"",3,0,"",3,21261,"",2,30023,"",25,20452,"",35,27181,"",45,3,2,3,0,1,0,27401,"",67,59,103,341,740,-1,0,-1
741,"","char_SAINTGALGOMON","chr741",6,0,0,0,3,1,1,0,0,3,0,0,0,0,"",0,0,0,0,0,0,1,0,0,0,0,0,0,0,0,0,0,0,0,0,0,1,0,0,0,0,0,0,0,0,0,0,0,0,0,0,0,0,0,0,0,0,7,1,99,1249,787,780,823,697,503,712,1,26311,"",1,32231,"",2,0,"",3,0,"",3,0,"",3,0,"",3,0,"",3,0,"",3,0,"",3,0,"",3,0,"",3,0,"",3,23441,"",2,30263,"",25,23671,"",35,27472,"",45,3,2,3,0,1,0,27411,"",125,186,74,329,741,-1,0,-1
742,"","char_LOTOSMON","chr742",6,0,1,0,1,3,0,3,0,0,0,1,0,0,"",0,0,0,0,0,1,0,0,0,0,0,0,0,0,0,0,0,0,0,0,0,0,0,0,0,0,0,0,0,0,0,0,1,0,0,0,0,0,0,0,0,0,15,1,99,1049,1278,303,488,1136,938,930,4,24571,"",1,24341,"",2,27591,"",3,0,"",3,0,"",3,0,"",3,0,"",3,0,"",3,0,"",3,0,"",3,0,"",3,0,"",3,23382,"",2,21952,"",25,30171,"",35,27041,"",45,3,3,4,0,1,0,27421,"",157,81,167,368,742,-1,0,-1
743,"","char_DUFTMON_LM","chr743",6,0,1,3,0,0,1,0,0,0,1,3,0,0,"",0,0,0,0,0,1,0,0,0,0,0,0,0,0,0,0,0,0,1,0,0,0,0,0,0,0,0,0,0,0,0,0,0,0,1,0,0,0,0,0,0,0,2,1,99,1603,759,808,824,856,875,1646,7,23031,"",1,20462,"",2,26821,"",3,0,"",3,0,"",3,0,"",3,0,"",3,0,"",3,0,"",3,0,"",3,0,"",3,0,"",3,23481,"",2,23951,"",25,24502,"",35,27711,"",45,3,2,3,0,1,0,27431,"",109,82,67,357,743,-1,0,-1
744,"","char_GAIOMON","chr744",6,0,2,1,3,0,0,0,0,0,0,3,1,0,"",0,0,0,0,0,1,0,1,0,0,0,0,0,0,0,0,0,0,0,0,0,0,0,0,1,0,0,0,0,0,0,0,0,0,0,0,0,0,0,0,0,0,4,1,99,1386,565,1193,834,600,803,1107,1,22281,"",1,22141,"",2,0,"",3,0,"",3,0,"",3,0,"",3,0,"",3,0,"",3,0,"",3,0,"",3,0,"",3,0,"",3,32021,"",2,30081,"",25,24371,"",35,30033,"",45,3,2,3,0,1,0,27441,"",165,10,31,373,744,-1,0,-1
745,"","char_TIGERVESPAMON","chr745",6,0,2,0,0,1,0,3,3,1,0,0,0,0,"",0,0,0,0,0,1,0,1,0,0,0,0,0,0,0,0,0,0,0,0,0,1,0,0,0,0,0,0,0,0,0,0,0,0,0,0,0,0,0,0,0,0,12,1,99,1835,690,1041,694,554,623,923,7,24173,"",1,0,"",2,0,"",3,0,"",3,0,"",3,0,"",3,0,"",3,0,"",3,0,"",3,0,"",3,0,"",3,0,"",3,20131,"",2,23911,"",25,20752,"",35,27601,"",45,3,3,4,0,1,0,27451,"",221,187,59,384,745,-1,0,-1
747,"","char_MINERVAMON","chr747",6,0,2,0,1,0,0,0,3,1,3,0,0,0,"",0,1,0,0,0,1,0,1,0,0,0,0,0,0,0,0,0,0,0,0,1,0,0,0,0,0,0,0,0,0,0,0,0,0,0,0,0,0,0,0,0,0,11,1,99,1766,689,980,477,690,791,1221,7,23041,"",1,21181,"",2,0,"",3,0,"",3,0,"",3,0,"",3,0,"",3,0,"",3,0,"",3,0,"",3,0,"",3,0,"",3,27384,"",2,25631,"",25,22261,"",35,23891,"",45,3,3,2,0,1,0,27471,"",246,233,156,404,747,-1,0,-1
748,"","char_MASTEMON","chr748",6,0,0,1,0,0,0,0,0,0,0,1,3,3,"",0,0,0,0,0,1,0,0,0,0,0,0,0,0,0,0,0,0,0,0,0,0,1,0,0,0,0,0,0,0,0,0,0,0,0,0,0,0,0,0,0,0,7,1,99,1897,606,942,936,1201,707,1039,4,32071,"",1,24061,"",2,32081,"",3,0,"",3,0,"",3,0,"",3,0,"",3,0,"",3,0,"",3,0,"",3,0,"",3,0,"",3,27792,"",2,20301,"",25,24741,"",35,27731,"",45,3,3,4,0,1,0,27481,"",242,243,244,337,748,-1,0,-1
749,"","char_JESMON","chr749",6,0,1,1,3,0,1,0,0,3,0,0,0,0,"",1,0,0,0,0,1,0,0,0,0,0,0,0,0,0,0,0,0,1,0,0,0,0,0,0,0,0,0,0,0,0,0,0,0,1,0,0,0,0,0,0,0,11,1,99,2032,1017,1215,1161,1015,995,1036,7,21501,"",1,22191,"",2,0,"",3,0,"",3,0,"",3,0,"",3,0,"",3,0,"",3,0,"",3,0,"",3,0,"",3,0,"",3,28441,"",2,20492,"",25,27431,"",35,23641,"",45,3,2,3,0,1,0,27491,"",226,222,213,352,749,-1,0,-1
750,"","char_LOPMON","chr750",3,0,1,0,0,0,3,1,3,0,1,0,0,0,"",0,0,0,0,0,1,0,0,1,0,0,0,0,0,0,0,0,0,0,0,0,0,0,0,0,0,0,0,0,0,0,0,0,0,0,0,0,0,0,0,0,0,14,1,99,414,280,177,133,281,179,156,4,21291,"",1,0,"",2,0,"",3,0,"",3,0,"",3,0,"",3,0,"",3,0,"",3,0,"",3,0,"",3,0,"",3,0,"",3,31042,"",2,20171,"",10,0,"",0,0,"",1,1,1,1,0,1,0,27501,"",166,147,142,59,750,-1,0,-1
751,"","char_RAPIDMON_ARMOR","chr751",9,0,0,0,0,1,0,0,0,3,0,0,3,1,"",0,0,0,0,0,1,0,0,0,0,0,0,0,0,0,0,0,0,1,0,0,0,0,0,0,0,0,0,0,0,0,0,0,0,1,0,0,0,0,0,0,0,10,1,99,1164,624,863,882,909,723,542,4,34051,"",1,0,"",2,0,"",3,0,"",3,0,"",3,0,"",3,0,"",3,0,"",3,0,"",3,0,"",3,0,"",3,0,"",3,25101,"",2,27322,"",25,22301,"",35,30191,"",45,3,2,3,0,1,0,27511,"",169,154,47,422,751,-1,0,-1
752,"","char_PLATINUM_SCUMON","chr752",4,0,2,0,0,1,1,3,0,0,0,0,0,0,"",0,0,0,0,0,1,0,0,0,0,0,0,0,0,1,0,0,0,0,0,0,0,0,0,0,0,0,0,0,0,0,0,0,0,0,0,0,0,0,0,0,1,10,1,99,155,393,123,1705,5,59,132,13,26142,"",1,0,"",2,0,"",3,0,"",3,0,"",3,0,"",3,0,"",3,0,"",3,0,"",3,0,"",3,0,"",3,0,"",3,21011,"",2,22322,"",15,21041,"",25,0,"",1,2,1,1,0,1,0,27521,"",159,174,180,165,752,-1,0,-1
753,"","char_BLACKKINGNUMEMON","chr753",5,0,2,1,0,0,0,0,0,0,0,3,1,3,"",0,0,0,0,0,1,0,0,0,0,0,0,0,0,0,0,0,0,0,0,0,0,0,0,0,0,0,0,0,0,0,0,0,0,0,0,1,0,0,0,0,0,10,1,99,1628,739,407,968,640,616,337,13,27041,"",1,0,"",2,0,"",3,0,"",3,0,"",3,0,"",3,0,"",3,0,"",3,0,"",3,0,"",3,0,"",3,0,"",3,29071,"",2,20801,"",20,24911,"",30,20781,"",40,2,1,1,0,1,0,27531,"",111,118,146,287,753,-1,0,-1
754,"","char_KUZUHAMON","chr754",6,0,1,0,0,0,0,0,3,0,0,0,3,1,"",0,0,0,0,0,1,0,1,0,0,0,0,0,0,0,0,0,0,0,0,1,0,0,0,0,0,0,0,0,0,0,0,0,0,0,0,0,0,0,0,0,0,15,1,99,2011,1299,329,750,1266,1194,1002,4,24091,"",1,25941,"",2,0,"",3,0,"",3,0,"",3,0,"",3,0,"",3,0,"",3,0,"",3,0,"",3,0,"",3,0,"",3,21741,"",2,23251,"",25,23931,"",35,30283,"",45,3,3,4,0,1,0,27541,"",127,95,161,345,754,-1,0,-1
755,"","char_SOCERIMON","chr755",4,0,0,0,1,0,3,0,0,0,0,0,3,1,"",0,0,0,0,0,1,0,1,0,0,0,0,0,0,0,0,0,0,0,1,0,0,0,0,0,0,0,0,0,0,0,0,0,0,0,0,0,0,0,0,0,0,14,1,99,664,454,119,162,579,540,256,4,31011,"",1,0,"",2,0,"",3,0,"",3,0,"",3,0,"",3,0,"",3,0,"",3,0,"",3,0,"",3,0,"",3,0,"",3,27493,"",2,25921,"",15,21712,"",25,0,"",1,2,1,1,0,1,0,27551,"",216,224,228,96,755,-1,0,-1
756,"","char_INSEKIMON","chr756",5,0,1,1,0,0,0,1,0,0,3,3,0,0,"",0,0,0,0,0,1,0,0,0,0,0,0,0,0,0,1,0,0,0,0,0,0,0,0,0,0,0,0,0,0,0,0,0,0,0,0,0,0,0,0,0,0,10,1,99,1025,672,753,631,782,683,428,13,30271,"",1,0,"",2,0,"",3,0,"",3,0,"",3,0,"",3,0,"",3,0,"",3,0,"",3,0,"",3,0,"",3,0,"",3,27001,"",2,30173,"",20,20541,"",30,27161,"",40,2,1,1,0,1,0,27561,"",210,216,209,233,756,-1,0,-1
757,"","char_OMEGAMON_ZWART","chr757",7,0,0,1,1,0,3,0,0,0,0,3,0,0,"",0,0,0,0,0,1,0,0,0,0,0,0,0,0,0,0,0,0,1,0,0,0,0,0,0,0,0,0,0,0,0,0,0,0,1,0,0,0,0,0,0,0,11,1,99,2251,862,926,1033,855,1056,771,13,23091,"",1,32061,"",2,0,"",3,0,"",3,0,"",3,0,"",3,0,"",3,0,"",3,0,"",3,0,"",3,0,"",3,0,"",3,20362,"",2,20111,"",25,27211,"",35,20192,"",45,4,2,3,0,1,0,27571,"",105,100,98,431,757,-1,0,-1
758,"","char_ICEMON","chr758",4,0,1,0,1,3,4,0,0,1,0,0,0,0,"",0,0,0,0,0,1,0,0,0,0,0,0,1,0,0,0,0,0,0,0,0,0,0,0,0,0,0,0,0,0,0,0,0,0,0,0,0,0,0,0,0,0,10,1,99,630,312,243,252,393,410,263,13,21291,"",1,0,"",2,0,"",3,0,"",3,0,"",3,0,"",3,0,"",3,0,"",3,0,"",3,0,"",3,0,"",3,0,"",3,23651,"",2,24252,"",15,23881,"",25,0,"",1,2,1,1,0,1,0,27581,"",177,206,215,111,758,-1,0,-1
759,"","char_TUCHIDARUMON","chr759",4,0,1,0,3,1,0,1,0,0,3,0,0,0,"",0,0,0,0,0,1,0,0,0,0,0,0,0,0,0,0,0,0,0,0,0,0,0,0,0,0,0,0,0,0,0,0,0,0,0,0,0,0,0,0,0,1,11,1,99,900,313,194,201,378,343,266,16,27411,"",1,0,"",2,0,"",3,0,"",3,0,"",3,0,"",3,0,"",3,0,"",3,0,"",3,0,"",3,0,"",3,0,"",3,22101,"",2,21712,"",15,21762,"",25,0,"",1,2,2,3,0,1,0,27591,"",120,84,39,126,759,-1,0,-1
760,"","char_GUARDROMON_GL","chr760",4,0,3,1,0,1,3,1,0,1,3,3,3,0,"",0,0,0,0,0,1,0,0,0,0,0,0,0,0,0,0,0,0,0,0,0,1,0,0,0,0,0,0,0,0,0,0,0,0,0,0,0,0,0,0,0,0,10,1,99,546,234,311,569,242,443,146,13,32091,"",1,0,"",2,0,"",3,0,"",3,0,"",3,0,"",3,0,"",3,0,"",3,0,"",3,0,"",3,0,"",3,0,"",3,23631,"",2,30261,"",15,21762,"",25,0,"",1,2,2,7,0,1,0,27601,"",0,0,0,176,760,-1,0,-1
766,"","char_ALPHAMON_OURYUKEN","chr766",7,0,0,0,1,0,1,0,3,0,3,1,0,0,"",0,0,0,0,0,1,0,0,0,0,0,0,0,0,0,0,0,0,0,0,0,0,0,0,0,0,0,0,0,0,0,0,0,0,0,0,0,0,0,0,0,1,11,1,99,2233,563,1600,728,747,864,884,4,22411,"",1,30013,"",2,0,"",3,0,"",3,0,"",3,0,"",3,0,"",3,0,"",3,0,"",3,0,"",3,0,"",3,0,"",3,20051,"",2,20271,"",25,32191,"",35,20952,"",45,4,2,3,0,1,0,27661,"",68,71,75,427,766,-1,0,-1
767,"","char_BACCHUSMON_DRUNK","chr767",6,0,2,3,2,0,1,4,1,0,0,0,0,0,"",0,0,0,0,0,1,0,1,0,0,0,0,0,0,0,0,0,0,0,0,1,0,0,0,0,0,0,0,0,0,0,0,0,0,0,0,0,0,0,0,0,0,2,1,99,1463,858,1051,518,1213,304,740,1,21861,"",1,0,"",2,0,"",3,0,"",3,0,"",3,0,"",3,0,"",3,0,"",3,0,"",3,0,"",3,0,"",3,0,"",3,23071,"",2,21742,"",25,20321,"",35,23681,"",45,3,2,3,0,1,0,27671,"",0,0,0,390,767,-1,0,-1
770,"","char_TANKDRAMON","chr770",5,0,2,0,3,1,0,0,0,1,3,0,0,0,"",0,0,0,0,0,1,0,0,0,0,0,0,0,0,0,0,0,0,0,0,0,1,0,0,0,0,0,0,0,0,0,0,0,0,0,0,0,0,0,0,0,0,11,1,99,1010,554,1218,707,345,340,362,1,26271,"",1,0,"",2,0,"",3,0,"",3,0,"",3,0,"",3,0,"",3,0,"",3,0,"",3,0,"",3,0,"",3,0,"",3,26071,"",2,30133,"",20,27742,"",30,20851,"",40,2,2,7,0,1,0,27701,"",105,134,119,283,770,-1,0,-1
771,"","char_DARKDRAMON","chr771",6,0,2,1,3,0,0,0,0,1,0,3,0,0,"",0,0,0,0,0,1,0,1,0,0,0,0,0,0,0,0,0,0,0,0,0,1,0,0,0,0,0,0,0,0,0,0,0,0,0,0,0,0,0,0,0,0,2,1,99,2112,700,1376,765,492,671,911,1,27344,"",1,23824,"",2,0,"",3,0,"",3,0,"",3,0,"",3,0,"",3,0,"",3,0,"",3,0,"",3,0,"",3,0,"",3,20011,"",2,30102,"",25,30243,"",35,27483,"",45,3,2,8,0,1,0,27711,"",52,110,170,383,771,-1,0,-1
772,"","char_CHAOSMON","chr772",7,0,0,3,1,3,1,1,3,1,1,1,3,3,"",0,0,0,0,0,1,0,0,0,0,0,0,0,0,0,0,0,0,0,0,0,0,0,0,0,0,0,0,0,0,0,0,0,0,0,0,0,0,0,0,0,1,3,1,99,1152,1388,1585,485,812,623,1093,7,25641,"",1,30012,"",2,0,"",3,0,"",3,0,"",3,0,"",3,0,"",3,0,"",3,0,"",3,0,"",3,0,"",3,0,"",3,27375,"",2,27662,"",25,23101,"",35,25801,"",45,4,2,3,0,1,0,27721,"",113,198,184,432,772,-1,0,-1
773,"","char_VALKYRIMON","chr773",6,0,3,3,0,0,3,1,3,0,1,1,3,1,"",0,0,0,0,0,1,0,0,0,0,0,0,0,0,0,0,0,0,0,0,0,0,0,0,0,0,0,0,0,0,0,0,0,0,0,1,0,0,0,0,0,0,7,1,99,1120,1025,706,665,1245,619,1058,10,24191,"",1,20863,"",2,0,"",3,0,"",3,0,"",3,0,"",3,0,"",3,0,"",3,0,"",3,0,"",3,0,"",3,0,"",3,23701,"",2,24171,"",25,21631,"",35,22151,"",45,3,3,4,0,1,0,27731,"",206,212,230,419,773,-1,0,-1
774,"","char_KERPYMON_BAD","chr774",6,0,0,0,0,0,0,0,0,3,1,0,3,1,"",0,0,0,0,0,1,0,0,0,0,0,0,0,0,0,0,0,0,0,0,0,0,1,0,0,0,0,0,0,0,0,0,0,0,0,0,0,0,0,0,0,0,14,1,99,1970,743,455,308,1211,896,682,4,27375,"",1,30262,"",2,0,"",3,0,"",3,0,"",3,0,"",3,0,"",3,0,"",3,0,"",3,0,"",3,0,"",3,0,"",3,23731,"",2,20572,"",25,24512,"",35,27251,"",45,3,3,4,0,1,0,27741,"",86,70,117,319,774,-1,0,-1
775,"","char_BEELZEMON_BM","chr775",7,0,2,0,3,0,0,0,0,0,1,0,1,3,"",0,0,1,0,0,1,0,0,0,0,0,0,0,0,0,0,0,0,0,1,0,0,0,0,0,0,0,0,0,0,0,0,0,0,0,0,0,0,0,0,0,0,2,1,99,2499,872,2248,952,827,769,1046,7,32041,"",1,20952,"",2,0,"",3,0,"",3,0,"",3,0,"",3,0,"",3,0,"",3,0,"",3,0,"",3,0,"",3,0,"",3,21741,"",2,30053,"",25,24661,"",35,23121,"",45,4,2,3,0,1,0,27751,"",75,60,113,444,775,-1,0,-1
776,"","char_SHINEGREYMON_BM","chr776",7,0,0,0,3,0,0,0,0,3,1,1,4,0,"",0,0,0,0,0,1,0,0,0,0,0,0,0,0,0,0,0,0,0,0,0,0,0,0,1,0,0,0,0,0,0,0,0,0,0,0,0,0,0,0,0,0,11,1,99,2536,1198,1421,578,701,804,1272,7,25751,"",1,24173,"",2,0,"",3,0,"",3,0,"",3,0,"",3,0,"",3,0,"",3,0,"",3,0,"",3,0,"",3,0,"",3,32191,"",2,20392,"",25,21181,"",35,24502,"",45,4,2,3,0,1,0,27761,"",229,76,49,435,776,-1,0,-1
777,"","char_MIRAGEGAOGAMON_BM","chr777",7,0,1,1,0,0,0,0,3,3,0,1,0,0,"",0,0,0,0,0,1,0,0,1,0,0,0,0,0,0,0,0,0,0,0,0,0,0,0,0,0,0,0,0,0,0,0,0,0,1,0,0,0,0,0,0,0,2,1,99,2354,779,1404,706,1459,913,1035,10,21972,"",1,21041,"",2,0,"",3,0,"",3,0,"",3,0,"",3,0,"",3,0,"",3,0,"",3,0,"",3,0,"",3,0,"",3,32021,"",2,24531,"",25,23151,"",35,27712,"",45,4,2,3,0,1,0,27771,"",27,36,108,440,777,-1,0,-1
778,"","char_RAVEMON_BM","chr778",7,0,0,0,0,0,0,3,3,1,0,1,0,0,"",0,0,0,0,0,1,0,1,0,0,0,0,0,0,0,0,0,0,0,0,0,1,0,0,0,0,0,0,0,0,0,0,0,0,0,0,0,0,0,0,0,0,10,1,99,1481,1000,1011,654,1139,1007,1953,10,21401,"",1,26221,"",2,0,"",3,0,"",3,0,"",3,0,"",3,0,"",3,0,"",3,0,"",3,0,"",3,0,"",3,0,"",3,21921,"",2,25691,"",25,22323,"",35,23981,"",45,4,2,3,0,1,0,27781,"",101,77,161,438,778,-1,0,-1
779,"","char_ROSEMON_BM","chr779",7,0,1,0,1,0,1,4,0,3,0,0,0,0,"",0,0,0,0,0,1,0,0,0,0,0,0,0,0,0,0,0,0,0,0,0,0,0,0,0,0,0,0,0,0,0,0,1,0,0,0,0,0,0,0,0,0,10,1,99,1705,1074,1033,841,1203,1119,665,4,23461,"",1,20531,"",2,0,"",3,0,"",3,0,"",3,0,"",3,0,"",3,0,"",3,0,"",3,0,"",3,0,"",3,0,"",3,23421,"",2,25641,"",25,20211,"",35,27771,"",45,4,3,4,0,1,0,27791,"",218,95,154,441,779,-1,0,-1
800,"","char_VULCANUS_LIGHTARM","chr800",6,1,0,0,0,0,0,0,0,0,0,0,0,0,"",0,0,0,0,0,1,0,0,0,0,0,0,0,0,0,0,0,0,0,0,0,1,0,0,0,0,0,0,0,0,0,0,0,0,0,0,0,0,0,0,0,0,0,1,99,1236,603,590,628,747,606,688,0,0,"",1,0,"",2,0,"",3,0,"",3,0,"",3,0,"",3,0,"",3,0,"",3,0,"",3,0,"",3,0,"",3,0,"",3,0,"",1,0,"",1,0,"",1,0,"",1,3,2,8,0,1,0,29131,"",0,0,0,-1,800,-1,0,-1
801,"","char_VULCANUS_LEFTARM","chr801",6,1,2,0,0,0,0,0,0,0,0,0,0,0,"",0,0,0,0,0,1,0,0,0,0,0,0,0,0,0,0,0,0,0,0,0,1,0,0,0,0,0,0,0,0,0,0,0,0,0,0,0,0,0,0,0,0,0,1,99,1946,538,436,506,557,674,324,0,0,"",1,0,"",2,0,"",3,0,"",3,0,"",3,0,"",3,0,"",3,0,"",3,0,"",3,0,"",3,0,"",3,0,"",3,0,"",2,0,"",20,0,"",35,0,"",50,3,2,8,0,1,0,20211,"",66,93,127,-1,801,-1,0,-1
802,"","char_CHRONOMONROBO_COMPLETE","chr802",6,1,6,3,0,0,0,0,0,2,0,0,1,3,"",0,0,0,0,0,1,0,0,0,0,0,0,0,0,0,0,0,0,0,0,0,1,0,0,0,0,0,0,0,0,0,0,0,0,0,0,0,0,0,0,0,0,0,1,99,1738,1088,964,1090,1352,568,1123,0,0,"",1,0,"",2,0,"",3,0,"",3,0,"",3,0,"",3,0,"",3,0,"",3,0,"",3,0,"",3,0,"",3,0,"",3,27401,"",2,23131,"",25,21422,"",40,29151,"",60,3,2,3,0,1,0,20461,"",153,56,45,-1,802,-1,0,-1
804,"","char_CHRONOMON_BOSS","chr804",6,1,6,0,0,0,0,0,0,0,0,0,0,0,"",0,0,0,0,0,0,1,0,0,0,0,0,0,0,0,0,0,0,0,1,1,0,0,0,1,0,0,0,0,0,0,0,0,0,0,0,0,0,0,0,0,0,0,1,99,1476,992,412,483,459,550,543,0,0,"",1,0,"",2,0,"",3,0,"",3,0,"",3,0,"",3,0,"",3,0,"",3,0,"",3,0,"",3,0,"",3,0,"",3,23211,"",2,20771,"",25,27342,"",40,22291,"",60,3,2,3,0,1,1,20461,"",153,56,45,-1,804,-1,0,-1
805,"","char_BLACKSHADOW","chr805",4,1,5,0,0,0,0,0,0,0,0,0,0,0,"",0,0,0,0,0,1,0,0,0,0,0,0,0,0,0,0,0,0,0,0,0,0,0,0,0,0,0,0,0,0,0,0,0,0,0,0,0,0,0,0,0,0,0,1,99,1381,836,704,581,597,589,430,0,0,"",1,0,"",2,0,"",3,0,"",3,0,"",3,0,"",3,0,"",3,0,"",3,0,"",3,0,"",3,0,"",3,0,"",3,25921,"",2,32141,"",15,24351,"",30,0,"",1,2,1,1,0,1,0,0,"",0,0,0,-1,805,-1,0,-1
806,"","char_POWER_LOADER","chr807aa010101",0,1,6,0,0,0,0,0,0,0,0,0,0,0,"",0,0,0,0,0,1,0,0,0,0,0,0,0,0,0,0,0,0,0,0,0,1,0,0,0,0,0,0,0,0,0,0,0,0,0,0,0,0,0,0,0,0,0,1,99,1043,977,645,783,540,451,248,0,0,"",1,0,"",2,0,"",3,0,"",3,0,"",3,0,"",3,0,"",3,0,"",3,0,"",3,0,"",3,0,"",3,0,"",3,0,"",1,0,"",1,0,"",1,0,"",1,2,2,3,0,1,0,0,"",0,0,0,-1,806,-1,0,-1
809,"","char_VULCANUS_LIGHTARM","chr809",6,1,0,0,0,0,0,0,0,0,0,0,0,0,"",0,0,0,0,0,1,0,0,0,0,0,0,0,0,0,0,0,0,0,0,0,1,0,0,0,0,0,0,0,0,0,0,0,0,0,0,0,0,0,0,0,0,0,1,99,1363,580,757,708,708,558,556,0,0,"",1,0,"",2,0,"",3,0,"",3,0,"",3,0,"",3,0,"",3,0,"",3,0,"",3,0,"",3,0,"",3,0,"",3,0,"",1,0,"",1,0,"",1,0,"",1,3,2,8,0,1,0,29131,"",0,0,0,-1,809,-1,0,-1
810,"","char_VULCANUS_LEFTARM","chr810",6,1,2,0,0,0,0,0,0,0,0,0,0,0,"",0,0,0,0,0,1,0,0,0,0,0,0,0,0,0,0,0,0,0,0,0,1,0,0,0,0,0,0,0,0,0,0,0,0,0,0,0,0,0,0,0,0,0,1,99,1251,540,671,596,520,623,328,0,0,"",1,0,"",2,0,"",3,0,"",3,0,"",3,0,"",3,0,"",3,0,"",3,0,"",3,0,"",3,0,"",3,0,"",3,21471,"",2,30122,"",20,26882,"",35,20031,"",50,3,2,8,0,1,0,20211,"",66,93,127,-1,810,-1,0,-1
811,"","char_SPECIAL_FORCES","chr811",0,1,6,0,0,0,0,0,0,0,0,0,0,0,"",0,0,0,0,0,1,0,1,0,0,0,0,0,0,0,0,0,0,0,0,0,0,0,0,0,0,0,0,0,0,0,0,0,0,0,0,0,0,0,0,0,0,0,1,99,1696,680,103,118,127,105,41,0,0,"",1,0,"",2,0,"",3,0,"",3,0,"",3,0,"",3,0,"",3,0,"",3,0,"",3,0,"",3,0,"",3,0,"",3,0,"",1,0,"",1,0,"",1,0,"",1,2,2,3,0,1,0,0,"",0,0,0,-1,811,-1,0,-1
812,"","char_CHRONOMON_BOSS","chr866",6,1,6,0,0,0,0,0,0,0,0,0,0,0,"",0,0,0,0,0,0,1,0,0,0,0,0,0,0,0,0,0,0,0,1,1,0,0,0,1,0,0,0,0,0,0,0,0,0,0,0,0,0,0,0,0,0,0,1,99,2534,1034,441,520,544,567,598,0,0,"",1,0,"",2,0,"",3,0,"",3,0,"",3,0,"",3,0,"",3,0,"",3,0,"",3,0,"",3,0,"",3,0,"",3,21491,"",2,23832,"",25,27511,"",40,20572,"",60,3,2,3,0,1,1,20461,"",153,56,45,-1,812,-1,0,-1
813,"","char_CHRONOMON_BOSS_RIGHTWING","chr865",6,1,6,0,0,0,0,0,0,0,0,0,0,0,"",0,0,0,0,0,0,1,0,0,0,0,0,0,0,0,0,0,0,0,1,1,0,0,0,1,0,0,0,0,0,0,0,0,0,0,0,0,0,0,0,0,0,0,1,99,2396,716,395,555,538,647,616,0,0,"",1,0,"",2,0,"",3,0,"",3,0,"",3,0,"",3,0,"",3,0,"",3,0,"",3,0,"",3,0,"",3,0,"",3,23791,"",2,26172,"",25,24502,"",40,23201,"",60,3,2,3,0,1,1,20461,"",153,56,45,-1,813,-1,0,-1
814,"","char_CHRONOMON_BOSS_LEFTWING","chr864",6,1,6,0,0,0,0,0,0,0,0,0,0,0,"",0,0,0,0,0,0,1,0,0,0,0,0,0,0,0,0,0,0,0,1,1,0,0,0,1,0,0,0,0,0,0,0,0,0,0,0,0,0,0,0,0,0,0,1,99,2096,851,497,455,602,457,605,0,0,"",1,0,"",2,0,"",3,0,"",3,0,"",3,0,"",3,0,"",3,0,"",3,0,"",3,0,"",3,0,"",3,0,"",3,30214,"",2,22271,"",25,21682,"",40,24241,"",60,3,2,3,0,1,1,20461,"",153,56,45,-1,814,-1,0,-1
815,"","char_CHRONOMON_BOSS_LEFTARM","chr866",6,1,6,0,0,0,0,0,0,0,0,0,0,0,"",0,0,0,0,0,0,1,0,0,0,0,0,0,0,0,0,0,0,0,1,1,0,0,0,1,0,0,0,0,0,0,0,0,0,0,0,0,0,0,0,0,0,0,1,99,2322,566,513,549,545,413,600,0,0,"",1,0,"",2,0,"",3,0,"",3,0,"",3,0,"",3,0,"",3,0,"",3,0,"",3,0,"",3,0,"",3,0,"",3,30242,"",2,25791,"",25,20241,"",40,21981,"",60,3,2,3,0,1,1,20461,"",153,56,45,-1,815,-1,0,-1
834,"","char_JUPITERMON_WRATHMODE_SUB","chr876",7,1,0,0,0,1,0,0,0,4,0,0,4,2,"",0,1,0,0,0,1,0,1,0,0,0,0,0,0,0,0,0,0,0,0,1,0,0,0,0,0,0,0,0,0,0,0,0,0,0,0,0,0,0,0,0,0,11,1,99,2296,1057,1635,767,1101,450,1163,1,20801,"",1,27241,"",2,0,"",3,0,"",3,0,"",3,0,"",3,0,"",3,0,"",3,0,"",3,0,"",3,0,"",3,0,"",3,27201,"",2,21861,"",25,23823,"",40,21951,"",60,3,2,3,0,1,0,21691,"",0,0,0,-1,834,-1,0,-1
835,"","char_GRACENOVAMON_SUB","chr877",7,1,0,1,0,0,0,0,0,1,0,0,3,3,"",0,0,0,0,0,1,0,0,0,0,0,0,0,0,0,0,0,0,0,0,0,0,0,0,0,0,0,0,0,0,0,1,0,0,0,0,0,0,0,0,0,0,15,1,99,2712,1152,1078,1285,1173,1150,761,4,24371,"",1,23941,"",2,0,"",3,0,"",3,0,"",3,0,"",3,0,"",3,0,"",3,0,"",3,0,"",3,0,"",3,0,"",3,20841,"",2,30064,"",30,30281,"",50,26811,"",70,4,2,3,0,1,0,26041,"",0,0,0,-1,835,-1,0,-1
836,"","char_ENBARRMON_BIG","chr875",5,1,1,3,1,0,0,0,0,0,0,3,1,3,"",0,0,0,0,0,1,0,0,1,0,0,0,0,0,0,0,0,0,0,0,0,0,0,0,0,0,0,0,0,0,0,0,0,0,0,0,0,0,1,0,0,0,16,1,99,941,782,712,667,998,721,663,10,20521,"",1,0,"",2,0,"",3,0,"",3,0,"",3,0,"",3,0,"",3,0,"",3,0,"",3,0,"",3,0,"",3,0,"",3,25641,"",2,30274,"",20,24402,"",35,21911,"",50,2,2,8,0,1,0,29201,"",0,0,0,-1,836,-1,0,-1
837,"","char_TOYAGUMON_BIG","chr874",3,1,0,1,0,3,3,0,1,0,0,0,0,0,"",0,0,0,0,0,1,0,0,0,0,0,0,0,0,0,0,0,0,0,0,0,0,0,0,0,0,0,0,0,0,0,0,0,0,0,0,0,0,0,0,1,0,11,1,99,665,362,135,270,150,160,182,13,27221,"",1,0,"",2,0,"",3,0,"",3,0,"",3,0,"",3,0,"",3,0,"",3,0,"",3,0,"",3,0,"",3,0,"",3,27401,"",2,21691,"",10,0,"",0,0,"",1,1,1,1,0,1,0,27081,"",191,65,63,-1,837,-1,0,-1
844,"","char_UKKOMON","chr789",3,1,3,0,0,0,0,0,0,0,0,0,0,0,"",0,0,0,0,0,1,0,0,0,0,0,0,0,0,0,0,0,0,0,0,0,0,0,0,0,0,0,0,0,0,0,0,0,0,0,0,0,0,0,0,0,0,16,1,99,677,254,243,262,217,170,187,13,20851,"",1,0,"",2,0,"",3,0,"",3,0,"",3,0,"",3,0,"",3,0,"",3,0,"",3,0,"",3,0,"",3,0,"",3,0,"",0,0,"",0,0,"",0,0,"",1,1,1,1,0,1,0,0,"",74,76,82,-1,-1,-1,0,-1
921,"","char_ENBARRMON_CRANIAMON_E","chr921",7,1,0,0,1,0,0,0,0,3,1,4,0,0,"",1,0,0,0,0,1,0,0,0,0,0,0,0,0,0,0,0,0,1,0,0,0,0,0,0,0,0,0,0,0,0,0,0,0,1,0,0,0,0,0,0,0,6,1,99,2225,975,830,1897,1650,1009,864,13,30214,"",1,0,"",2,0,"",3,0,"",3,0,"",3,0,"",3,0,"",3,0,"",3,0,"",3,0,"",3,0,"",3,0,"",3,25971,"",2,30253,"",25,20261,"",40,23051,"",60,4,2,3,0,1,0,27341,"",129,137,204,-1,921,-1,0,-1
863,"","char_CHARISMON_LAST","chr846",6,1,2,1,1,0,3,0,0,0,0,3,0,0,"",0,0,0,0,0,1,0,0,1,0,0,0,0,0,0,0,0,0,0,0,0,1,0,0,0,0,0,0,0,0,0,0,0,0,0,0,0,0,0,0,0,0,4,1,99,1582,756,901,573,743,533,1012,7,30182,"",1,32021,"",2,0,"",3,0,"",3,0,"",3,0,"",3,0,"",3,0,"",3,0,"",3,0,"",3,0,"",3,0,"",3,20602,"",2,28441,"",25,26162,"",40,30222,"",60,3,2,3,0,1,0,24851,"",0,0,0,-1,863,-1,0,-1
864,"","char_BEELZEMON_BM_BIG","chr845",7,1,2,0,3,0,0,0,0,0,1,0,1,3,"",0,0,1,0,0,1,0,0,0,0,0,0,0,0,0,0,0,0,0,1,0,0,0,0,0,0,0,0,0,0,0,0,0,0,0,0,0,0,0,0,0,0,2,1,99,2761,849,1899,594,683,814,1484,7,21131,"",1,24271,"",2,0,"",3,0,"",3,0,"",3,0,"",3,0,"",3,0,"",3,0,"",3,0,"",3,0,"",3,0,"",3,21942,"",2,20941,"",25,25961,"",40,21411,"",60,4,2,3,0,1,0,27751,"",75,60,113,-1,864,-1,0,-1
865,"","char_ZANBAMON_BIG","chr844",6,1,2,0,0,3,3,1,0,1,0,0,0,0,"",0,0,0,0,0,1,0,1,0,0,0,0,0,0,0,0,0,0,0,1,0,0,0,0,0,0,0,0,0,0,0,0,0,0,0,0,0,0,0,0,0,0,4,1,99,2034,597,1360,731,478,530,664,1,20581,"",1,27001,"",2,0,"",3,0,"",3,0,"",3,0,"",3,0,"",3,0,"",3,0,"",3,0,"",3,0,"",3,0,"",3,25731,"",2,30303,"",25,24401,"",40,20201,"",60,3,2,3,0,1,0,22251,"",204,211,122,-1,865,-1,0,-1
866,"","char_LEVIAMON_BIG","chr843",6,1,2,0,0,4,0,0,0,2,0,0,2,4,"",0,0,1,0,0,0,1,0,0,0,0,0,0,0,0,0,0,0,0,1,0,0,0,0,0,0,0,0,0,0,0,0,0,0,0,0,0,0,0,0,0,0,14,1,99,1889,1023,1169,938,956,911,661,1,23822,"",1,22251,"",2,0,"",3,0,"",3,0,"",3,0,"",3,0,"",3,0,"",3,0,"",3,0,"",3,0,"",3,0,"",3,30013,"",2,22301,"",25,26211,"",40,20191,"",60,3,2,8,0,1,0,20371,"",197,86,82,-1,866,-1,0,-1
867,"","char_VULCANUSMON_GUEST_BIG","chr823",6,1,1,1,3,0,0,0,0,0,1,4,0,0,"",0,1,0,0,0,1,0,1,0,0,0,0,0,0,0,0,0,0,0,0,1,0,0,0,0,0,0,0,0,0,0,0,0,0,0,0,0,0,0,0,0,0,7,1,99,1635,683,628,1276,706,1092,816,13,24661,"",1,21792,"",2,0,"",3,0,"",3,0,"",3,0,"",3,0,"",3,0,"",3,0,"",3,0,"",3,0,"",3,0,"",3,23641,"",2,20452,"",25,30052,"",40,30141,"",60,3,2,3,0,1,0,21781,"",0,0,0,-1,867,-1,0,-1
868,"","char_BELPHEMON_SM_BIG","chr841",6,1,2,0,3,0,1,0,0,0,0,0,1,3,"",0,0,1,0,0,1,0,0,0,0,0,0,0,0,0,0,0,0,0,1,0,0,0,0,0,0,0,0,0,0,0,0,0,0,0,0,0,0,0,0,0,0,2,1,99,1671,1013,478,529,1659,801,1055,4,30071,"",1,26172,"",2,0,"",3,0,"",3,0,"",3,0,"",3,0,"",3,0,"",3,0,"",3,0,"",3,0,"",3,0,"",3,27251,"",2,23051,"",25,20572,"",40,32131,"",60,3,1,1,0,1,0,24391,"",99,84,75,-1,868,-1,0,-1
869,"","char_LUCEMON_SM_BIG","chr840",7,1,2,1,3,0,0,0,0,0,0,0,1,4,"",0,0,1,0,0,0,1,0,0,0,0,0,0,0,0,0,0,0,0,1,1,0,0,0,0,0,0,0,0,0,0,0,0,0,0,0,0,0,0,0,0,0,15,1,99,2796,847,492,985,2367,884,1027,4,25801,"",1,30252,"",2,0,"",3,0,"",3,0,"",3,0,"",3,0,"",3,0,"",3,0,"",3,0,"",3,0,"",3,0,"",3,27701,"",2,21961,"",30,20461,"",50,20392,"",70,4,2,8,0,1,1,24351,"",136,106,155,-1,869,-1,0,-1
870,"","char_BELPHEMON_RM_BIG","chr839",7,1,2,0,3,0,1,0,0,0,0,3,2,4,"",0,0,1,0,0,0,1,0,0,0,0,0,0,0,0,0,0,0,0,1,0,0,0,0,0,0,0,0,0,0,0,0,0,0,0,0,0,0,0,0,0,0,2,1,99,2291,475,1617,1271,581,910,671,1,23751,"",1,20131,"",2,0,"",3,0,"",3,0,"",3,0,"",3,0,"",3,0,"",3,0,"",3,0,"",3,0,"",3,0,"",3,21711,"",2,24402,"",30,26881,"",50,20961,"",70,4,2,8,0,1,0,20401,"",64,56,56,-1,870,-1,0,-1
871,"","char_INFERMON_BIG","chr838",5,1,5,2,1,3,0,0,0,3,0,1,0,3,"",0,0,0,0,0,1,0,0,0,0,0,0,0,0,0,0,0,0,0,0,0,0,0,0,0,0,0,0,0,0,0,0,0,0,0,0,0,0,0,0,0,1,16,1,99,1610,599,950,280,436,348,723,7,30062,"",1,0,"",2,0,"",3,0,"",3,0,"",3,0,"",3,0,"",3,0,"",3,0,"",3,0,"",3,0,"",3,0,"",3,25771,"",2,23081,"",20,27483,"",35,21851,"",50,2,2,6,0,1,0,26271,"",229,227,241,-1,871,-1,0,-1
872,"","char_SKULLGREYMON_BIG","chr837",5,1,2,0,1,3,0,0,0,0,0,0,1,3,"",0,0,0,0,0,1,0,0,0,0,0,0,0,0,0,0,0,0,0,0,0,0,0,0,0,0,0,0,0,0,0,0,0,0,0,0,0,0,1,0,0,0,4,1,99,1268,342,1031,800,234,802,519,1,20031,"",1,0,"",2,0,"",3,0,"",3,0,"",3,0,"",3,0,"",3,0,"",3,0,"",3,0,"",3,0,"",3,0,"",3,21801,"",2,30154,"",20,22171,"",35,30043,"",50,2,2,8,0,1,0,24041,"",203,193,180,-1,872,-1,0,-1
873,"","char_MUGENDRAMON_BIG","chr836",6,1,2,3,0,0,0,0,0,1,1,3,0,0,"",0,0,0,0,0,1,0,0,0,0,0,0,0,0,0,0,0,0,0,0,0,1,0,0,0,0,0,0,0,0,0,0,0,0,0,0,0,0,0,0,0,0,4,1,99,1277,514,1311,868,786,1067,607,13,20131,"",1,0,"",2,0,"",3,0,"",3,0,"",3,0,"",3,0,"",3,0,"",3,0,"",3,0,"",3,0,"",3,0,"",3,30041,"",2,32081,"",25,30066,"",40,30281,"",60,3,2,8,0,1,0,23851,"",158,158,174,-1,873,-1,0,-1
874,"","char_MILLENNIUMON_BIG","chr835",6,1,2,3,0,0,0,0,0,1,0,0,1,3,"",0,0,0,0,0,1,0,0,0,0,0,0,0,0,0,0,0,0,0,0,0,0,0,0,0,0,0,0,0,0,0,0,0,0,0,0,0,0,0,0,0,1,11,1,99,1716,830,1545,674,363,497,871,7,30335,"",1,0,"",2,0,"",3,0,"",3,0,"",3,0,"",3,0,"",3,0,"",3,0,"",3,0,"",3,0,"",3,0,"",3,26291,"",2,23451,"",25,27483,"",40,27111,"",60,3,2,8,0,1,0,22301,"",29,38,106,-1,874,-1,0,-1
875,"","char_DEMON_BIG","chr834",6,1,2,0,3,0,1,0,0,0,0,0,2,4,"",0,0,1,0,0,1,0,0,0,0,0,0,0,0,0,0,0,0,0,1,0,0,0,0,0,0,0,0,0,0,0,0,0,0,0,0,0,0,0,0,0,0,15,1,99,1982,580,1106,732,922,626,560,4,30241,"",1,0,"",2,0,"",3,0,"",3,0,"",3,0,"",3,0,"",3,0,"",3,0,"",3,0,"",3,0,"",3,0,"",3,23891,"",2,22341,"",25,23461,"",40,20864,"",60,3,2,3,0,1,0,20381,"",113,57,101,-1,875,-1,0,-1
876,"","char_BARBAMON_BIG","chr833",6,1,2,0,3,1,0,0,0,0,0,0,2,4,"",0,0,1,0,0,1,0,0,0,0,0,0,0,0,0,0,0,0,0,1,0,0,0,0,0,0,0,0,0,0,0,0,0,0,0,0,0,0,0,0,0,0,15,1,99,980,1016,326,681,1677,1306,783,4,30065,"",1,25951,"",2,0,"",3,0,"",3,0,"",3,0,"",3,0,"",3,0,"",3,0,"",3,0,"",3,0,"",3,0,"",3,30222,"",2,30292,"",25,27391,"",40,20581,"",60,3,4,5,0,1,0,20361,"",230,76,59,-1,876,-1,0,-1
877,"","char_TYRANTKABUTERIMON_BIG","chr832",6,1,2,0,3,1,1,0,0,0,3,0,0,0,"",0,0,0,0,0,1,0,0,0,0,0,0,0,0,0,0,1,0,0,0,0,0,0,0,0,0,0,0,0,0,0,0,0,0,0,0,0,0,0,0,0,0,4,1,99,1301,624,1137,1079,686,712,893,7,21812,"",1,22201,"",2,0,"",3,0,"",3,0,"",3,0,"",3,0,"",3,0,"",3,0,"",3,0,"",3,0,"",3,0,"",3,21361,"",2,22171,"",25,23491,"",40,26271,"",60,3,2,8,0,1,0,21281,"",123,0,124,-1,877,-1,0,-1
878,"","char_GUNDRAMON_BIG","chr827",6,1,2,0,3,1,0,0,0,1,0,3,0,0,"",0,0,0,0,0,1,0,0,0,0,0,0,0,0,0,0,0,0,0,0,0,1,0,0,0,0,0,0,0,0,0,0,0,0,0,0,0,0,0,0,0,0,4,1,99,1105,803,1122,858,580,430,886,1,24161,"",1,27181,"",2,0,"",3,0,"",3,0,"",3,0,"",3,0,"",3,0,"",3,0,"",3,0,"",3,0,"",3,0,"",3,30301,"",2,27481,"",25,22142,"",40,20751,"",60,3,2,7,0,1,0,21941,"",90,95,103,-1,878,-1,0,-1
879,"","char_BREAKDRAMON_BIG","chr828",6,1,2,0,0,0,0,1,0,1,3,3,0,0,"",0,0,0,0,0,1,0,0,0,0,0,0,0,0,0,0,0,0,0,0,0,1,0,0,1,0,0,0,0,0,0,0,0,0,0,0,0,0,0,0,0,0,4,1,99,2800,601,1345,1209,439,626,735,1,27211,"",1,21712,"",2,0,"",3,0,"",3,0,"",3,0,"",3,0,"",3,0,"",3,0,"",3,0,"",3,0,"",3,0,"",3,23021,"",2,24171,"",25,20021,"",40,30121,"",60,3,2,8,0,1,0,22141,"",186,191,100,-1,879,-1,0,-1
880,"","char_PHARAOHMON_BIG","chr829",6,1,2,0,0,0,3,0,0,1,0,0,1,3,"",0,0,0,0,0,1,0,1,0,0,0,0,0,0,0,0,0,0,0,1,0,0,0,0,0,0,0,0,0,0,0,0,0,0,0,0,0,0,0,0,0,0,4,1,99,1588,1313,257,261,1104,1085,677,4,21712,"",1,0,"",2,0,"",3,0,"",3,0,"",3,0,"",3,0,"",3,0,"",3,0,"",3,0,"",3,0,"",3,0,"",3,30193,"",2,31022,"",25,23421,"",40,21932,"",60,3,4,5,0,1,0,22271,"",0,0,0,-1,880,-1,0,-1
881,"","char_VENOMMYOTISMON_BIG","chr830",6,1,2,0,3,0,0,0,0,1,0,0,1,3,"",0,0,0,0,0,1,0,0,1,0,0,0,0,0,0,0,0,0,0,1,0,0,0,0,0,0,0,0,0,0,0,0,0,0,0,0,0,0,0,0,0,0,15,1,99,2010,735,820,362,1152,559,746,1,25141,"",1,0,"",2,0,"",3,0,"",3,0,"",3,0,"",3,0,"",3,0,"",3,0,"",3,0,"",3,0,"",3,0,"",3,30203,"",2,29081,"",25,24941,"",40,34071,"",60,3,2,3,0,1,0,26001,"",131,39,26,-1,881,-1,0,-1
882,"","char_RAPIDMON_ARMOR_BIG","chr831",9,1,0,0,0,1,0,0,0,3,0,0,3,1,"",0,0,0,0,0,1,0,0,0,0,0,0,0,0,0,0,0,0,1,0,0,0,0,0,0,0,0,0,0,0,0,0,0,0,1,0,0,0,0,0,0,0,10,1,99,1293,922,846,981,846,865,644,4,24341,"",1,0,"",2,0,"",3,0,"",3,0,"",3,0,"",3,0,"",3,0,"",3,0,"",3,0,"",3,0,"",3,0,"",3,27483,"",2,20731,"",20,24091,"",30,30232,"",40,3,2,3,0,1,0,27511,"",169,154,47,-1,882,-1,0,-1
883,"","char_MAMMON_BIG","chr826",5,1,0,0,1,0,3,0,0,1,3,0,0,0,"",0,0,0,0,0,1,0,0,1,0,0,0,0,0,0,0,0,0,0,0,0,0,0,0,0,0,0,0,0,0,1,0,0,0,0,0,0,0,0,0,0,0,2,1,99,1831,505,912,699,858,497,559,4,24242,"",1,0,"",2,0,"",3,0,"",3,0,"",3,0,"",3,0,"",3,0,"",3,0,"",3,0,"",3,0,"",3,0,"",3,21031,"",2,22401,"",20,20051,"",35,20971,"",50,2,2,8,0,1,0,25881,"",156,106,72,-1,883,-1,0,-1
884,"","char_CLAVISANGEMON_BIG","chr825",6,1,0,1,0,0,0,0,0,0,0,3,3,1,"",0,0,0,0,0,1,0,0,0,0,0,0,0,0,0,0,0,0,0,0,0,0,1,0,0,0,0,0,0,0,0,0,0,0,0,0,0,0,0,0,0,0,6,1,99,1141,1174,338,713,1128,1324,615,4,21741,"",1,0,"",2,0,"",3,0,"",3,0,"",3,0,"",3,0,"",3,0,"",3,0,"",3,0,"",3,0,"",3,0,"",3,26171,"",2,21952,"",25,23931,"",40,27191,"",60,3,2,3,0,1,0,26131,"",0,0,0,-1,884,-1,0,-1
885,"","char_VULCANUSMON_BIG","chr842",6,1,1,1,3,0,0,0,0,0,1,4,0,0,"",0,1,0,0,0,1,0,1,0,0,0,0,0,0,0,0,0,0,0,0,1,0,0,0,0,0,0,0,0,0,0,0,0,0,0,0,0,0,0,0,0,0,7,1,99,1249,857,653,1295,839,1305,496,13,0,"",1,0,"",2,0,"",3,0,"",3,0,"",3,0,"",3,0,"",3,0,"",3,0,"",3,0,"",3,0,"",3,0,"",3,0,"",2,0,"",25,0,"",40,0,"",60,3,2,3,0,1,0,21781,"",0,0,0,-1,885,-1,0,-1
886,"","char_CHRONOMON_BOSS_CORE","chr866",6,1,6,0,0,0,0,0,0,0,0,0,0,0,"",0,0,0,0,0,0,1,0,0,0,0,0,0,0,0,0,0,0,0,1,1,0,0,0,1,0,0,0,0,0,0,0,0,0,0,0,0,0,0,0,0,0,0,1,99,1656,740,613,381,560,564,444,0,0,"",1,0,"",2,0,"",3,0,"",3,0,"",3,0,"",3,0,"",3,0,"",3,0,"",3,0,"",3,0,"",3,0,"",3,22142,"",2,23641,"",25,25691,"",40,30043,"",60,3,2,3,0,1,1,20461,"",153,56,45,-1,886,-1,0,-1
887,"","char_CHRONOMON_BOSS_WING","chr865",6,1,6,0,0,0,0,0,0,0,0,0,0,0,"",0,0,0,0,0,0,1,0,0,0,0,0,0,0,0,0,0,0,0,1,1,0,0,0,1,0,0,0,0,0,0,0,0,0,0,0,0,0,0,0,0,0,0,1,99,2075,590,410,535,587,361,360,0,0,"",1,0,"",2,0,"",3,0,"",3,0,"",3,0,"",3,0,"",3,0,"",3,0,"",3,0,"",3,0,"",3,0,"",3,21282,"",2,24271,"",25,21792,"",40,27731,"",60,3,2,3,0,1,1,20461,"",153,56,45,-1,887,-1,0,-1
888,"","char_CHRONOMON_BOSS_ADD_LEFTWING","chr864",6,1,6,0,0,0,0,0,0,0,0,0,0,0,"",0,0,0,0,0,0,1,0,0,0,0,0,0,0,0,0,0,0,0,1,1,0,0,0,1,0,0,0,0,0,0,0,0,0,0,0,0,0,0,0,0,0,0,1,99,1599,619,464,642,499,442,480,0,0,"",1,0,"",2,0,"",3,0,"",3,0,"",3,0,"",3,0,"",3,0,"",3,0,"",3,0,"",3,0,"",3,0,"",3,30331,"",2,27181,"",25,23221,"",40,21861,"",60,3,2,3,0,1,1,20461,"",153,56,45,-1,888,-1,0,-1
889,"","char_CHRONOMON_BOSS_LEFTARM1","chr866",6,1,6,1,4,4,4,4,4,4,4,4,4,4,"",0,0,0,0,0,0,1,0,0,0,0,0,0,0,0,0,0,0,0,1,1,0,0,0,1,0,0,0,0,0,0,0,0,0,0,0,0,0,0,0,0,0,0,1,99,2002,950,459,512,446,376,450,0,0,"",1,0,"",2,0,"",3,0,"",3,0,"",3,0,"",3,0,"",3,0,"",3,0,"",3,0,"",3,0,"",3,0,"",3,27451,"",2,22131,"",25,27661,"",40,26882,"",60,3,2,3,0,1,1,20461,"",153,56,45,-1,889,-1,0,-1
890,"","char_CHRONOMON_BOSS_LEFTARM2","chr866",6,1,6,4,1,4,4,4,4,1,4,4,4,4,"",0,0,0,0,0,0,1,0,0,0,0,0,0,0,0,0,0,0,0,1,1,0,0,0,1,0,0,0,0,0,0,0,0,0,0,0,0,0,0,0,0,0,0,1,99,1791,923,557,468,581,608,381,0,0,"",1,0,"",2,0,"",3,0,"",3,0,"",3,0,"",3,0,"",3,0,"",3,0,"",3,0,"",3,0,"",3,0,"",3,30022,"",2,21841,"",25,24211,"",40,20381,"",60,3,2,3,0,1,1,20461,"",153,56,45,-1,890,-1,0,-1
891,"","char_CHRONOMON_BOSS_LEFTARM4","chr866",6,1,6,4,4,1,1,4,4,4,4,4,4,4,"",0,0,0,0,0,0,1,0,0,0,0,0,0,0,0,0,0,0,0,1,1,0,0,0,1,0,0,0,0,0,0,0,0,0,0,0,0,0,0,0,0,0,0,1,99,2209,637,514,380,373,605,487,0,0,"",1,0,"",2,0,"",3,0,"",3,0,"",3,0,"",3,0,"",3,0,"",3,0,"",3,0,"",3,0,"",3,0,"",3,20271,"",2,20841,"",25,23781,"",40,27422,"",60,3,2,3,0,1,1,20461,"",153,56,45,-1,891,-1,0,-1
892,"","char_CHRONOMON_BOSS_LEFTARM3","chr866",6,1,6,4,4,4,4,1,1,4,4,4,4,4,"",0,0,0,0,0,0,1,0,0,0,0,0,0,0,0,0,0,0,0,1,1,0,0,0,1,0,0,0,0,0,0,0,0,0,0,0,0,0,0,0,0,0,0,1,99,1533,680,503,378,608,390,462,0,0,"",1,0,"",2,0,"",3,0,"",3,0,"",3,0,"",3,0,"",3,0,"",3,0,"",3,0,"",3,0,"",3,0,"",3,25821,"",2,23711,"",25,21264,"",40,20942,"",60,3,2,3,0,1,1,20461,"",153,56,45,-1,892,-1,0,-1
893,"","char_CHRONOMON_BOSS_LEFTARM5","chr866",6,1,6,4,4,4,4,4,4,4,1,1,4,4,"",0,0,0,0,0,0,1,0,0,0,0,0,0,0,0,0,0,0,0,1,1,0,0,0,1,0,0,0,0,0,0,0,0,0,0,0,0,0,0,0,0,0,0,1,99,2548,675,618,446,635,511,520,0,0,"",1,0,"",2,0,"",3,0,"",3,0,"",3,0,"",3,0,"",3,0,"",3,0,"",3,0,"",3,0,"",3,0,"",3,22171,"",2,23281,"",25,30201,"",40,24174,"",60,3,2,3,0,1,1,20461,"",153,56,45,-1,893,-1,0,-1
894,"","char_CHRONOMON_BOSS_LEFTARM6","chr866",6,1,6,4,4,4,4,4,4,4,4,4,1,1,"",0,0,0,0,0,0,1,0,0,0,0,0,0,0,0,0,0,0,0,1,1,0,0,0,1,0,0,0,0,0,0,0,0,0,0,0,0,0,0,0,0,0,0,1,99,1723,749,458,493,637,370,560,0,0,"",1,0,"",2,0,"",3,0,"",3,0,"",3,0,"",3,0,"",3,0,"",3,0,"",3,0,"",3,0,"",3,0,"",3,23111,"",2,32121,"",25,27375,"",40,20571,"",60,3,2,3,0,1,1,20461,"",153,56,45,-1,894,-1,0,-1
895,"","char_CHRONOMON_BOSS_LEFTARM7","chr866",6,1,6,4,4,4,4,4,4,4,4,4,4,4,"",0,0,0,0,0,0,1,0,0,0,0,0,0,0,0,0,0,0,0,1,1,0,0,0,1,0,0,0,0,0,0,0,0,0,0,0,0,0,0,0,0,0,0,1,99,2561,715,460,368,592,478,524,0,0,"",1,0,"",2,0,"",3,0,"",3,0,"",3,0,"",3,0,"",3,0,"",3,0,"",3,0,"",3,0,"",3,0,"",3,23771,"",2,26142,"",25,31041,"",40,22171,"",60,3,2,3,0,1,1,20461,"",153,56,45,-1,895,-1,0,-1
896,"","char_CHRONOMON_BOSS_LEFTARM8","chr866",6,1,6,4,4,4,4,4,4,4,4,4,4,4,"",0,0,0,0,0,0,1,0,0,0,0,0,0,0,0,0,0,0,0,1,1,0,0,0,1,0,0,0,0,0,0,0,0,0,0,0,0,0,0,0,0,0,0,1,99,1698,606,529,640,443,365,416,0,0,"",1,0,"",2,0,"",3,0,"",3,0,"",3,0,"",3,0,"",3,0,"",3,0,"",3,0,"",3,0,"",3,0,"",3,24131,"",2,23751,"",25,21451,"",40,25981,"",60,3,2,3,0,1,1,20461,"",153,56,45,-1,896,-1,0,-1
897,"","char_CHRONOMON_BOSS_LEFTARM9","chr866",6,1,6,4,4,4,4,4,4,4,4,4,4,4,"",0,0,0,0,0,0,1,0,0,0,0,0,0,0,0,0,0,0,0,1,1,0,0,0,1,0,0,0,0,0,0,0,0,0,0,0,0,0,0,0,0,0,0,1,99,1682,838,598,563,440,550,493,0,0,"",1,0,"",2,0,"",3,0,"",3,0,"",3,0,"",3,0,"",3,0,"",3,0,"",3,0,"",3,0,"",3,0,"",3,26091,"",2,27551,"",25,30333,"",40,21172,"",60,3,2,3,0,1,1,20461,"",153,56,45,-1,897,-1,0,-1
898,"","char_CHRONOMON_BOSS_LEFTARM10","chr866",6,1,6,4,4,4,4,4,4,4,4,4,4,4,"",0,0,0,0,0,0,1,0,0,0,0,0,0,0,0,0,0,0,0,1,1,0,0,0,1,0,0,0,0,0,0,0,0,0,0,0,0,0,0,0,0,0,0,1,99,2044,573,358,480,421,380,518,0,0,"",1,0,"",2,0,"",3,0,"",3,0,"",3,0,"",3,0,"",3,0,"",3,0,"",3,0,"",3,0,"",3,0,"",3,26231,"",2,20761,"",25,23851,"",40,20371,"",60,3,2,3,0,1,1,20461,"",153,56,45,-1,898,-1,0,-1
899,"","char_CHRONOMON_BOSS_LEFTARM11","chr866",6,1,6,4,4,4,4,4,4,4,4,4,4,4,"",0,0,0,0,0,0,1,0,0,0,0,0,0,0,0,0,0,0,0,1,1,0,0,0,1,0,0,0,0,0,0,0,0,0,0,0,0,0,0,0,0,0,0,1,99,2614,725,547,456,606,503,611,0,0,"",1,0,"",2,0,"",3,0,"",3,0,"",3,0,"",3,0,"",3,0,"",3,0,"",3,0,"",3,0,"",3,0,"",3,30233,"",2,24021,"",25,26761,"",40,27441,"",60,3,2,3,0,1,1,20461,"",153,56,45,-1,899,-1,0,-1
906,"","char_SHARKMON_BOSS","chr940",5,1,2,1,0,4,3,0,0,1,0,0,0,0,"",0,0,0,1,0,1,0,0,0,0,0,1,0,0,0,0,0,0,0,0,0,1,0,0,0,0,0,0,0,0,0,0,0,0,0,0,0,0,0,0,0,0,0,1,99,653,751,444,457,417,388,476,0,0,"",1,0,"",2,0,"",3,0,"",3,0,"",3,0,"",3,0,"",3,0,"",3,0,"",3,0,"",3,0,"",3,0,"",3,0,"",1,0,"",1,0,"",1,0,"",1,2,2,8,0,1,1,29071,"",0,0,0,-1,906,-1,0,-1
907,"","char_SHARKMON","chr907",5,0,2,1,0,4,3,0,0,1,0,0,0,0,"",0,0,0,0,0,1,0,0,0,0,0,1,0,0,0,0,0,0,0,0,0,1,0,0,0,0,0,0,0,0,0,0,0,0,0,0,0,0,0,0,0,0,4,1,99,1480,798,868,1054,376,434,411,1,20864,"",1,0,"",2,0,"",3,0,"",3,0,"",3,0,"",3,0,"",3,0,"",3,0,"",3,0,"",3,0,"",3,0,"",3,20402,"",2,21722,"",20,27482,"",30,26101,"",40,2,2,8,0,1,0,29071,"",0,0,0,275,907,-1,0,-1
908,"","char_SKULLSEADRAMON","chr908",5,0,2,0,1,3,0,0,0,3,0,0,2,3,"",0,0,0,0,0,1,0,0,0,0,0,1,0,0,0,0,0,0,0,0,0,0,0,0,0,0,0,0,0,0,0,0,0,0,0,0,0,0,1,0,0,0,14,1,99,897,869,456,396,1055,534,541,4,21681,"",1,0,"",2,0,"",3,0,"",3,0,"",3,0,"",3,0,"",3,0,"",3,0,"",3,0,"",3,0,"",3,0,"",3,27081,"",2,26171,"",20,23671,"",30,20601,"",40,2,2,8,0,1,0,29081,"",0,0,0,280,908,-1,0,-1
909,"","char_SKULLSEADRAMON","chr909",5,1,2,3,0,4,4,3,3,3,3,3,0,3,"",0,0,0,1,0,1,0,0,0,0,0,1,0,0,0,0,0,0,0,0,0,0,0,0,0,0,0,0,0,0,0,0,0,0,0,0,0,0,0,0,0,0,0,1,99,529,937,621,363,426,508,628,0,0,"",1,0,"",2,0,"",3,0,"",3,0,"",3,0,"",3,0,"",3,0,"",3,0,"",3,0,"",3,0,"",3,0,"",3,0,"",1,0,"",1,0,"",1,0,"",1,2,2,8,0,1,1,29081,"",0,0,0,-1,909,-1,0,-1
910,"","char_RAREMON_BIG","chr939",4,1,2,0,1,3,0,0,0,0,0,0,1,3,"",0,0,0,0,0,0,1,0,0,0,0,0,0,0,0,0,0,0,0,0,0,0,0,0,0,0,0,0,0,0,0,0,0,0,0,0,0,0,1,0,0,0,4,1,99,1230,199,319,201,275,299,255,0,0,"",1,0,"",2,0,"",3,0,"",3,0,"",3,0,"",3,0,"",3,0,"",3,0,"",3,0,"",3,0,"",3,0,"",3,0,"",1,0,"",1,0,"",1,0,"",1,2,2,6,0,1,1,25901,"",0,0,0,-1,910,-1,0,-1
911,"","char_METALGREYMON_BIG_BL","chr936",5,1,2,0,3,0,1,0,0,2,0,3,0,0,"",0,0,0,1,0,1,0,0,0,0,0,0,0,0,1,0,0,0,0,0,0,1,0,0,0,0,0,0,0,0,0,0,0,0,0,0,0,0,0,0,0,0,4,1,99,2153,577,744,840,400,376,553,1,0,"",1,0,"",2,0,"",3,0,"",3,0,"",3,0,"",3,0,"",3,0,"",3,0,"",3,0,"",3,0,"",3,0,"",3,0,"",1,0,"",1,0,"",1,0,"",1,2,2,3,0,1,1,23271,"",83,85,113,-1,911,-1,0,-1
912,"","char_UNDEADPLUTOMON","chr493",6,0,2,0,1,0,3,0,0,0,0,0,2,4,"",0,0,0,0,0,1,0,1,0,0,0,0,0,0,0,0,0,0,0,0,1,0,0,0,0,0,0,0,0,0,0,0,0,0,0,0,0,0,1,0,0,0,3,1,99,1775,563,1104,654,1328,560,598,1,25791,"",1,27111,"",2,0,"",3,0,"",3,0,"",3,0,"",3,0,"",3,0,"",3,0,"",3,0,"",3,0,"",3,0,"",3,20101,"",2,20462,"",25,21341,"",35,26151,"",45,3,2,8,0,1,0,29131,"",0,0,0,382,912,-1,0,-1
913,"","char_GREYMON_BIG_BL","chr913",4,1,2,1,3,1,1,0,0,1,3,0,0,3,"",0,0,0,1,0,0,1,0,0,0,0,0,0,0,0,0,0,0,0,0,0,0,0,1,0,0,0,0,0,0,0,0,0,0,0,0,0,0,0,0,0,0,3,1,99,782,327,536,293,192,232,245,0,0,"",1,0,"",2,0,"",3,0,"",3,0,"",3,0,"",3,0,"",3,0,"",3,0,"",3,0,"",3,0,"",3,0,"",3,0,"",1,0,"",1,0,"",1,0,"",1,2,2,8,2,1,1,29131,"",0,0,0,-1,913,-1,0,-1
914,"","char_GREYMON_BIG_BL_ADD","chr913",4,1,2,0,3,3,3,1,1,3,4,3,1,0,"",0,0,0,1,0,0,0,0,0,0,0,0,0,0,0,0,0,0,0,0,0,0,0,1,0,0,0,0,0,0,0,0,0,0,0,0,0,0,0,0,0,0,3,1,99,771,391,443,339,175,252,272,0,0,"",1,0,"",2,0,"",3,0,"",3,0,"",3,0,"",3,0,"",3,0,"",3,0,"",3,0,"",3,0,"",3,0,"",3,0,"",1,0,"",1,0,"",1,0,"",1,2,2,8,2,1,1,29131,"",0,0,0,-1,914,-1,0,-1
915,"","char_SKULLBALUCHIMON_TITAMON","chr915",7,0,2,0,1,0,3,0,0,0,0,0,2,4,"",0,0,0,1,0,1,0,0,0,0,0,0,0,0,0,0,0,0,0,1,1,0,0,0,0,0,0,0,0,0,0,0,0,0,0,0,0,0,0,0,0,0,4,1,99,3183,710,1347,730,805,581,850,1,21732,"",1,0,"",2,0,"",3,0,"",3,0,"",3,0,"",3,0,"",3,0,"",3,0,"",3,0,"",3,0,"",3,0,"",3,26881,"",2,23051,"",25,27542,"",35,27521,"",45,4,2,8,0,1,0,29081,"",0,0,0,442,915,-1,0,-1
916,"","char_UNDEADPLUTOMON_BOSS","chr916",6,1,2,0,1,0,3,0,0,0,0,0,2,4,"",0,0,0,0,0,1,0,1,0,0,0,0,0,0,0,0,0,0,0,0,1,0,0,0,0,0,0,0,0,0,0,0,0,0,0,0,0,0,1,0,0,0,3,1,99,1112,501,1153,570,925,738,714,1,0,"",1,0,"",2,0,"",3,0,"",3,0,"",3,0,"",3,0,"",3,0,"",3,0,"",3,0,"",3,0,"",3,0,"",3,0,"",1,0,"",1,0,"",1,0,"",1,3,2,8,0,1,1,29131,"",0,0,0,-1,916,-1,0,-1
917,"","char_WHAMON_BIG","chr917",5,1,0,0,0,0,0,0,0,0,0,0,0,0,"",0,0,0,0,0,0,1,0,1,0,0,1,0,0,0,0,0,0,0,0,0,0,0,0,0,0,0,0,0,0,0,0,0,0,0,0,0,0,0,0,0,0,14,1,99,1953,572,601,581,741,536,354,0,0,"",1,0,"",2,0,"",3,0,"",3,0,"",3,0,"",3,0,"",3,0,"",3,0,"",3,0,"",3,0,"",3,0,"",3,0,"",1,0,"",1,0,"",1,0,"",1,2,2,8,0,1,0,20211,"",66,93,127,-1,917,-1,0,-1
918,"","char_LOCOMON_EVENT","chr918",5,1,1,0,0,0,0,0,0,0,0,0,0,0,"",0,0,0,0,0,0,0,0,0,0,0,0,0,0,0,0,0,0,0,0,0,1,0,0,0,0,0,0,0,0,0,0,0,0,0,0,0,0,0,0,0,0,10,1,99,949,545,552,926,432,615,431,0,0,"",1,0,"",2,0,"",3,0,"",3,0,"",3,0,"",3,0,"",3,0,"",3,0,"",3,0,"",3,0,"",3,0,"",3,0,"",1,0,"",1,0,"",1,0,"",1,2,2,7,0,1,0,21981,"",0,0,0,-1,918,-1,0,-1
919,"","char_ULTIMATEBRAKIMON_BIG","chr919",6,1,1,0,0,0,0,1,1,0,3,3,0,0,"",0,0,0,0,0,0,1,0,0,0,0,0,0,0,0,0,0,0,0,0,0,0,0,0,0,0,0,0,0,0,0,0,0,0,0,0,0,0,0,0,0,0,6,1,99,2726,979,756,1066,416,785,498,0,0,"",1,0,"",2,0,"",3,0,"",3,0,"",3,0,"",3,0,"",3,0,"",3,0,"",3,0,"",3,0,"",3,0,"",3,0,"",1,0,"",1,0,"",1,0,"",1,3,2,3,0,1,1,27251,"",112,115,122,-1,919,-1,0,-1
920,"","char_ENBARRMON","chr920",5,0,1,3,1,0,0,0,0,0,0,3,1,3,"",0,0,0,0,0,1,0,0,1,0,0,0,0,0,0,0,0,0,0,0,0,0,0,0,0,0,0,0,0,0,0,0,0,0,0,0,0,0,1,0,0,0,16,1,99,1205,512,473,776,661,609,892,10,24521,"",1,0,"",2,0,"",3,0,"",3,0,"",3,0,"",3,0,"",3,0,"",3,0,"",3,0,"",3,0,"",3,0,"",3,27111,"",2,24521,"",20,23091,"",30,21991,"",40,2,2,8,0,1,0,29201,"",0,0,0,231,920,-1,0,-1
494,"","char_ENBARRMON_CRANIAMON","chr494",7,0,0,0,1,0,0,0,0,3,1,4,0,0,"",1,0,0,0,0,1,0,0,0,0,0,0,0,0,0,0,0,0,1,0,0,0,0,0,0,0,0,0,0,0,0,0,0,0,1,0,0,0,0,0,0,0,6,1,99,1806,924,980,1238,1066,1011,1211,13,25941,"",1,0,"",2,0,"",3,0,"",3,0,"",3,0,"",3,0,"",3,0,"",3,0,"",3,0,"",3,0,"",3,0,"",3,26172,"",2,27392,"",25,21682,"",35,27352,"",45,4,2,3,0,1,0,27341,"",129,137,204,428,921,-1,0,-1
924,"","char_BEARMON_OB","chr924",3,1,0,0,1,0,1,3,0,0,3,0,0,0,"",0,0,0,0,0,1,0,0,1,0,0,0,0,0,0,0,0,0,0,0,0,0,0,0,0,0,0,0,0,0,0,0,0,0,0,0,0,0,0,0,0,0,4,1,99,530,187,242,166,148,133,184,1,0,"",1,0,"",2,0,"",3,0,"",3,0,"",3,0,"",3,0,"",3,0,"",3,0,"",3,0,"",3,0,"",3,0,"",3,23691,"",2,23081,"",15,0,"",0,0,"",0,1,1,1,0,1,0,22341,"",96,103,153,-1,924,-1,0,-1
925,"","char_BEARMON_YB","chr925",3,1,0,0,1,0,1,3,0,0,3,0,0,0,"",0,0,0,0,0,1,0,0,1,0,0,0,0,0,0,0,0,0,0,0,0,0,0,0,0,0,0,0,0,0,0,0,0,0,0,0,0,0,0,0,0,0,4,1,99,432,207,320,245,108,200,164,1,0,"",1,0,"",2,0,"",3,0,"",3,0,"",3,0,"",3,0,"",3,0,"",3,0,"",3,0,"",3,0,"",3,0,"",3,26042,"",2,27732,"",15,0,"",0,0,"",0,1,1,1,0,1,0,22341,"",96,103,153,-1,925,-1,0,-1
926,"","char_PARROTMON_BIG","chr926",5,1,0,0,1,0,0,0,3,4,1,0,0,3,"",0,0,0,1,0,0,1,0,0,0,0,0,0,0,0,0,0,0,0,0,0,0,0,0,0,0,1,0,0,0,0,0,0,0,0,0,0,0,0,0,0,0,4,1,99,961,630,405,565,983,461,681,0,0,"",1,0,"",2,0,"",3,0,"",3,0,"",3,0,"",3,0,"",3,0,"",3,0,"",3,0,"",3,0,"",3,0,"",3,0,"",1,0,"",1,0,"",1,0,"",1,2,2,8,2,1,1,24141,"",0,0,0,-1,926,-1,0,-1
927,"","char_PARROTMON_BIG_ADD","chr926",5,1,0,1,3,2,1,3,3,4,3,3,1,0,"",0,0,0,1,0,0,0,0,0,0,0,0,0,0,0,0,0,0,0,0,0,0,0,0,0,0,1,0,0,0,0,0,0,0,0,0,0,0,0,0,0,0,4,1,99,947,935,733,386,771,512,851,0,0,"",1,0,"",2,0,"",3,0,"",3,0,"",3,0,"",3,0,"",3,0,"",3,0,"",3,0,"",3,0,"",3,0,"",3,0,"",1,0,"",1,0,"",1,0,"",1,2,2,8,2,1,1,0,"",0,0,0,-1,927,-1,0,-1
928,"","char_SHARKMON_BOSS_ADD","chr940",5,1,2,0,1,3,3,3,3,0,1,1,0,0,"",0,0,0,1,0,1,0,0,0,0,0,1,0,0,0,0,0,0,0,0,0,1,0,0,0,0,0,0,0,0,0,0,0,0,0,0,0,0,0,0,0,0,0,1,99,884,676,360,476,547,490,589,0,0,"",1,0,"",2,0,"",3,0,"",3,0,"",3,0,"",3,0,"",3,0,"",3,0,"",3,0,"",3,0,"",3,0,"",3,0,"",1,0,"",1,0,"",1,0,"",1,2,2,8,0,1,1,0,"",0,0,0,-1,928,-1,0,-1
929,"","char_SKULLBALUCHIMON_TITAMON_BIG","chr949",7,1,2,0,0,0,0,0,0,0,3,3,0,4,"",0,0,0,1,0,1,0,0,0,0,0,0,0,0,0,0,0,0,0,1,1,0,0,0,0,0,0,0,0,0,0,0,0,0,0,0,0,0,0,0,0,0,4,1,99,2540,448,1086,733,571,541,861,1,0,"",1,0,"",2,0,"",3,0,"",3,0,"",3,0,"",3,0,"",3,0,"",3,0,"",3,0,"",3,0,"",3,0,"",3,0,"",1,0,"",1,0,"",1,0,"",1,4,2,8,0,1,1,29081,"",0,0,0,-1,929,-1,0,-1
930,"","char_TITAMON_2","chr950",6,1,2,0,1,0,0,0,0,0,3,0,1,4,"",0,0,0,1,0,0,1,1,0,0,0,0,0,0,0,0,0,0,0,0,1,0,0,0,0,0,0,0,0,0,0,0,0,0,0,0,0,0,0,0,0,0,4,1,99,2516,767,1269,620,566,545,936,1,0,"",1,0,"",2,0,"",3,0,"",3,0,"",3,0,"",3,0,"",3,0,"",3,0,"",3,0,"",3,0,"",3,0,"",3,27271,"",2,30332,"",25,23431,"",40,21261,"",60,3,4,5,0,1,1,24401,"",37,77,26,-1,930,-1,0,-1
931,"","char_TITAMON_ADD","chr950",6,1,2,1,0,0,0,0,1,1,3,3,0,3,"",0,0,0,1,0,0,1,1,0,0,0,0,0,0,0,0,0,0,0,0,1,0,0,0,0,0,0,0,0,0,0,0,0,0,0,0,0,0,0,0,0,0,4,1,99,2762,592,1390,688,748,738,921,1,0,"",1,0,"",2,0,"",3,0,"",3,0,"",3,0,"",3,0,"",3,0,"",3,0,"",3,0,"",3,0,"",3,0,"",3,30071,"",2,20041,"",25,24271,"",40,24011,"",60,3,4,5,0,1,0,0,"",37,77,26,-1,931,-1,0,-1
932,"","char_SKULLBALUCHIMON","chr949",7,1,2,0,1,0,0,0,0,0,0,3,1,3,"",0,0,0,1,0,1,0,0,0,0,0,0,0,0,0,0,0,0,0,1,1,0,0,0,0,0,0,0,0,0,0,0,0,0,0,0,0,0,0,0,0,0,4,1,99,2877,601,1143,663,733,520,674,1,0,"",1,0,"",2,0,"",3,0,"",3,0,"",3,0,"",3,0,"",3,0,"",3,0,"",3,0,"",3,0,"",3,0,"",3,0,"",1,0,"",1,0,"",1,0,"",1,4,2,8,0,1,0,29081,"",0,0,0,-1,932,-1,0,-1
933,"","char_CALAMARAMON_ADD","chr930",11,1,4,1,4,4,0,1,0,4,1,3,1,0,"",0,0,0,1,0,1,0,0,0,0,0,1,0,0,0,0,0,0,0,0,0,0,0,0,0,0,0,0,0,0,0,0,0,0,0,0,0,0,0,0,0,0,15,1,99,953,718,305,369,359,289,432,16,0,"",1,0,"",2,0,"",3,0,"",3,0,"",3,0,"",3,0,"",3,0,"",3,0,"",3,0,"",3,0,"",3,0,"",3,29071,"",2,26971,"",20,30306,"",50,30183,"",50,2,3,4,0,1,1,0,"",0,0,0,-1,933,-1,0,-1
934,"","char_SKULLSEADRAMON_ADD","chr934",5,1,2,1,2,3,0,1,1,3,1,1,2,0,"",0,0,0,0,0,1,0,0,0,0,0,1,0,0,0,0,0,0,0,0,0,0,0,0,0,0,0,0,0,0,0,0,0,0,0,0,0,0,1,0,0,0,14,1,99,768,855,622,416,411,623,613,4,27432,"",1,0,"",2,0,"",3,0,"",3,0,"",3,0,"",3,0,"",3,0,"",3,0,"",3,0,"",3,0,"",3,0,"",3,30252,"",2,23481,"",15,24041,"",30,0,"",1,2,2,8,0,1,1,0,"",0,0,0,-1,934,-1,0,-1
935,"","char_VULCANUSMON_ADD","chr842",6,1,1,1,3,0,0,0,0,0,1,4,0,0,"",0,1,0,0,0,1,0,1,0,0,0,0,0,0,0,0,0,0,0,0,1,0,0,0,0,0,0,0,0,0,0,0,0,0,0,0,0,0,0,0,0,0,7,1,99,1916,874,873,1395,963,828,594,13,0,"",1,0,"",2,0,"",3,0,"",3,0,"",3,0,"",3,0,"",3,0,"",3,0,"",3,0,"",3,0,"",3,0,"",3,20863,"",2,26131,"",25,30072,"",40,30172,"",60,3,2,3,0,1,0,0,"",0,0,0,-1,935,-1,0,-1
936,"","char_UNDEADPLUTOMON_BOSS_ADD1","chr916",6,1,2,3,1,3,3,3,3,3,3,3,3,4,"",0,0,0,0,0,1,0,1,0,0,0,0,0,0,0,0,0,0,0,0,1,0,0,0,0,0,0,0,0,0,0,0,0,0,0,0,0,0,1,0,0,0,3,1,99,1405,825,870,775,865,502,714,1,0,"",1,0,"",2,0,"",3,0,"",3,0,"",3,0,"",3,0,"",3,0,"",3,0,"",3,0,"",3,0,"",3,0,"",3,0,"",1,0,"",1,0,"",1,0,"",1,3,2,8,0,1,0,0,"",0,0,0,-1,936,-1,0,-1
937,"","char_UNDEADPLUTOMON_BOSS_ADD2","chr917",6,1,2,3,3,3,1,3,3,3,3,3,3,4,"",0,0,0,0,0,1,0,1,0,0,0,0,0,0,0,0,0,0,0,0,1,0,0,0,0,0,0,0,0,0,0,0,0,0,0,0,0,0,1,0,0,0,3,1,99,1216,497,1045,609,1511,472,883,1,0,"",1,0,"",2,0,"",3,0,"",3,0,"",3,0,"",3,0,"",3,0,"",3,0,"",3,0,"",3,0,"",3,0,"",3,0,"",1,0,"",1,0,"",1,0,"",1,3,2,8,0,1,0,0,"",0,0,0,-1,937,-1,0,-1
938,"","char_UNDEADPLUTOMON_BOSS_ADD3","chr918",6,1,2,3,3,3,3,3,1,3,3,3,3,4,"",0,0,0,0,0,1,0,1,0,0,0,0,0,0,0,0,0,0,0,0,1,0,0,0,0,0,0,0,0,0,0,0,0,0,0,0,0,0,1,0,0,0,3,1,99,1500,490,944,641,1435,747,693,1,0,"",1,0,"",2,0,"",3,0,"",3,0,"",3,0,"",3,0,"",3,0,"",3,0,"",3,0,"",3,0,"",3,0,"",3,0,"",1,0,"",1,0,"",1,0,"",1,3,2,8,0,1,0,0,"",0,0,0,-1,938,-1,0,-1
939,"","char_UNDEADPLUTOMON_BOSS_ADD4","chr919",6,1,2,3,3,3,3,3,3,3,1,3,3,4,"",0,0,0,0,0,1,0,1,0,0,0,0,0,0,0,0,0,0,0,0,1,0,0,0,0,0,0,0,0,0,0,0,0,0,0,0,0,0,1,0,0,0,3,1,99,1045,602,864,617,914,757,752,1,0,"",1,0,"",2,0,"",3,0,"",3,0,"",3,0,"",3,0,"",3,0,"",3,0,"",3,0,"",3,0,"",3,0,"",3,0,"",1,0,"",1,0,"",1,0,"",1,3,2,8,0,1,0,0,"",0,0,0,-1,939,-1,0,-1
940,"","char_CHARISMON_ADD","chr492",6,1,2,4,4,1,3,3,3,1,3,3,3,4,"",0,0,0,0,0,1,0,0,1,0,0,0,0,0,0,0,0,0,0,0,0,1,0,0,0,0,0,0,0,0,0,0,0,0,0,0,0,0,0,0,0,0,4,1,99,1779,1123,1179,403,811,446,809,7,20681,"",1,0,"",2,0,"",3,0,"",3,0,"",3,0,"",3,0,"",3,0,"",3,0,"",3,0,"",3,0,"",3,0,"",3,30022,"",2,20942,"",25,27394,"",40,20111,"",60,3,2,3,0,1,0,24851,"",0,0,0,-1,940,-1,0,-1
941,"","char_WITCHMON_ADD","chr601",4,1,1,0,1,0,0,0,0,0,3,1,0,3,"",0,0,0,0,0,1,0,1,0,0,0,0,0,0,0,0,0,0,0,1,0,0,0,0,0,0,0,0,0,0,0,0,0,0,0,0,0,0,0,0,0,0,16,1,99,818,458,170,147,549,423,241,4,30161,"",1,0,"",2,0,"",3,0,"",3,0,"",3,0,"",3,0,"",3,0,"",3,0,"",3,0,"",3,0,"",3,0,"",3,21282,"",2,22371,"",15,20921,"",30,0,"",1,2,3,4,0,1,0,26011,"",160,34,19,-1,941,-1,0,-1
942,"","char_APOLLOMON_ADD","chr931",6,1,0,0,4,3,0,0,1,0,1,0,0,0,"",0,1,0,0,0,1,0,1,0,0,0,0,0,0,0,0,0,0,0,0,1,0,0,0,0,0,0,0,0,0,0,0,0,0,0,0,0,0,0,0,0,0,3,1,99,1575,689,803,1094,840,748,580,1,0,"",1,0,"",2,0,"",3,0,"",3,0,"",3,0,"",3,0,"",3,0,"",3,0,"",3,0,"",3,0,"",3,0,"",3,27591,"",2,21061,"",25,30022,"",40,21262,"",60,3,2,3,0,1,0,21731,"",163,66,28,-1,942,-1,0,-1
943,"","char_DIANAMON_ADD","chr824",6,1,1,0,0,0,4,0,0,1,0,0,0,1,"",0,1,0,0,0,1,0,1,0,0,0,0,0,0,0,0,0,0,0,0,1,0,0,0,0,0,0,0,0,0,0,0,0,0,0,0,0,0,0,0,0,0,15,1,99,1237,756,302,728,1460,831,786,10,27421,"",1,27671,"",2,0,"",3,0,"",3,0,"",3,0,"",3,0,"",3,0,"",3,0,"",3,0,"",3,0,"",3,0,"",3,27483,"",2,21331,"",25,21502,"",40,27371,"",60,3,3,4,0,1,0,27332,"",168,175,195,-1,943,-1,0,-1
944,"","char_JUNOMON_HYSTERICMODE_ADD","chr171",6,1,2,1,0,0,1,0,0,0,0,0,4,3,"",0,1,0,0,0,1,0,1,0,0,0,0,0,0,0,0,0,0,0,0,1,0,0,0,0,0,0,0,0,0,0,0,0,0,0,0,0,0,0,0,0,0,14,1,99,1985,1076,1380,350,1640,707,1149,10,0,"",1,0,"",2,0,"",3,0,"",3,0,"",3,0,"",3,0,"",3,0,"",3,0,"",3,0,"",3,0,"",3,0,"",3,21352,"",2,20421,"",25,30072,"",40,23981,"",60,3,3,4,0,1,0,21711,"",0,0,0,-1,944,-1,0,-1
951,"","char_ORGEMON_BOSS","chr394",4,1,2,0,1,0,0,3,3,0,1,0,0,0,"",0,0,0,1,0,1,0,1,0,0,0,0,0,0,0,0,0,0,0,0,0,0,0,0,0,1,0,0,0,0,0,0,0,0,0,0,0,0,0,0,0,0,3,1,99,990,255,526,366,176,167,193,0,0,"",1,0,"",2,0,"",3,0,"",3,0,"",3,0,"",3,0,"",3,0,"",3,0,"",3,0,"",3,0,"",3,0,"",3,27394,"",2,24131,"",15,27451,"",30,0,"",1,2,2,3,2,1,0,0,"",135,192,31,-1,951,-1,0,-1
952,"","char_FUGAMON_BOSS","chr579",4,1,2,0,3,1,1,0,0,0,3,0,0,0,"",0,0,0,1,0,1,0,1,0,0,0,0,0,0,0,0,0,0,0,0,0,0,0,0,0,1,0,0,0,0,0,0,0,0,0,0,0,0,0,0,0,0,10,1,99,912,539,500,164,271,217,234,0,0,"",1,0,"",2,0,"",3,0,"",3,0,"",3,0,"",3,0,"",3,0,"",3,0,"",3,0,"",3,0,"",3,0,"",3,26071,"",2,22191,"",15,27101,"",30,0,"",1,2,2,3,2,1,0,25791,"",0,0,0,-1,952,-1,0,-1
953,"","char_HYOUGAMON_BOSS","chr580",4,1,2,0,1,3,3,0,0,0,0,1,0,0,"",0,0,0,1,0,1,0,0,0,0,0,0,1,0,0,0,0,0,0,0,0,0,0,0,0,0,0,0,0,0,0,0,0,0,0,0,0,0,0,0,0,0,11,1,99,1073,448,387,355,262,233,192,0,0,"",1,0,"",2,0,"",3,0,"",3,0,"",3,0,"",3,0,"",3,0,"",3,0,"",3,0,"",3,0,"",3,0,"",3,21331,"",2,30031,"",15,30162,"",30,0,"",1,2,2,3,2,1,0,25801,"",0,0,0,-1,953,-1,0,-1
954,"","char_TITAMON","chr937",6,1,2,0,1,0,0,0,0,0,3,0,1,3,"",0,0,0,1,0,0,1,1,0,0,0,0,0,0,0,0,0,0,0,0,1,0,0,0,0,0,0,0,0,0,0,0,0,0,0,0,0,0,0,0,0,0,4,1,99,2831,497,1422,555,697,549,610,0,0,"",1,0,"",2,0,"",3,0,"",3,0,"",3,0,"",3,0,"",3,0,"",3,0,"",3,0,"",3,0,"",3,0,"",3,26162,"",2,21681,"",25,26801,"",40,25151,"",60,3,4,5,0,1,0,24401,"",37,77,26,-1,954,-1,0,-1
956,"","char_CALAMARAMON","chr930",11,1,4,0,1,3,0,0,0,2,0,3,0,0,"",0,0,0,1,0,1,0,0,0,0,0,1,0,0,0,0,0,0,0,0,0,0,0,0,0,0,0,0,0,0,0,0,0,0,0,0,0,0,0,0,0,0,15,1,99,819,633,295,341,396,314,309,16,0,"",1,0,"",2,0,"",3,0,"",3,0,"",3,0,"",3,0,"",3,0,"",3,0,"",3,0,"",3,0,"",3,0,"",3,20402,"",2,21991,"",20,25151,"",50,30242,"",50,2,3,4,0,1,1,0,"",0,0,0,-1,956,-1,0,-1
957,"","char_CYCLONEMON_BIG","chr938",4,1,2,0,3,0,1,0,1,0,3,0,0,0,"",0,0,0,1,0,1,0,1,0,0,0,0,0,0,0,0,0,0,0,0,0,0,0,0,1,0,0,0,0,0,0,0,0,0,0,0,0,0,0,0,0,0,3,1,99,583,371,332,373,214,319,212,1,0,"",1,0,"",2,0,"",3,0,"",3,0,"",3,0,"",3,0,"",3,0,"",3,0,"",3,0,"",3,0,"",3,0,"",3,20864,"",2,21842,"",15,30261,"",30,0,"",1,2,2,3,0,1,1,24521,"",190,161,10,-1,957,-1,0,-1
958,"","char_HANGYOMON","chr606",5,1,1,0,1,3,3,0,0,0,0,1,0,0,"",0,0,0,1,0,1,0,1,1,0,0,1,0,0,0,0,0,0,0,0,0,0,0,0,0,0,0,0,0,0,0,0,0,0,0,0,0,0,0,0,0,0,3,1,99,997,782,607,453,554,439,644,1,0,"",1,0,"",2,0,"",3,0,"",3,0,"",3,0,"",3,0,"",3,0,"",3,0,"",3,0,"",3,0,"",3,0,"",3,20491,"",2,23141,"",20,32051,"",35,23741,"",50,2,2,3,0,1,0,26061,"",31,94,144,-1,958,-1,0,-1
959,"","char_OKUWAMON","chr401",5,1,2,0,0,0,0,3,0,1,1,3,0,0,"",0,0,0,1,0,1,0,0,0,0,0,0,0,0,0,0,1,0,0,0,0,0,0,0,0,0,0,0,0,0,0,0,0,0,0,0,0,0,0,0,0,0,2,1,99,1487,317,809,1136,327,430,791,13,0,"",1,0,"",2,0,"",3,0,"",3,0,"",3,0,"",3,0,"",3,0,"",3,0,"",3,0,"",3,0,"",3,0,"",3,23131,"",2,30113,"",20,24191,"",35,30282,"",50,2,2,8,0,1,0,24011,"",170,172,185,-1,959,-1,0,-1
960,"","char_SNIMON","chr597",4,1,0,0,1,0,0,3,1,0,0,3,0,0,"",0,0,0,1,0,1,0,0,0,0,0,0,0,0,0,0,1,0,0,0,0,0,0,0,0,0,0,0,0,0,0,0,0,0,0,0,0,0,0,0,0,0,10,1,99,797,418,502,247,243,190,282,7,0,"",1,0,"",2,0,"",3,0,"",3,0,"",3,0,"",3,0,"",3,0,"",3,0,"",3,0,"",3,0,"",3,0,"",3,23421,"",2,31032,"",15,23101,"",30,0,"",1,2,2,8,0,1,0,25971,"",0,0,0,-1,960,-1,0,-1
961,"","char_DOKUGUMON","chr592",4,1,2,0,1,0,0,3,1,0,3,0,0,0,"",0,0,0,1,0,1,0,0,0,0,0,0,0,0,0,0,1,0,0,0,0,0,0,0,0,0,0,0,0,0,0,0,0,0,0,0,0,0,0,0,0,0,11,1,99,860,416,278,232,245,222,351,7,0,"",1,0,"",2,0,"",3,0,"",3,0,"",3,0,"",3,0,"",3,0,"",3,0,"",3,0,"",3,0,"",3,0,"",3,20121,"",2,30173,"",15,27393,"",30,0,"",1,2,2,8,0,1,0,25921,"",0,0,0,-1,961,-1,0,-1
962,"","char_GRANKUWAGAMON_BIG","chr948",6,1,3,0,1,0,0,3,0,0,0,0,1,3,"",0,0,0,1,0,1,0,0,0,0,0,0,0,0,0,0,1,0,0,0,0,0,0,0,0,0,0,0,0,0,0,0,0,0,0,0,0,0,0,0,0,0,2,1,99,2214,537,714,1230,547,656,724,13,0,"",1,0,"",2,0,"",3,0,"",3,0,"",3,0,"",3,0,"",3,0,"",3,0,"",3,0,"",3,0,"",3,0,"",3,20821,"",2,20551,"",25,29081,"",40,20851,"",60,3,2,8,0,1,0,24231,"",42,42,42,-1,962,-1,0,-1
963,"","char_COREDRAMON_GR","chr209",4,1,2,0,3,0,1,3,0,0,0,1,0,0,"",0,0,0,1,0,1,0,0,0,0,0,0,0,0,0,0,0,0,0,0,0,0,0,0,1,0,0,0,0,0,0,0,0,0,0,0,0,0,0,0,0,0,4,1,99,722,245,534,349,174,170,318,1,0,"",1,0,"",2,0,"",3,0,"",3,0,"",3,0,"",3,0,"",3,0,"",3,0,"",3,0,"",3,0,"",3,0,"",3,23431,"",2,23891,"",15,23462,"",30,0,"",0,2,2,3,0,1,0,22091,"",75,104,46,-1,963,-1,0,-1
964,"","char_SHAMAMON","chr577",3,1,2,0,1,0,0,3,3,1,1,0,0,0,"",0,0,0,1,0,1,0,1,0,0,0,0,0,0,0,0,0,0,0,0,0,0,0,0,0,1,0,0,0,0,0,0,0,0,0,0,0,0,0,0,0,0,10,1,99,553,358,243,207,140,211,186,16,0,"",1,0,"",2,0,"",3,0,"",3,0,"",3,0,"",3,0,"",3,0,"",3,0,"",3,0,"",3,0,"",3,0,"",3,20241,"",2,30222,"",10,0,"",0,0,"",1,1,1,1,0,1,0,25771,"",0,0,0,-1,964,-1,0,-1
965,"","char_MINOTAURMON","chr017",4,1,2,0,1,0,0,0,0,1,3,0,0,3,"",0,0,0,1,0,1,0,1,1,0,0,0,0,0,0,0,0,0,0,0,0,0,0,0,0,0,0,0,0,0,0,0,0,0,0,0,0,0,0,0,0,0,12,1,99,1280,243,408,231,172,235,293,1,0,"",1,0,"",2,0,"",3,0,"",3,0,"",3,0,"",3,0,"",3,0,"",3,0,"",3,0,"",3,0,"",3,0,"",3,30111,"",2,20811,"",15,27384,"",30,0,"",1,2,2,8,0,1,0,20171,"",142,83,43,-1,965,-1,0,-1
966,"","char_CHIMAIRAMON","chr229",5,1,1,1,3,0,1,0,3,1,1,3,0,3,"",0,0,0,1,0,1,0,0,0,0,0,0,0,0,0,0,0,0,0,0,0,0,0,0,0,0,0,0,0,0,0,0,0,0,0,0,0,0,0,0,0,1,11,1,99,1405,405,1241,706,439,322,428,1,0,"",1,0,"",2,0,"",3,0,"",3,0,"",3,0,"",3,0,"",3,0,"",3,0,"",3,0,"",3,0,"",3,0,"",3,20271,"",2,23871,"",20,32201,"",35,25641,"",50,2,2,8,0,1,0,22291,"",29,38,106,-1,966,-1,0,-1
967,"","char_GROUNDRAMON","chr211",5,1,2,0,0,0,1,3,1,0,3,0,0,0,"",0,0,0,1,0,1,0,0,0,0,0,0,0,0,0,0,0,0,0,0,0,0,0,0,1,0,0,0,0,0,0,0,0,0,0,0,0,0,0,0,0,0,4,1,99,1354,661,1263,787,412,442,511,1,0,"",1,0,"",2,0,"",3,0,"",3,0,"",3,0,"",3,0,"",3,0,"",3,0,"",3,0,"",3,0,"",3,0,"",3,21852,"",2,24921,"",20,22401,"",35,24561,"",50,2,2,8,0,1,0,22111,"",45,61,47,-1,967,-1,0,-1
968,"","char_LOTOSMON","chr742",6,1,1,0,1,3,0,3,0,0,0,1,0,0,"",0,0,0,1,0,1,0,0,0,0,0,0,0,0,0,0,0,0,0,0,0,0,0,0,0,0,0,0,0,0,0,0,1,0,0,0,0,0,0,0,0,0,15,1,99,1351,1433,254,719,2010,681,978,4,0,"",1,0,"",2,0,"",3,0,"",3,0,"",3,0,"",3,0,"",3,0,"",3,0,"",3,0,"",3,0,"",3,0,"",3,25101,"",2,27451,"",25,21722,"",40,21961,"",60,3,3,4,0,1,0,27421,"",157,81,167,-1,968,-1,0,-1
969,"","char_JUNOMON_HYSTERICMODE","chr171",6,1,2,0,0,0,0,1,0,3,0,0,2,4,"",0,1,0,0,0,1,0,1,0,0,0,0,0,0,0,0,0,0,0,0,1,0,0,0,0,0,0,0,0,0,0,0,0,0,0,0,0,0,0,0,0,0,14,1,99,1650,1381,1384,383,1943,546,1435,10,0,"",1,0,"",2,0,"",3,0,"",3,0,"",3,0,"",3,0,"",3,0,"",3,0,"",3,0,"",3,0,"",3,0,"",3,30041,"",2,27375,"",25,30033,"",40,24341,"",60,3,3,4,0,1,1,21711,"",0,0,0,-1,969,-1,0,-1
970,"","char_NEPTUNEMON_BIG","chr927",6,1,0,0,1,4,3,0,0,1,0,0,0,0,"",0,1,0,0,0,1,0,1,0,0,0,1,0,0,0,0,0,0,0,0,1,0,0,0,0,0,0,0,0,0,0,0,0,0,0,0,0,0,0,0,0,0,3,1,99,1452,1207,909,485,731,977,1033,1,0,"",1,0,"",2,0,"",3,0,"",3,0,"",3,0,"",3,0,"",3,0,"",3,0,"",3,0,"",3,0,"",3,0,"",3,27211,"",2,27432,"",25,30132,"",40,27732,"",60,3,2,3,0,1,0,20751,"",16,114,161,-1,970,-1,0,-1
971,"","char_MERCURYMON_BIG","chr928",6,1,2,0,0,0,0,3,3,1,3,0,0,2,"",0,1,0,0,0,1,0,1,0,0,0,0,0,0,0,0,0,0,0,0,1,0,0,0,0,0,0,0,0,0,0,0,0,0,0,0,0,0,0,0,0,0,11,1,99,1860,883,1295,671,912,806,1082,7,0,"",1,0,"",2,0,"",3,0,"",3,0,"",3,0,"",3,0,"",3,0,"",3,0,"",3,0,"",3,0,"",3,0,"",3,30223,"",2,21501,"",25,26131,"",40,26781,"",60,3,2,3,0,1,0,20801,"",63,136,131,-1,971,-1,0,-1
972,"","char_OMEGAMON_BIG","chr929",7,1,0,0,3,0,3,0,1,0,1,3,0,0,"",1,0,0,0,0,1,0,0,0,0,0,0,0,0,0,0,0,0,1,0,0,0,0,0,0,0,0,0,0,0,0,0,0,0,1,0,0,0,0,0,0,0,3,1,99,2006,729,1354,760,1064,1194,721,1,0,"",1,0,"",2,0,"",3,0,"",3,0,"",3,0,"",3,0,"",3,0,"",3,0,"",3,0,"",3,0,"",3,0,"",3,30305,"",2,21262,"",30,27496,"",50,20751,"",70,4,2,3,0,1,0,20881,"",206,214,227,-1,972,-1,0,-1
973,"","char_APOLLOMON_BIG","chr931",6,1,0,0,4,1,2,0,0,0,0,0,4,2,"",0,1,0,0,0,1,0,1,0,0,0,0,0,0,0,0,0,0,0,0,1,0,0,0,0,0,0,0,0,0,0,0,0,0,0,0,0,0,0,0,0,0,3,1,99,1810,517,1334,739,775,1059,702,1,0,"",1,0,"",2,0,"",3,0,"",3,0,"",3,0,"",3,0,"",3,0,"",3,0,"",3,0,"",3,0,"",3,0,"",3,22141,"",2,27494,"",25,21721,"",40,21051,"",60,3,2,3,0,1,1,21731,"",163,66,28,-1,973,-1,0,-1
974,"","char_CERESMON_BIG","chr932",6,1,1,0,1,0,1,4,0,0,4,0,0,0,"",0,1,0,0,0,1,0,1,0,0,0,0,0,0,0,0,0,0,0,0,1,0,0,0,0,0,0,0,0,0,0,0,0,0,0,0,0,0,0,0,0,0,14,1,99,1806,1330,776,1115,898,1293,575,16,0,"",1,0,"",2,0,"",3,0,"",3,0,"",3,0,"",3,0,"",3,0,"",3,0,"",3,0,"",3,0,"",3,0,"",3,30112,"",2,25901,"",25,24551,"",40,32211,"",60,3,3,4,0,1,0,21761,"",46,73,29,-1,974,-1,0,-1
975,"","char_PLUTOMON_BIG","chr933",6,1,2,0,0,0,3,0,0,1,0,0,2,4,"",0,0,0,0,0,1,0,1,0,0,0,0,0,0,0,0,0,0,0,0,1,0,0,0,0,0,0,0,0,0,0,0,0,0,0,0,0,0,0,0,0,0,3,1,99,1979,506,1363,961,1301,725,812,1,0,"",1,0,"",2,0,"",3,0,"",3,0,"",3,0,"",3,0,"",3,0,"",3,0,"",3,0,"",3,0,"",3,0,"",3,30163,"",2,22181,"",25,21061,"",40,30335,"",60,3,2,3,0,1,0,21801,"",127,127,127,-1,975,-1,0,-1
976,"","char_JUPITERMON_BIG","chr934",6,1,0,0,0,1,0,0,0,4,0,0,4,2,"",0,1,0,0,0,1,0,1,0,0,0,0,0,0,0,0,0,0,0,0,1,0,0,0,0,0,0,0,0,0,0,0,0,0,0,0,0,0,0,0,0,0,11,1,99,1976,587,936,772,1160,974,910,1,0,"",1,0,"",2,0,"",3,0,"",3,0,"",3,0,"",3,0,"",3,0,"",3,0,"",3,0,"",3,0,"",3,0,"",3,30161,"",2,23831,"",25,24402,"",40,27051,"",60,3,2,3,0,1,0,21682,"",209,182,66,-1,976,-1,0,-1
977,"","char_JUPITERMON_WRATHMODE_BIG","chr935",7,1,0,0,0,1,0,0,0,4,0,0,4,2,"",0,1,0,0,0,1,0,1,0,0,0,0,0,0,0,0,0,0,0,0,1,0,0,0,0,0,0,0,0,0,0,0,0,0,0,0,0,0,0,0,0,0,11,1,99,2296,944,1658,812,904,382,947,1,0,"",1,0,"",2,0,"",3,0,"",3,0,"",3,0,"",3,0,"",3,0,"",3,0,"",3,0,"",3,0,"",3,0,"",3,27341,"",2,30301,"",25,20701,"",40,30172,"",60,3,2,3,0,1,0,21691,"",0,0,0,-1,977,-1,0,-1
978,"","char_KUWAGAMON_BIG","chr942",4,1,2,0,1,0,0,3,3,1,0,0,0,0,"",0,0,0,0,0,1,0,0,0,0,0,0,0,0,0,0,1,0,0,0,0,0,0,0,0,0,0,0,0,0,0,0,0,0,0,0,0,0,0,0,0,0,2,1,99,800,245,572,193,113,242,251,1,0,"",1,0,"",2,0,"",3,0,"",3,0,"",3,0,"",3,0,"",3,0,"",3,0,"",3,0,"",3,0,"",3,0,"",3,21703,"",2,29122,"",15,24131,"",30,0,"",1,2,2,8,0,1,0,23671,"",212,78,54,-1,978,-1,0,-1
979,"","char_GOBURIMON","chr111",3,1,2,0,3,0,3,1,0,0,1,0,0,0,"",0,0,0,1,0,1,0,1,0,0,0,0,0,0,0,0,0,0,0,0,0,0,0,0,0,1,0,0,0,0,0,0,0,0,0,0,0,0,0,0,0,0,3,1,99,680,116,320,274,89,203,216,1,0,"",1,0,"",2,0,"",3,0,"",3,0,"",3,0,"",3,0,"",3,0,"",3,0,"",3,0,"",3,0,"",3,0,"",3,21071,"",2,27601,"",10,0,"",0,0,"",1,1,1,1,0,1,0,21111,"",87,154,47,-1,979,-1,0,-1
980,"","char_GUARDROMON","chr341",4,1,2,1,0,0,0,3,0,1,3,0,0,0,"",0,0,0,0,0,1,0,0,0,0,0,0,0,0,0,0,0,0,0,0,0,1,0,0,0,0,0,0,0,0,0,0,0,0,0,0,0,0,0,0,0,0,6,1,99,644,294,255,317,319,431,140,13,0,"",1,0,"",2,0,"",3,0,"",3,0,"",3,0,"",3,0,"",3,0,"",3,0,"",3,0,"",3,0,"",3,0,"",3,26882,"",2,23591,"",15,21832,"",30,0,"",1,2,2,7,0,1,0,23411,"",100,61,48,-1,980,-1,0,-1
981,"","char_TANKMON","chr621",4,1,1,0,3,0,0,1,1,0,3,0,0,0,"",0,0,0,0,0,1,0,0,0,0,0,0,0,0,0,0,0,0,0,0,0,1,0,0,0,0,0,0,0,0,0,0,0,0,0,0,0,0,0,0,0,0,11,1,99,790,393,260,311,350,331,234,13,0,"",1,0,"",2,0,"",3,0,"",3,0,"",3,0,"",3,0,"",3,0,"",3,0,"",3,0,"",3,0,"",3,0,"",3,30201,"",2,23951,"",15,27381,"",30,0,"",1,2,2,7,0,1,0,26211,"",172,208,82,-1,981,-1,0,-1
982,"","char_MECHANORIMON","chr615",4,1,2,1,0,0,0,3,0,1,3,0,0,0,"",0,0,0,0,0,1,0,0,0,0,0,0,0,0,0,0,0,0,0,0,0,1,0,0,0,0,0,0,0,0,0,0,0,0,0,0,0,0,0,0,0,0,7,1,99,906,384,251,448,210,276,111,13,0,"",1,0,"",2,0,"",3,0,"",3,0,"",3,0,"",3,0,"",3,0,"",3,0,"",3,0,"",3,0,"",3,0,"",3,22101,"",2,23121,"",15,22133,"",30,0,"",1,2,2,7,0,1,0,26151,"",152,151,151,-1,982,-1,0,-1
983,"","char_HANGYOMON_SCAR","chr944",5,1,1,0,1,3,3,0,0,0,0,1,0,0,"",0,0,0,1,0,1,0,1,1,0,0,1,0,0,0,0,0,0,0,0,0,0,0,0,0,0,0,0,0,0,0,0,0,0,0,0,0,0,0,0,0,0,3,1,99,1206,665,860,615,497,431,541,1,0,"",1,0,"",2,0,"",3,0,"",3,0,"",3,0,"",3,0,"",3,0,"",3,0,"",3,0,"",3,0,"",3,0,"",3,20211,"",2,24631,"",20,32241,"",35,30043,"",50,2,2,3,0,1,0,26061,"",31,94,144,-1,983,-1,0,-1
984,"","char_HANGYOMON_SCARF","chr945",5,1,1,0,1,3,3,0,0,0,0,1,0,0,"",0,0,0,1,0,1,0,1,1,0,0,1,0,0,0,0,0,0,0,0,0,0,0,0,0,0,0,0,0,0,0,0,0,0,0,0,0,0,0,0,0,0,3,1,99,1188,765,884,540,562,455,557,1,0,"",1,0,"",2,0,"",3,0,"",3,0,"",3,0,"",3,0,"",3,0,"",3,0,"",3,0,"",3,0,"",3,0,"",3,20031,"",2,25631,"",20,23021,"",35,27392,"",50,2,2,3,0,1,0,26061,"",31,94,144,-1,984,-1,0,-1
985,"","char_JYUREIMON_BIG","chr946",5,1,2,0,1,0,0,4,0,0,3,1,0,0,"",0,0,0,0,0,1,0,0,0,0,0,0,0,0,0,0,0,1,0,0,0,0,0,0,0,0,0,0,0,0,0,0,0,0,0,0,0,0,0,0,0,0,11,1,99,1364,763,449,571,927,773,604,13,0,"",1,0,"",2,0,"",3,0,"",3,0,"",3,0,"",3,0,"",3,0,"",3,0,"",3,0,"",3,0,"",3,0,"",3,24173,"",2,32041,"",20,30051,"",35,23751,"",50,2,4,5,0,1,1,23791,"",45,62,48,-1,985,-1,0,-1
986,"","char_ANOMALOCARIMON_BIG","chr947",5,1,1,0,1,3,0,0,0,1,3,0,0,0,"",0,0,0,1,0,1,0,0,0,0,0,0,0,0,0,0,0,0,0,0,0,0,0,0,0,0,0,0,0,0,1,0,0,0,0,0,0,1,0,0,0,0,12,1,99,1190,1006,674,944,608,430,625,13,0,"",1,0,"",2,0,"",3,0,"",3,0,"",3,0,"",3,0,"",3,0,"",3,0,"",3,0,"",3,0,"",3,0,"",3,20211,"",2,34051,"",20,27301,"",35,30124,"",50,2,2,3,0,1,0,26051,"",189,158,114,-1,986,-1,0,-1
987,"","char_EXAMON_SMALL","chr906",7,1,1,0,0,0,0,1,3,0,0,0,0,0,"",1,0,0,0,0,1,0,0,0,0,0,0,0,0,0,0,0,0,1,0,0,0,0,0,0,0,0,0,0,0,0,0,0,0,1,0,0,0,0,0,0,0,4,1,99,2449,881,1511,1178,956,792,882,1,0,"",1,0,"",2,0,"",3,0,"",3,0,"",3,0,"",3,0,"",3,0,"",3,0,"",3,0,"",3,0,"",3,0,"",3,30332,"",2,21401,"",30,26151,"",50,23823,"",70,4,2,8,0,1,0,22151,"",180,73,82,-1,987,-1,0,-1
988,"","char_DUKEMON_BIG","chr813",6,1,2,0,0,0,0,0,1,0,0,3,3,1,"",1,0,0,0,0,1,0,0,0,0,0,0,0,0,0,0,0,0,1,0,0,0,0,0,0,0,0,0,0,0,0,0,0,0,1,0,0,0,0,0,0,0,3,1,99,2054,701,932,868,1014,974,836,4,24021,"",1,20211,"",2,20471,"",1,21151,"",2,0,"",3,0,"",3,0,"",3,0,"",3,0,"",3,0,"",3,0,"",3,0,"",3,21932,"",2,20492,"",25,27781,"",40,25821,"",60,3,2,3,0,1,0,21261,"",242,243,255,-1,988,-1,0,-1
989,"","char_LOADKNIGHTMON_BIG","chr818",6,1,2,0,0,3,0,0,1,1,0,3,0,0,"",1,0,0,0,0,1,0,0,0,0,0,0,0,0,0,0,0,0,1,0,0,0,0,0,0,0,0,0,0,0,0,0,0,0,1,0,0,0,0,0,0,0,3,1,99,1224,1060,754,807,1000,739,1093,10,27161,"",1,25101,"",2,30161,"",1,21172,"",2,0,"",3,0,"",3,0,"",3,0,"",3,0,"",3,0,"",3,0,"",3,0,"",3,30123,"",2,25901,"",25,20871,"",40,26011,"",60,3,3,4,0,1,0,27031,"",233,138,196,-1,989,-1,0,-1
990,"","char_DYNASMON_BIG","chr820",6,1,1,0,0,0,3,1,3,0,1,0,0,0,"",1,0,0,0,0,1,0,0,0,0,0,0,0,0,0,0,0,0,1,0,0,0,0,0,0,0,0,0,0,0,0,0,0,0,1,0,0,0,0,0,0,0,15,1,99,2221,843,1678,812,604,519,1239,7,26791,"",1,30065,"",2,20401,"",1,0,"",3,0,"",3,0,"",3,0,"",3,0,"",3,0,"",3,0,"",3,0,"",3,0,"",3,27191,"",2,27351,"",25,23221,"",40,20402,"",60,3,2,3,0,1,0,27381,"",89,95,146,-1,990,-1,0,-1
991,"","char_MAGNAMON_BIG","chr815",9,1,3,1,0,1,0,0,3,3,1,3,3,1,"",1,0,0,0,0,1,0,0,0,0,0,0,0,0,0,0,0,0,1,0,0,0,0,0,0,0,0,0,0,0,0,0,0,0,1,0,0,0,0,0,0,0,2,1,99,1384,581,1253,1072,946,1056,740,1,26261,"",1,30041,"",2,23611,"",1,27496,"",2,0,"",3,0,"",3,0,"",3,0,"",3,0,"",3,0,"",3,0,"",3,0,"",3,30062,"",2,21791,"",25,27722,"",40,27661,"",55,3,2,3,0,1,0,23821,"",240,220,79,-1,991,-1,0,-1
992,"","char_ULFORCEVDRAMON_BIG","chr817",6,1,0,0,1,0,0,0,3,1,3,0,0,0,"",1,0,0,0,0,1,0,0,0,0,0,0,0,0,0,0,0,0,1,0,0,0,0,0,0,0,0,0,0,0,0,0,0,0,1,0,0,0,0,0,0,0,2,1,99,1846,793,999,660,861,718,1315,7,20751,"",1,21282,"",2,27441,"",1,26691,"",2,0,"",3,0,"",3,0,"",3,0,"",3,0,"",3,0,"",3,0,"",3,0,"",3,21832,"",2,31012,"",25,21351,"",40,21792,"",60,3,2,3,0,1,0,24171,"",62,112,173,-1,992,-1,0,-1
993,"","char_CRANIAMON_BIG","chr819",6,1,0,1,0,0,0,0,0,3,1,3,0,0,"",1,0,0,0,0,1,0,0,0,0,0,0,0,0,0,0,0,0,1,0,0,0,0,0,0,0,0,0,0,0,0,0,0,0,1,0,0,0,0,0,0,0,6,1,99,1461,769,594,918,896,1085,769,13,21182,"",1,26311,"",2,22332,"",1,27721,"",2,0,"",3,0,"",3,0,"",3,0,"",3,0,"",3,0,"",3,0,"",3,0,"",3,27782,"",2,26101,"",25,22191,"",40,20602,"",60,3,2,3,0,1,0,27341,"",129,137,204,-1,993,-1,0,-1
994,"","char_SLEIPMON_BIG","chr812",6,1,0,1,3,0,3,0,0,1,0,0,0,0,"",1,0,0,0,0,1,0,0,0,0,0,0,0,0,0,0,0,0,1,0,0,0,0,0,0,0,0,0,0,0,0,0,0,0,1,0,0,0,0,0,0,0,14,1,99,1330,856,830,699,1338,992,1152,10,30023,"",1,26261,"",2,25981,"",1,27241,"",2,0,"",3,0,"",3,0,"",3,0,"",3,0,"",3,0,"",3,0,"",3,0,"",3,20901,"",2,24402,"",25,26172,"",40,25751,"",60,3,2,3,0,1,0,20861,"",194,28,54,-1,994,-1,0,-1
995,"","char_DUFTMON_BIG","chr821",6,1,1,3,0,0,1,0,0,0,1,3,0,0,"",1,0,0,0,0,1,0,0,0,0,0,0,0,0,0,0,0,0,1,0,0,0,0,0,0,0,0,0,0,0,0,0,0,0,1,0,0,0,0,0,0,0,2,1,99,1384,706,821,643,1530,611,1385,10,24611,"",1,30232,"",2,32231,"",1,33051,"",2,0,"",2,0,"",3,0,"",3,0,"",3,0,"",3,0,"",3,0,"",3,0,"",3,30241,"",2,20771,"",25,26772,"",40,20461,"",60,3,2,3,0,1,0,27391,"",110,83,66,-1,995,-1,0,-1
996,"","char_EXAMON_BIG","chr814",7,1,1,0,0,0,0,1,3,0,0,0,0,0,"",1,0,0,0,0,1,0,0,0,0,0,0,0,0,0,0,0,0,1,0,0,0,0,0,0,0,0,0,0,0,0,0,0,0,1,0,0,0,0,0,0,0,4,1,99,3415,958,1703,652,787,891,1300,1,24401,"",1,21941,"",2,30036,"",1,23851,"",2,0,"",3,0,"",3,0,"",3,0,"",3,0,"",3,0,"",3,0,"",3,0,"",3,27091,"",2,24351,"",30,27322,"",50,21341,"",70,4,2,8,0,1,0,22151,"",180,73,82,-1,996,-1,0,-1
997,"","char_JESMON_BIG","chr822",6,1,1,1,3,0,1,0,0,3,0,0,0,0,"",1,0,0,0,0,1,0,0,0,0,0,0,0,0,0,0,0,0,1,0,0,0,0,0,0,0,0,0,0,0,0,0,0,0,1,0,0,0,0,0,0,0,11,1,99,1255,940,840,860,733,988,864,7,24121,"",1,24192,"",2,30013,"",1,30072,"",2,0,"",3,0,"",3,0,"",3,0,"",3,0,"",3,0,"",3,0,"",3,0,"",3,20121,"",2,27511,"",25,27291,"",40,30112,"",60,3,2,3,0,1,0,27491,"",226,222,213,-1,997,-1,0,-1
998,"","char_ALPHAMON_BIG","chr816",6,1,0,0,1,0,1,0,3,0,3,1,0,0,"",1,0,0,0,0,1,0,0,0,0,0,0,0,0,0,0,0,0,1,0,0,0,0,0,0,0,0,0,0,0,0,0,0,0,1,0,0,0,0,0,0,0,11,1,99,1427,467,1009,786,1245,1258,1014,4,28441,"",1,26271,"",2,0,"",3,0,"",3,0,"",3,0,"",3,0,"",3,0,"",3,0,"",3,0,"",3,0,"",3,0,"",3,23081,"",2,27021,"",25,23851,"",40,23281,"",60,3,2,3,0,1,0,24161,"",64,66,69,-1,998,-1,0,-1
999,"","char_DIANAMON_BIG","chr824",6,1,1,0,0,3,4,0,1,0,0,0,0,0,"",0,1,0,0,0,1,0,1,0,0,0,0,0,0,0,0,0,0,0,0,1,0,0,0,0,0,0,0,0,0,0,0,0,0,0,0,0,0,0,0,0,0,15,1,99,1544,687,421,694,1360,975,1302,10,30091,"",1,24921,"",2,0,"",3,0,"",3,0,"",3,0,"",3,0,"",3,0,"",3,0,"",3,0,"",3,0,"",3,0,"",3,21361,"",2,24502,"",25,20171,"",40,23741,"",60,3,3,4,0,1,1,27332,"",168,175,195,-1,999,-1,0,-1
