int 0,int 1,empty 2,int 3,empty 4,int 5,int 6,int 7,int 8,int 9,int 10
1,1,"",924,"",0,-1,-1,-1,-1,-1
2,1,"",375,"",0,-1,-1,-1,-1,-1
3,1,"",677,"",0,-1,-1,-1,-1,-1
4,1,"",217,"",0,-1,-1,-1,-1,-1
5,1,"",964,"",0,-1,-1,-1,-1,-1
6,1,"",616,"",0,-1,-1,-1,-1,-1
7,2,"",915,"",0,-1,-1,-1,-1,-1
8,2,"",412,"",0,-1,-1,-1,-1,-1
9,2,"",226,"",0,-1,-1,-1,-1,-1
10,2,"",451,"",0,-1,-1,-1,-1,-1
11,2,"",171,"",0,-1,-1,-1,-1,-1
12,2,"",805,"",0,-1,-1,-1,-1,-1
13,3,"",231,"",0,-1,-1,-1,-1,-1
14,3,"",814,"",0,-1,-1,-1,-1,-1
15,3,"",804,"",0,-1,-1,-1,-1,-1
16,3,"",311,"",0,-1,-1,-1,-1,-1
17,3,"",4,"",0,-1,-1,-1,-1,-1
18,3,"",937,"",0,-1,-1,-1,-1,-1
19,4,"",168,"",0,-1,-1,-1,-1,-1
20,4,"",977,"",0,-1,-1,-1,-1,-1
21,4,"",985,"",0,-1,-1,-1,-1,-1
22,4,"",95,"",0,-1,-1,-1,-1,-1
23,4,"",23,"",0,-1,-1,-1,-1,-1
24,4,"",380,"",0,-1,-1,-1,-1,-1
25,5,"",836,"",0,-1,-1,-1,-1,-1
26,5,"",364,"",0,-1,-1,-1,-1,-1
27,5,"",209,"",0,-1,-1,-1,-1,-1
28,5,"",814,"",0,-1,-1,-1,-1,-1
29,5,"",173,"",0,-1,-1,-1,-1,-1
30,5,"",983,"",0,-1,-1,-1,-1,-1
31,6,"",514,"",0,-1,-1,-1,-1,-1
32,6,"",754,"",0,-1,-1,-1,-1,-1
33,6,"",187,"",0,-1,-1,-1,-1,-1
34,6,"",681,"",0,-1,-1,-1,-1,-1
35,6,"",117,"",0,-1,-1,-1,-1,-1
36,6,"",733,"",0,-1,-1,-1,-1,-1
37,9,"",394,"",0,-1,-1,-1,-1,-1
38,9,"",363,"",0,-1,-1,-1,-1,-1
39,9,"",184,"",0,-1,-1,-1,-1,-1
40,9,"",359,"",0,-1,-1,-1,-1,-1
41,9,"",368,"",0,-1,-1,-1,-1,-1
42,9,"",772,"",0,-1,-1,-1,-1,-1
43,10,"",24,"",0,-1,-1,-1,-1,-1
44,10,"",227,"",0,-1,-1,-1,-1,-1
45,10,"",687,"",0,-1,-1,-1,-1,-1
46,10,"",403,"",0,-1,-1,-1,-1,-1
47,10,"",952,"",0,-1,-1,-1,-1,-1
48,10,"",36,"",0,-1,-1,-1,-1,-1
49,11,"",492,"",0,-1,-1,-1,-1,-1
50,11,"",931,"",0,-1,-1,-1,-1,-1
51,11,"",510,"",0,-1,-1,-1,-1,-1
52,11,"",375,"",0,-1,-1,-1,-1,-1
53,11,"",676,"",0,-1,-1,-1,-1,-1
54,11,"",987,"",0,-1,-1,-1,-1,-1
55,12,"",401,"",0,-1,-1,-1,-1,-1
56,12,"",465,"",0,-1,-1,-1,-1,-1
57,12,"",397,"",0,-1,-1,-1,-1,-1
58,12,"",395,"",0,-1,-1,-1,-1,-1
59,12,"",801,"",0,-1,-1,-1,-1,-1
60,12,"",315,"",0,-1,-1,-1,-1,-1
61,13,"",404,"",0,-1,-1,-1,-1,-1
62,13,"",100,"",0,-1,-1,-1,-1,-1
63,13,"",698,"",0,-1,-1,-1,-1,-1
64,13,"",479,"",0,-1,-1,-1,-1,-1
65,13,"",76,"",0,-1,-1,-1,-1,-1
66,13,"",138,"",0,-1,-1,-1,-1,-1
67,14,"",931,"",0,-1,-1,-1,-1,-1
68,14,"",751,"",0,-1,-1,-1,-1,-1
69,14,"",974,"",0,-1,-1,-1,-1,-1
70,14,"",51,"",0,-1,-1,-1,-1,-1
71,14,"",126,"",0,-1,-1,-1,-1,-1
72,14,"",915,"",0,-1,-1,-1,-1,-1
73,15,"",399,"",0,-1,-1,-1,-1,-1
74,15,"",991,"",0,-1,-1,-1,-1,-1
75,15,"",454,"",0,-1,-1,-1,-1,-1
76,15,"",815,"",0,-1,-1,-1,-1,-1
77,15,"",579,"",0,-1,-1,-1,-1,-1
78,15,"",305,"",0,-1,-1,-1,-1,-1
79,16,"",136,"",0,-1,-1,-1,-1,-1
80,16,"",192,"",0,-1,-1,-1,-1,-1
81,16,"",228,"",0,-1,-1,-1,-1,-1
82,16,"",959,"",0,-1,-1,-1,-1,-1
83,16,"",510,"",0,-1,-1,-1,-1,-1
84,16,"",4,"",0,-1,-1,-1,-1,-1
85,17,"",4,"",0,-1,-1,-1,-1,-1
86,17,"",968,"",0,-1,-1,-1,-1,-1
87,17,"",237,"",0,-1,-1,-1,-1,-1
88,17,"",910,"",0,-1,-1,-1,-1,-1
89,17,"",87,"",0,-1,-1,-1,-1,-1
90,17,"",84,"",0,-1,-1,-1,-1,-1
91,19,"",864,"",0,-1,-1,-1,-1,-1
92,19,"",223,"",0,-1,-1,-1,-1,-1
93,19,"",514,"",0,-1,-1,-1,-1,-1
94,19,"",716,"",0,-1,-1,-1,-1,-1
95,19,"",428,"",0,-1,-1,-1,-1,-1
96,19,"",627,"",0,-1,-1,-1,-1,-1
97,20,"",710,"",0,-1,-1,-1,-1,-1
98,20,"",237,"",0,-1,-1,-1,-1,-1
99,20,"",577,"",0,-1,-1,-1,-1,-1
100,20,"",678,"",0,-1,-1,-1,-1,-1
101,20,"",180,"",0,-1,-1,-1,-1,-1
102,20,"",982,"",0,-1,-1,-1,-1,-1
103,21,"",180,"",0,-1,-1,-1,-1,-1
104,21,"",338,"",0,-1,-1,-1,-1,-1
105,21,"",171,"",0,-1,-1,-1,-1,-1
106,21,"",737,"",0,-1,-1,-1,-1,-1
107,21,"",774,"",0,-1,-1,-1,-1,-1
108,21,"",452,"",0,-1,-1,-1,-1,-1
109,23,"",709,"",0,-1,-1,-1,-1,-1
110,23,"",370,"",0,-1,-1,-1,-1,-1
111,23,"",716,"",0,-1,-1,-1,-1,-1
112,23,"",397,"",0,-1,-1,-1,-1,-1
113,23,"",229,"",0,-1,-1,-1,-1,-1
114,23,"",893,"",0,-1,-1,-1,-1,-1
115,24,"",609,"",0,-1,-1,-1,-1,-1
116,24,"",83,"",0,-1,-1,-1,-1,-1
117,24,"",413,"",0,-1,-1,-1,-1,-1
118,24,"",962,"",0,-1,-1,-1,-1,-1
119,24,"",241,"",0,-1,-1,-1,-1,-1
120,24,"",68,"",0,-1,-1,-1,-1,-1
121,25,"",863,"",0,-1,-1,-1,-1,-1
122,25,"",150,"",0,-1,-1,-1,-1,-1
123,25,"",894,"",0,-1,-1,-1,-1,-1
124,25,"",425,"",0,-1,-1,-1,-1,-1
125,25,"",96,"",0,-1,-1,-1,-1,-1
126,25,"",868,"",0,-1,-1,-1,-1,-1
127,26,"",181,"",0,-1,-1,-1,-1,-1
128,26,"",376,"",0,-1,-1,-1,-1,-1
129,26,"",454,"",0,-1,-1,-1,-1,-1
130,26,"",410,"",0,-1,-1,-1,-1,-1
131,26,"",54,"",0,-1,-1,-1,-1,-1
132,26,"",406,"",0,-1,-1,-1,-1,-1
133,27,"",190,"",0,-1,-1,-1,-1,-1
134,27,"",13,"",0,-1,-1,-1,-1,-1
135,27,"",596,"",0,-1,-1,-1,-1,-1
136,27,"",909,"",0,-1,-1,-1,-1,-1
137,27,"",972,"",0,-1,-1,-1,-1,-1
138,27,"",753,"",0,-1,-1,-1,-1,-1
139,28,"",190,"",0,-1,-1,-1,-1,-1
140,28,"",406,"",0,-1,-1,-1,-1,-1
141,28,"",188,"",0,-1,-1,-1,-1,-1
142,28,"",139,"",0,-1,-1,-1,-1,-1
143,28,"",344,"",0,-1,-1,-1,-1,-1
144,28,"",389,"",0,-1,-1,-1,-1,-1
145,30,"",779,"",0,-1,-1,-1,-1,-1
146,30,"",727,"",0,-1,-1,-1,-1,-1
147,30,"",592,"",0,-1,-1,-1,-1,-1
148,30,"",960,"",0,-1,-1,-1,-1,-1
149,30,"",870,"",0,-1,-1,-1,-1,-1
150,30,"",91,"",0,-1,-1,-1,-1,-1
151,31,"",597,"",0,-1,-1,-1,-1,-1
152,31,"",316,"",0,-1,-1,-1,-1,-1
153,31,"",632,"",0,-1,-1,-1,-1,-1
154,31,"",718,"",0,-1,-1,-1,-1,-1
155,31,"",34,"",0,-1,-1,-1,-1,-1
156,31,"",700,"",0,-1,-1,-1,-1,-1
157,32,"",34,"",0,-1,-1,-1,-1,-1
158,32,"",731,"",0,-1,-1,-1,-1,-1
159,32,"",338,"",0,-1,-1,-1,-1,-1
160,32,"",745,"",0,-1,-1,-1,-1,-1
161,32,"",28,"",0,-1,-1,-1,-1,-1
162,32,"",168,"",0,-1,-1,-1,-1,-1
163,33,"",395,"",0,-1,-1,-1,-1,-1
164,33,"",138,"",0,-1,-1,-1,-1,-1
165,33,"",305,"",0,-1,-1,-1,-1,-1
166,33,"",805,"",0,-1,-1,-1,-1,-1
167,33,"",885,"",0,-1,-1,-1,-1,-1
168,33,"",461,"",0,-1,-1,-1,-1,-1
169,34,"",872,"",0,-1,-1,-1,-1,-1
170,34,"",936,"",0,-1,-1,-1,-1,-1
171,34,"",810,"",0,-1,-1,-1,-1,-1
172,34,"",735,"",0,-1,-1,-1,-1,-1
173,34,"",491,"",0,-1,-1,-1,-1,-1
174,34,"",209,"",0,-1,-1,-1,-1,-1
175,35,"",396,"",0,-1,-1,-1,-1,-1
176,35,"",939,"",0,-1,-1,-1,-1,-1
177,35,"",370,"",0,-1,-1,-1,-1,-1
178,35,"",707,"",0,-1,-1,-1,-1,-1
179,35,"",33,"",0,-1,-1,-1,-1,-1
180,35,"",226,"",0,-1,-1,-1,-1,-1
181,36,"",514,"",0,-1,-1,-1,-1,-1
182,36,"",77,"",0,-1,-1,-1,-1,-1
183,36,"",834,"",0,-1,-1,-1,-1,-1
184,36,"",149,"",0,-1,-1,-1,-1,-1
185,36,"",307,"",0,-1,-1,-1,-1,-1
186,36,"",741,"",0,-1,-1,-1,-1,-1
187,37,"",452,"",0,-1,-1,-1,-1,-1
188,37,"",135,"",0,-1,-1,-1,-1,-1
189,37,"",420,"",0,-1,-1,-1,-1,-1
190,37,"",113,"",0,-1,-1,-1,-1,-1
191,37,"",814,"",0,-1,-1,-1,-1,-1
192,37,"",126,"",0,-1,-1,-1,-1,-1
193,38,"",887,"",0,-1,-1,-1,-1,-1
194,38,"",71,"",0,-1,-1,-1,-1,-1
195,38,"",404,"",0,-1,-1,-1,-1,-1
196,38,"",342,"",0,-1,-1,-1,-1,-1
197,38,"",863,"",0,-1,-1,-1,-1,-1
198,38,"",941,"",0,-1,-1,-1,-1,-1
199,39,"",510,"",0,-1,-1,-1,-1,-1
200,39,"",760,"",0,-1,-1,-1,-1,-1
201,39,"",102,"",0,-1,-1,-1,-1,-1
202,39,"",81,"",0,-1,-1,-1,-1,-1
203,39,"",53,"",0,-1,-1,-1,-1,-1
204,39,"",78,"",0,-1,-1,-1,-1,-1
205,40,"",614,"",0,-1,-1,-1,-1,-1
206,40,"",138,"",0,-1,-1,-1,-1,-1
207,40,"",876,"",0,-1,-1,-1,-1,-1
208,40,"",701,"",0,-1,-1,-1,-1,-1
209,40,"",767,"",0,-1,-1,-1,-1,-1
210,40,"",873,"",0,-1,-1,-1,-1,-1
211,41,"",703,"",0,-1,-1,-1,-1,-1
212,41,"",3,"",0,-1,-1,-1,-1,-1
213,41,"",301,"",0,-1,-1,-1,-1,-1
214,41,"",412,"",0,-1,-1,-1,-1,-1
215,41,"",173,"",0,-1,-1,-1,-1,-1
216,41,"",322,"",0,-1,-1,-1,-1,-1
217,42,"",359,"",0,-1,-1,-1,-1,-1
218,42,"",312,"",0,-1,-1,-1,-1,-1
219,42,"",569,"",0,-1,-1,-1,-1,-1
220,42,"",731,"",0,-1,-1,-1,-1,-1
221,42,"",103,"",0,-1,-1,-1,-1,-1
222,42,"",515,"",0,-1,-1,-1,-1,-1
223,43,"",681,"",0,-1,-1,-1,-1,-1
224,43,"",865,"",0,-1,-1,-1,-1,-1
225,43,"",377,"",0,-1,-1,-1,-1,-1
226,43,"",87,"",0,-1,-1,-1,-1,-1
227,43,"",183,"",0,-1,-1,-1,-1,-1
228,43,"",731,"",0,-1,-1,-1,-1,-1
229,44,"",609,"",0,-1,-1,-1,-1,-1
230,44,"",25,"",0,-1,-1,-1,-1,-1
231,44,"",151,"",0,-1,-1,-1,-1,-1
232,44,"",882,"",0,-1,-1,-1,-1,-1
233,44,"",412,"",0,-1,-1,-1,-1,-1
234,44,"",699,"",0,-1,-1,-1,-1,-1
235,45,"",57,"",0,-1,-1,-1,-1,-1
236,45,"",177,"",0,-1,-1,-1,-1,-1
237,45,"",921,"",0,-1,-1,-1,-1,-1
238,45,"",84,"",0,-1,-1,-1,-1,-1
239,45,"",80,"",0,-1,-1,-1,-1,-1
240,45,"",423,"",0,-1,-1,-1,-1,-1
241,46,"",232,"",0,-1,-1,-1,-1,-1
242,46,"",455,"",0,-1,-1,-1,-1,-1
243,46,"",893,"",0,-1,-1,-1,-1,-1
244,46,"",908,"",0,-1,-1,-1,-1,-1
245,46,"",723,"",0,-1,-1,-1,-1,-1
246,46,"",777,"",0,-1,-1,-1,-1,-1
247,47,"",172,"",0,-1,-1,-1,-1,-1
248,47,"",379,"",0,-1,-1,-1,-1,-1
249,47,"",37,"",0,-1,-1,-1,-1,-1
250,47,"",52,"",0,-1,-1,-1,-1,-1
251,47,"",424,"",0,-1,-1,-1,-1,-1
252,47,"",41,"",0,-1,-1,-1,-1,-1
253,48,"",38,"",0,-1,-1,-1,-1,-1
254,48,"",81,"",0,-1,-1,-1,-1,-1
255,48,"",709,"",0,-1,-1,-1,-1,-1
256,48,"",76,"",0,-1,-1,-1,-1,-1
257,48,"",676,"",0,-1,-1,-1,-1,-1
258,48,"",198,"",0,-1,-1,-1,-1,-1
259,49,"",43,"",0,-1,-1,-1,-1,-1
260,49,"",213,"",0,-1,-1,-1,-1,-1
261,49,"",118,"",0,-1,-1,-1,-1,-1
262,49,"",892,"",0,-1,-1,-1,-1,-1
263,49,"",461,"",0,-1,-1,-1,-1,-1
264,49,"",144,"",0,-1,-1,-1,-1,-1
265,50,"",704,"",0,-1,-1,-1,-1,-1
266,50,"",194,"",0,-1,-1,-1,-1,-1
267,50,"",192,"",0,-1,-1,-1,-1,-1
268,50,"",214,"",0,-1,-1,-1,-1,-1
269,50,"",887,"",0,-1,-1,-1,-1,-1
270,50,"",46,"",0,-1,-1,-1,-1,-1
271,51,"",190,"",0,-1,-1,-1,-1,-1
272,51,"",750,"",0,-1,-1,-1,-1,-1
273,51,"",774,"",0,-1,-1,-1,-1,-1
274,51,"",194,"",0,-1,-1,-1,-1,-1
275,51,"",451,"",0,-1,-1,-1,-1,-1
276,51,"",405,"",0,-1,-1,-1,-1,-1
277,52,"",706,"",0,-1,-1,-1,-1,-1
278,52,"",990,"",0,-1,-1,-1,-1,-1
279,52,"",884,"",0,-1,-1,-1,-1,-1
280,52,"",215,"",0,-1,-1,-1,-1,-1
281,52,"",617,"",0,-1,-1,-1,-1,-1
282,52,"",993,"",0,-1,-1,-1,-1,-1
283,53,"",404,"",0,-1,-1,-1,-1,-1
284,53,"",14,"",0,-1,-1,-1,-1,-1
285,53,"",106,"",0,-1,-1,-1,-1,-1
286,53,"",630,"",0,-1,-1,-1,-1,-1
287,53,"",85,"",0,-1,-1,-1,-1,-1
288,53,"",43,"",0,-1,-1,-1,-1,-1
289,54,"",115,"",0,-1,-1,-1,-1,-1
290,54,"",579,"",0,-1,-1,-1,-1,-1
291,54,"",134,"",0,-1,-1,-1,-1,-1
292,54,"",128,"",0,-1,-1,-1,-1,-1
293,54,"",409,"",0,-1,-1,-1,-1,-1
294,54,"",770,"",0,-1,-1,-1,-1,-1
295,55,"",458,"",0,-1,-1,-1,-1,-1
296,55,"",750,"",0,-1,-1,-1,-1,-1
297,55,"",711,"",0,-1,-1,-1,-1,-1
298,55,"",739,"",0,-1,-1,-1,-1,-1
299,55,"",580,"",0,-1,-1,-1,-1,-1
300,55,"",732,"",0,-1,-1,-1,-1,-1
301,56,"",930,"",0,-1,-1,-1,-1,-1
302,56,"",610,"",0,-1,-1,-1,-1,-1
303,56,"",183,"",0,-1,-1,-1,-1,-1
304,56,"",749,"",0,-1,-1,-1,-1,-1
305,56,"",198,"",0,-1,-1,-1,-1,-1
306,56,"",837,"",0,-1,-1,-1,-1,-1
307,57,"",389,"",0,-1,-1,-1,-1,-1
308,57,"",494,"",0,-1,-1,-1,-1,-1
309,57,"",454,"",0,-1,-1,-1,-1,-1
310,57,"",576,"",0,-1,-1,-1,-1,-1
311,57,"",921,"",0,-1,-1,-1,-1,-1
312,57,"",810,"",0,-1,-1,-1,-1,-1
313,58,"",59,"",0,-1,-1,-1,-1,-1
314,58,"",898,"",0,-1,-1,-1,-1,-1
315,58,"",240,"",0,-1,-1,-1,-1,-1
316,58,"",13,"",0,-1,-1,-1,-1,-1
317,58,"",162,"",0,-1,-1,-1,-1,-1
318,58,"",574,"",0,-1,-1,-1,-1,-1
319,59,"",133,"",0,-1,-1,-1,-1,-1
320,59,"",681,"",0,-1,-1,-1,-1,-1
321,59,"",85,"",0,-1,-1,-1,-1,-1
322,59,"",985,"",0,-1,-1,-1,-1,-1
323,59,"",630,"",0,-1,-1,-1,-1,-1
324,59,"",977,"",0,-1,-1,-1,-1,-1
325,60,"",308,"",0,-1,-1,-1,-1,-1
326,60,"",47,"",0,-1,-1,-1,-1,-1
327,60,"",414,"",0,-1,-1,-1,-1,-1
328,60,"",802,"",0,-1,-1,-1,-1,-1
329,60,"",346,"",0,-1,-1,-1,-1,-1
330,60,"",925,"",0,-1,-1,-1,-1,-1
331,61,"",983,"",0,-1,-1,-1,-1,-1
332,61,"",47,"",0,-1,-1,-1,-1,-1
333,61,"",342,"",0,-1,-1,-1,-1,-1
334,61,"",970,"",0,-1,-1,-1,-1,-1
335,61,"",403,"",0,-1,-1,-1,-1,-1
336,61,"",869,"",0,-1,-1,-1,-1,-1
337,68,"",770,"",0,-1,-1,-1,-1,-1
338,68,"",943,"",0,-1,-1,-1,-1,-1
339,68,"",883,"",0,-1,-1,-1,-1,-1
340,68,"",461,"",0,-1,-1,-1,-1,-1
341,68,"",190,"",0,-1,-1,-1,-1,-1
342,68,"",87,"",0,-1,-1,-1,-1,-1
343,69,"",990,"",0,-1,-1,-1,-1,-1
344,69,"",595,"",0,-1,-1,-1,-1,-1
345,69,"",237,"",0,-1,-1,-1,-1,-1
346,69,"",90,"",0,-1,-1,-1,-1,-1
347,69,"",772,"",0,-1,-1,-1,-1,-1
348,69,"",924,"",0,-1,-1,-1,-1,-1
349,70,"",982,"",0,-1,-1,-1,-1,-1
350,70,"",103,"",0,-1,-1,-1,-1,-1
351,70,"",707,"",0,-1,-1,-1,-1,-1
352,70,"",626,"",0,-1,-1,-1,-1,-1
353,70,"",408,"",0,-1,-1,-1,-1,-1
354,70,"",750,"",0,-1,-1,-1,-1,-1
355,71,"",75,"",0,-1,-1,-1,-1,-1
356,71,"",933,"",0,-1,-1,-1,-1,-1
357,71,"",59,"",0,-1,-1,-1,-1,-1
358,71,"",771,"",0,-1,-1,-1,-1,-1
359,71,"",878,"",0,-1,-1,-1,-1,-1
360,71,"",411,"",0,-1,-1,-1,-1,-1
361,72,"",726,"",0,-1,-1,-1,-1,-1
362,72,"",325,"",0,-1,-1,-1,-1,-1
363,72,"",210,"",0,-1,-1,-1,-1,-1
364,72,"",920,"",0,-1,-1,-1,-1,-1
365,72,"",177,"",0,-1,-1,-1,-1,-1
366,72,"",458,"",0,-1,-1,-1,-1,-1
367,73,"",88,"",0,-1,-1,-1,-1,-1
368,73,"",451,"",0,-1,-1,-1,-1,-1
369,73,"",459,"",0,-1,-1,-1,-1,-1
370,73,"",93,"",0,-1,-1,-1,-1,-1
371,73,"",716,"",0,-1,-1,-1,-1,-1
372,73,"",349,"",0,-1,-1,-1,-1,-1
373,74,"",740,"",0,-1,-1,-1,-1,-1
374,74,"",142,"",0,-1,-1,-1,-1,-1
375,74,"",883,"",0,-1,-1,-1,-1,-1
376,74,"",361,"",0,-1,-1,-1,-1,-1
377,74,"",307,"",0,-1,-1,-1,-1,-1
378,74,"",50,"",0,-1,-1,-1,-1,-1
379,75,"",222,"",0,-1,-1,-1,-1,-1
380,75,"",326,"",0,-1,-1,-1,-1,-1
381,75,"",359,"",0,-1,-1,-1,-1,-1
382,75,"",363,"",0,-1,-1,-1,-1,-1
383,75,"",744,"",0,-1,-1,-1,-1,-1
384,75,"",951,"",0,-1,-1,-1,-1,-1
385,76,"",440,"",0,-1,-1,-1,-1,-1
386,76,"",697,"",0,-1,-1,-1,-1,-1
387,76,"",757,"",0,-1,-1,-1,-1,-1
388,76,"",906,"",0,-1,-1,-1,-1,-1
389,76,"",223,"",0,-1,-1,-1,-1,-1
390,76,"",899,"",0,-1,-1,-1,-1,-1
391,77,"",196,"",0,-1,-1,-1,-1,-1
392,77,"",872,"",0,-1,-1,-1,-1,-1
393,77,"",168,"",0,-1,-1,-1,-1,-1
394,77,"",393,"",0,-1,-1,-1,-1,-1
395,77,"",706,"",0,-1,-1,-1,-1,-1
396,77,"",893,"",0,-1,-1,-1,-1,-1
397,78,"",151,"",0,-1,-1,-1,-1,-1
398,78,"",595,"",0,-1,-1,-1,-1,-1
399,78,"",679,"",0,-1,-1,-1,-1,-1
400,78,"",380,"",0,-1,-1,-1,-1,-1
401,78,"",91,"",0,-1,-1,-1,-1,-1
402,78,"",727,"",0,-1,-1,-1,-1,-1
403,79,"",145,"",0,-1,-1,-1,-1,-1
404,79,"",113,"",0,-1,-1,-1,-1,-1
405,79,"",938,"",0,-1,-1,-1,-1,-1
406,79,"",915,"",0,-1,-1,-1,-1,-1
407,79,"",985,"",0,-1,-1,-1,-1,-1
408,79,"",880,"",0,-1,-1,-1,-1,-1
409,80,"",419,"",0,-1,-1,-1,-1,-1
410,80,"",810,"",0,-1,-1,-1,-1,-1
411,80,"",424,"",0,-1,-1,-1,-1,-1
412,80,"",771,"",0,-1,-1,-1,-1,-1
413,80,"",917,"",0,-1,-1,-1,-1,-1
414,80,"",607,"",0,-1,-1,-1,-1,-1
415,81,"",586,"",0,-1,-1,-1,-1,-1
416,81,"",962,"",0,-1,-1,-1,-1,-1
417,81,"",190,"",0,-1,-1,-1,-1,-1
418,81,"",835,"",0,-1,-1,-1,-1,-1
419,81,"",376,"",0,-1,-1,-1,-1,-1
420,81,"",883,"",0,-1,-1,-1,-1,-1
421,82,"",927,"",0,-1,-1,-1,-1,-1
422,82,"",27,"",0,-1,-1,-1,-1,-1
423,82,"",104,"",0,-1,-1,-1,-1,-1
424,82,"",836,"",0,-1,-1,-1,-1,-1
425,82,"",305,"",0,-1,-1,-1,-1,-1
426,82,"",738,"",0,-1,-1,-1,-1,-1
427,83,"",678,"",0,-1,-1,-1,-1,-1
428,83,"",681,"",0,-1,-1,-1,-1,-1
429,83,"",598,"",0,-1,-1,-1,-1,-1
430,83,"",210,"",0,-1,-1,-1,-1,-1
431,83,"",920,"",0,-1,-1,-1,-1,-1
432,83,"",79,"",0,-1,-1,-1,-1,-1
433,84,"",675,"",0,-1,-1,-1,-1,-1
434,84,"",103,"",0,-1,-1,-1,-1,-1
435,84,"",136,"",0,-1,-1,-1,-1,-1
436,84,"",20,"",0,-1,-1,-1,-1,-1
437,84,"",88,"",0,-1,-1,-1,-1,-1
438,84,"",406,"",0,-1,-1,-1,-1,-1
439,85,"",778,"",0,-1,-1,-1,-1,-1
440,85,"",704,"",0,-1,-1,-1,-1,-1
441,85,"",113,"",0,-1,-1,-1,-1,-1
442,85,"",326,"",0,-1,-1,-1,-1,-1
443,85,"",310,"",0,-1,-1,-1,-1,-1
444,85,"",757,"",0,-1,-1,-1,-1,-1
445,86,"",183,"",0,-1,-1,-1,-1,-1
446,86,"",40,"",0,-1,-1,-1,-1,-1
447,86,"",631,"",0,-1,-1,-1,-1,-1
448,86,"",995,"",0,-1,-1,-1,-1,-1
449,86,"",891,"",0,-1,-1,-1,-1,-1
450,86,"",983,"",0,-1,-1,-1,-1,-1
451,87,"",992,"",0,-1,-1,-1,-1,-1
452,87,"",171,"",0,-1,-1,-1,-1,-1
453,87,"",965,"",0,-1,-1,-1,-1,-1
454,87,"",72,"",0,-1,-1,-1,-1,-1
455,87,"",510,"",0,-1,-1,-1,-1,-1
456,87,"",342,"",0,-1,-1,-1,-1,-1
457,88,"",92,"",0,-1,-1,-1,-1,-1
458,88,"",82,"",0,-1,-1,-1,-1,-1
459,88,"",617,"",0,-1,-1,-1,-1,-1
460,88,"",306,"",0,-1,-1,-1,-1,-1
461,88,"",399,"",0,-1,-1,-1,-1,-1
462,88,"",474,"",0,-1,-1,-1,-1,-1
463,90,"",737,"",0,-1,-1,-1,-1,-1
464,90,"",82,"",0,-1,-1,-1,-1,-1
465,90,"",311,"",0,-1,-1,-1,-1,-1
466,90,"",51,"",0,-1,-1,-1,-1,-1
467,90,"",961,"",0,-1,-1,-1,-1,-1
468,90,"",440,"",0,-1,-1,-1,-1,-1
469,91,"",420,"",0,-1,-1,-1,-1,-1
470,91,"",95,"",0,-1,-1,-1,-1,-1
471,91,"",410,"",0,-1,-1,-1,-1,-1
472,91,"",745,"",0,-1,-1,-1,-1,-1
473,91,"",210,"",0,-1,-1,-1,-1,-1
474,91,"",766,"",0,-1,-1,-1,-1,-1
475,92,"",302,"",0,-1,-1,-1,-1,-1
476,92,"",678,"",0,-1,-1,-1,-1,-1
477,92,"",703,"",0,-1,-1,-1,-1,-1
478,92,"",174,"",0,-1,-1,-1,-1,-1
479,92,"",107,"",0,-1,-1,-1,-1,-1
480,92,"",687,"",0,-1,-1,-1,-1,-1
481,93,"",98,"",0,-1,-1,-1,-1,-1
482,93,"",895,"",0,-1,-1,-1,-1,-1
483,93,"",184,"",0,-1,-1,-1,-1,-1
484,93,"",605,"",0,-1,-1,-1,-1,-1
485,93,"",627,"",0,-1,-1,-1,-1,-1
486,93,"",812,"",0,-1,-1,-1,-1,-1
487,94,"",682,"",0,-1,-1,-1,-1,-1
488,94,"",326,"",0,-1,-1,-1,-1,-1
489,94,"",176,"",0,-1,-1,-1,-1,-1
490,94,"",144,"",0,-1,-1,-1,-1,-1
491,94,"",716,"",0,-1,-1,-1,-1,-1
492,94,"",228,"",0,-1,-1,-1,-1,-1
493,95,"",451,"",0,-1,-1,-1,-1,-1
494,95,"",51,"",0,-1,-1,-1,-1,-1
495,95,"",910,"",0,-1,-1,-1,-1,-1
496,95,"",93,"",0,-1,-1,-1,-1,-1
497,95,"",375,"",0,-1,-1,-1,-1,-1
498,95,"",994,"",0,-1,-1,-1,-1,-1
499,96,"",991,"",0,-1,-1,-1,-1,-1
500,96,"",891,"",0,-1,-1,-1,-1,-1
501,96,"",466,"",0,-1,-1,-1,-1,-1
502,96,"",743,"",0,-1,-1,-1,-1,-1
503,96,"",308,"",0,-1,-1,-1,-1,-1
504,96,"",958,"",0,-1,-1,-1,-1,-1
505,97,"",82,"",0,-1,-1,-1,-1,-1
506,97,"",957,"",0,-1,-1,-1,-1,-1
507,97,"",149,"",0,-1,-1,-1,-1,-1
508,97,"",760,"",0,-1,-1,-1,-1,-1
509,97,"",191,"",0,-1,-1,-1,-1,-1
510,97,"",78,"",0,-1,-1,-1,-1,-1
511,98,"",53,"",0,-1,-1,-1,-1,-1
512,98,"",111,"",0,-1,-1,-1,-1,-1
513,98,"",959,"",0,-1,-1,-1,-1,-1
514,98,"",987,"",0,-1,-1,-1,-1,-1
515,98,"",23,"",0,-1,-1,-1,-1,-1
516,98,"",994,"",0,-1,-1,-1,-1,-1
517,100,"",388,"",0,-1,-1,-1,-1,-1
518,100,"",77,"",0,-1,-1,-1,-1,-1
519,100,"",38,"",0,-1,-1,-1,-1,-1
520,100,"",93,"",0,-1,-1,-1,-1,-1
521,100,"",563,"",0,-1,-1,-1,-1,-1
522,100,"",361,"",0,-1,-1,-1,-1,-1
523,101,"",363,"",0,-1,-1,-1,-1,-1
524,101,"",677,"",0,-1,-1,-1,-1,-1
525,101,"",75,"",0,-1,-1,-1,-1,-1
526,101,"",916,"",0,-1,-1,-1,-1,-1
527,101,"",835,"",0,-1,-1,-1,-1,-1
528,101,"",426,"",0,-1,-1,-1,-1,-1
529,102,"",980,"",0,-1,-1,-1,-1,-1
530,102,"",80,"",0,-1,-1,-1,-1,-1
531,102,"",374,"",0,-1,-1,-1,-1,-1
532,102,"",756,"",0,-1,-1,-1,-1,-1
533,102,"",967,"",0,-1,-1,-1,-1,-1
534,102,"",377,"",0,-1,-1,-1,-1,-1
535,103,"",214,"",0,-1,-1,-1,-1,-1
536,103,"",870,"",0,-1,-1,-1,-1,-1
537,103,"",211,"",0,-1,-1,-1,-1,-1
538,103,"",172,"",0,-1,-1,-1,-1,-1
539,103,"",434,"",0,-1,-1,-1,-1,-1
540,103,"",954,"",0,-1,-1,-1,-1,-1
541,104,"",465,"",0,-1,-1,-1,-1,-1
542,104,"",733,"",0,-1,-1,-1,-1,-1
543,104,"",367,"",0,-1,-1,-1,-1,-1
544,104,"",301,"",0,-1,-1,-1,-1,-1
545,104,"",575,"",0,-1,-1,-1,-1,-1
546,104,"",753,"",0,-1,-1,-1,-1,-1
547,105,"",107,"",0,-1,-1,-1,-1,-1
548,105,"",208,"",0,-1,-1,-1,-1,-1
549,105,"",104,"",0,-1,-1,-1,-1,-1
550,105,"",700,"",0,-1,-1,-1,-1,-1
551,105,"",429,"",0,-1,-1,-1,-1,-1
552,105,"",11,"",0,-1,-1,-1,-1,-1
553,106,"",223,"",0,-1,-1,-1,-1,-1
554,106,"",490,"",0,-1,-1,-1,-1,-1
555,106,"",739,"",0,-1,-1,-1,-1,-1
556,106,"",814,"",0,-1,-1,-1,-1,-1
557,106,"",363,"",0,-1,-1,-1,-1,-1
558,106,"",31,"",0,-1,-1,-1,-1,-1
559,107,"",453,"",0,-1,-1,-1,-1,-1
560,107,"",994,"",0,-1,-1,-1,-1,-1
561,107,"",629,"",0,-1,-1,-1,-1,-1
562,107,"",884,"",0,-1,-1,-1,-1,-1
563,107,"",169,"",0,-1,-1,-1,-1,-1
564,107,"",162,"",0,-1,-1,-1,-1,-1
565,111,"",844,"",0,-1,-1,-1,-1,-1
566,111,"",766,"",0,-1,-1,-1,-1,-1
567,111,"",893,"",0,-1,-1,-1,-1,-1
568,111,"",801,"",0,-1,-1,-1,-1,-1
569,111,"",580,"",0,-1,-1,-1,-1,-1
570,111,"",195,"",0,-1,-1,-1,-1,-1
571,112,"",44,"",0,-1,-1,-1,-1,-1
572,112,"",494,"",0,-1,-1,-1,-1,-1
573,112,"",126,"",0,-1,-1,-1,-1,-1
574,112,"",47,"",0,-1,-1,-1,-1,-1
575,112,"",149,"",0,-1,-1,-1,-1,-1
576,112,"",754,"",0,-1,-1,-1,-1,-1
577,113,"",183,"",0,-1,-1,-1,-1,-1
578,113,"",79,"",0,-1,-1,-1,-1,-1
579,113,"",26,"",0,-1,-1,-1,-1,-1
580,113,"",113,"",0,-1,-1,-1,-1,-1
581,113,"",943,"",0,-1,-1,-1,-1,-1
582,113,"",412,"",0,-1,-1,-1,-1,-1
583,114,"",701,"",0,-1,-1,-1,-1,-1
584,114,"",719,"",0,-1,-1,-1,-1,-1
585,114,"",688,"",0,-1,-1,-1,-1,-1
586,114,"",938,"",0,-1,-1,-1,-1,-1
587,114,"",989,"",0,-1,-1,-1,-1,-1
588,114,"",866,"",0,-1,-1,-1,-1,-1
589,115,"",461,"",0,-1,-1,-1,-1,-1
590,115,"",141,"",0,-1,-1,-1,-1,-1
591,115,"",189,"",0,-1,-1,-1,-1,-1
592,115,"",867,"",0,-1,-1,-1,-1,-1
593,115,"",240,"",0,-1,-1,-1,-1,-1
594,115,"",578,"",0,-1,-1,-1,-1,-1
595,116,"",234,"",0,-1,-1,-1,-1,-1
596,116,"",748,"",0,-1,-1,-1,-1,-1
597,116,"",68,"",0,-1,-1,-1,-1,-1
598,116,"",756,"",0,-1,-1,-1,-1,-1
599,116,"",383,"",0,-1,-1,-1,-1,-1
600,116,"",417,"",0,-1,-1,-1,-1,-1
601,117,"",210,"",0,-1,-1,-1,-1,-1
602,117,"",378,"",0,-1,-1,-1,-1,-1
603,117,"",726,"",0,-1,-1,-1,-1,-1
604,117,"",345,"",0,-1,-1,-1,-1,-1
605,117,"",114,"",0,-1,-1,-1,-1,-1
606,117,"",25,"",0,-1,-1,-1,-1,-1
607,118,"",414,"",0,-1,-1,-1,-1,-1
608,118,"",92,"",0,-1,-1,-1,-1,-1
609,118,"",235,"",0,-1,-1,-1,-1,-1
610,118,"",976,"",0,-1,-1,-1,-1,-1
611,118,"",303,"",0,-1,-1,-1,-1,-1
612,118,"",907,"",0,-1,-1,-1,-1,-1
613,126,"",130,"",0,-1,-1,-1,-1,-1
614,126,"",374,"",0,-1,-1,-1,-1,-1
615,126,"",588,"",0,-1,-1,-1,-1,-1
616,126,"",932,"",0,-1,-1,-1,-1,-1
617,126,"",229,"",0,-1,-1,-1,-1,-1
618,126,"",379,"",0,-1,-1,-1,-1,-1
619,127,"",810,"",0,-1,-1,-1,-1,-1
620,127,"",97,"",0,-1,-1,-1,-1,-1
621,127,"",116,"",0,-1,-1,-1,-1,-1
622,127,"",305,"",0,-1,-1,-1,-1,-1
623,127,"",876,"",0,-1,-1,-1,-1,-1
624,127,"",626,"",0,-1,-1,-1,-1,-1
625,128,"",199,"",0,-1,-1,-1,-1,-1
626,128,"",115,"",0,-1,-1,-1,-1,-1
627,128,"",930,"",0,-1,-1,-1,-1,-1
628,128,"",813,"",0,-1,-1,-1,-1,-1
629,128,"",192,"",0,-1,-1,-1,-1,-1
630,128,"",87,"",0,-1,-1,-1,-1,-1
631,129,"",101,"",0,-1,-1,-1,-1,-1
632,129,"",347,"",0,-1,-1,-1,-1,-1
633,129,"",242,"",0,-1,-1,-1,-1,-1
634,129,"",451,"",0,-1,-1,-1,-1,-1
635,129,"",404,"",0,-1,-1,-1,-1,-1
636,129,"",208,"",0,-1,-1,-1,-1,-1
637,130,"",45,"",0,-1,-1,-1,-1,-1
638,130,"",600,"",0,-1,-1,-1,-1,-1
639,130,"",751,"",0,-1,-1,-1,-1,-1
640,130,"",912,"",0,-1,-1,-1,-1,-1
641,130,"",868,"",0,-1,-1,-1,-1,-1
642,130,"",50,"",0,-1,-1,-1,-1,-1
643,132,"",136,"",0,-1,-1,-1,-1,-1
644,132,"",15,"",0,-1,-1,-1,-1,-1
645,132,"",870,"",0,-1,-1,-1,-1,-1
646,132,"",697,"",0,-1,-1,-1,-1,-1
647,132,"",984,"",0,-1,-1,-1,-1,-1
648,132,"",144,"",0,-1,-1,-1,-1,-1
649,133,"",805,"",0,-1,-1,-1,-1,-1
650,133,"",79,"",0,-1,-1,-1,-1,-1
651,133,"",118,"",0,-1,-1,-1,-1,-1
652,133,"",388,"",0,-1,-1,-1,-1,-1
653,133,"",944,"",0,-1,-1,-1,-1,-1
654,133,"",836,"",0,-1,-1,-1,-1,-1
655,134,"",393,"",0,-1,-1,-1,-1,-1
656,134,"",375,"",0,-1,-1,-1,-1,-1
657,134,"",941,"",0,-1,-1,-1,-1,-1
658,134,"",921,"",0,-1,-1,-1,-1,-1
659,134,"",611,"",0,-1,-1,-1,-1,-1
660,134,"",217,"",0,-1,-1,-1,-1,-1
661,135,"",779,"",0,-1,-1,-1,-1,-1
662,135,"",235,"",0,-1,-1,-1,-1,-1
663,135,"",306,"",0,-1,-1,-1,-1,-1
664,135,"",978,"",0,-1,-1,-1,-1,-1
665,135,"",987,"",0,-1,-1,-1,-1,-1
666,135,"",103,"",0,-1,-1,-1,-1,-1
667,136,"",980,"",0,-1,-1,-1,-1,-1
668,136,"",178,"",0,-1,-1,-1,-1,-1
669,136,"",977,"",0,-1,-1,-1,-1,-1
670,136,"",140,"",0,-1,-1,-1,-1,-1
671,136,"",26,"",0,-1,-1,-1,-1,-1
672,136,"",102,"",0,-1,-1,-1,-1,-1
673,137,"",30,"",0,-1,-1,-1,-1,-1
674,137,"",416,"",0,-1,-1,-1,-1,-1
675,137,"",931,"",0,-1,-1,-1,-1,-1
676,137,"",960,"",0,-1,-1,-1,-1,-1
677,137,"",74,"",0,-1,-1,-1,-1,-1
678,137,"",616,"",0,-1,-1,-1,-1,-1
679,138,"",439,"",0,-1,-1,-1,-1,-1
680,138,"",151,"",0,-1,-1,-1,-1,-1
681,138,"",400,"",0,-1,-1,-1,-1,-1
682,138,"",978,"",0,-1,-1,-1,-1,-1
683,138,"",805,"",0,-1,-1,-1,-1,-1
684,138,"",896,"",0,-1,-1,-1,-1,-1
685,139,"",102,"",0,-1,-1,-1,-1,-1
686,139,"",977,"",0,-1,-1,-1,-1,-1
687,139,"",767,"",0,-1,-1,-1,-1,-1
688,139,"",681,"",0,-1,-1,-1,-1,-1
689,139,"",466,"",0,-1,-1,-1,-1,-1
690,139,"",815,"",0,-1,-1,-1,-1,-1
691,140,"",621,"",0,-1,-1,-1,-1,-1
692,140,"",70,"",0,-1,-1,-1,-1,-1
693,140,"",873,"",0,-1,-1,-1,-1,-1
694,140,"",419,"",0,-1,-1,-1,-1,-1
695,140,"",389,"",0,-1,-1,-1,-1,-1
696,140,"",437,"",0,-1,-1,-1,-1,-1
697,141,"",868,"",0,-1,-1,-1,-1,-1
698,141,"",39,"",0,-1,-1,-1,-1,-1
699,141,"",163,"",0,-1,-1,-1,-1,-1
700,141,"",208,"",0,-1,-1,-1,-1,-1
701,141,"",908,"",0,-1,-1,-1,-1,-1
702,141,"",956,"",0,-1,-1,-1,-1,-1
703,142,"",404,"",0,-1,-1,-1,-1,-1
704,142,"",304,"",0,-1,-1,-1,-1,-1
705,142,"",374,"",0,-1,-1,-1,-1,-1
706,142,"",450,"",0,-1,-1,-1,-1,-1
707,142,"",474,"",0,-1,-1,-1,-1,-1
708,142,"",173,"",0,-1,-1,-1,-1,-1
709,144,"",564,"",0,-1,-1,-1,-1,-1
710,144,"",400,"",0,-1,-1,-1,-1,-1
711,144,"",173,"",0,-1,-1,-1,-1,-1
712,144,"",403,"",0,-1,-1,-1,-1,-1
713,144,"",979,"",0,-1,-1,-1,-1,-1
714,144,"",924,"",0,-1,-1,-1,-1,-1
715,145,"",703,"",0,-1,-1,-1,-1,-1
716,145,"",896,"",0,-1,-1,-1,-1,-1
717,145,"",87,"",0,-1,-1,-1,-1,-1
718,145,"",196,"",0,-1,-1,-1,-1,-1
719,145,"",377,"",0,-1,-1,-1,-1,-1
720,145,"",114,"",0,-1,-1,-1,-1,-1
721,146,"",369,"",0,-1,-1,-1,-1,-1
722,146,"",214,"",0,-1,-1,-1,-1,-1
723,146,"",720,"",0,-1,-1,-1,-1,-1
724,146,"",376,"",0,-1,-1,-1,-1,-1
725,146,"",414,"",0,-1,-1,-1,-1,-1
726,146,"",991,"",0,-1,-1,-1,-1,-1
727,147,"",317,"",0,-1,-1,-1,-1,-1
728,147,"",600,"",0,-1,-1,-1,-1,-1
729,147,"",230,"",0,-1,-1,-1,-1,-1
730,147,"",937,"",0,-1,-1,-1,-1,-1
731,147,"",998,"",0,-1,-1,-1,-1,-1
732,147,"",719,"",0,-1,-1,-1,-1,-1
733,148,"",705,"",0,-1,-1,-1,-1,-1
734,148,"",943,"",0,-1,-1,-1,-1,-1
735,148,"",872,"",0,-1,-1,-1,-1,-1
736,148,"",96,"",0,-1,-1,-1,-1,-1
737,148,"",393,"",0,-1,-1,-1,-1,-1
738,148,"",748,"",0,-1,-1,-1,-1,-1
739,149,"",967,"",0,-1,-1,-1,-1,-1
740,149,"",322,"",0,-1,-1,-1,-1,-1
741,149,"",725,"",0,-1,-1,-1,-1,-1
742,149,"",908,"",0,-1,-1,-1,-1,-1
743,149,"",317,"",0,-1,-1,-1,-1,-1
744,149,"",737,"",0,-1,-1,-1,-1,-1
745,150,"",397,"",0,-1,-1,-1,-1,-1
746,150,"",569,"",0,-1,-1,-1,-1,-1
747,150,"",151,"",0,-1,-1,-1,-1,-1
748,150,"",51,"",0,-1,-1,-1,-1,-1
749,150,"",929,"",0,-1,-1,-1,-1,-1
750,150,"",32,"",0,-1,-1,-1,-1,-1
751,151,"",875,"",0,-1,-1,-1,-1,-1
752,151,"",217,"",0,-1,-1,-1,-1,-1
753,151,"",427,"",0,-1,-1,-1,-1,-1
754,151,"",623,"",0,-1,-1,-1,-1,-1
755,151,"",24,"",0,-1,-1,-1,-1,-1
756,151,"",312,"",0,-1,-1,-1,-1,-1
757,162,"",994,"",0,-1,-1,-1,-1,-1
758,162,"",954,"",0,-1,-1,-1,-1,-1
759,162,"",419,"",0,-1,-1,-1,-1,-1
760,162,"",139,"",0,-1,-1,-1,-1,-1
761,162,"",6,"",0,-1,-1,-1,-1,-1
762,162,"",928,"",0,-1,-1,-1,-1,-1
763,163,"",465,"",0,-1,-1,-1,-1,-1
764,163,"",576,"",0,-1,-1,-1,-1,-1
765,163,"",390,"",0,-1,-1,-1,-1,-1
766,163,"",926,"",0,-1,-1,-1,-1,-1
767,163,"",220,"",0,-1,-1,-1,-1,-1
768,163,"",13,"",0,-1,-1,-1,-1,-1
769,168,"",724,"",0,-1,-1,-1,-1,-1
770,168,"",865,"",0,-1,-1,-1,-1,-1
771,168,"",228,"",0,-1,-1,-1,-1,-1
772,168,"",515,"",0,-1,-1,-1,-1,-1
773,168,"",710,"",0,-1,-1,-1,-1,-1
774,168,"",773,"",0,-1,-1,-1,-1,-1
775,169,"",428,"",0,-1,-1,-1,-1,-1
776,169,"",987,"",0,-1,-1,-1,-1,-1
777,169,"",978,"",0,-1,-1,-1,-1,-1
778,169,"",632,"",0,-1,-1,-1,-1,-1
779,169,"",598,"",0,-1,-1,-1,-1,-1
780,169,"",228,"",0,-1,-1,-1,-1,-1
781,170,"",944,"",0,-1,-1,-1,-1,-1
782,170,"",474,"",0,-1,-1,-1,-1,-1
783,170,"",616,"",0,-1,-1,-1,-1,-1
784,170,"",173,"",0,-1,-1,-1,-1,-1
785,170,"",753,"",0,-1,-1,-1,-1,-1
786,170,"",69,"",0,-1,-1,-1,-1,-1
787,171,"",241,"",0,-1,-1,-1,-1,-1
788,171,"",766,"",0,-1,-1,-1,-1,-1
789,171,"",239,"",0,-1,-1,-1,-1,-1
790,171,"",24,"",0,-1,-1,-1,-1,-1
791,171,"",607,"",0,-1,-1,-1,-1,-1
792,171,"",767,"",0,-1,-1,-1,-1,-1
793,172,"",132,"",0,-1,-1,-1,-1,-1
794,172,"",13,"",0,-1,-1,-1,-1,-1
795,172,"",137,"",0,-1,-1,-1,-1,-1
796,172,"",683,"",0,-1,-1,-1,-1,-1
797,172,"",868,"",0,-1,-1,-1,-1,-1
798,172,"",91,"",0,-1,-1,-1,-1,-1
799,173,"",710,"",0,-1,-1,-1,-1,-1
800,173,"",21,"",0,-1,-1,-1,-1,-1
801,173,"",130,"",0,-1,-1,-1,-1,-1
802,173,"",33,"",0,-1,-1,-1,-1,-1
803,173,"",59,"",0,-1,-1,-1,-1,-1
804,173,"",302,"",0,-1,-1,-1,-1,-1
805,174,"",94,"",0,-1,-1,-1,-1,-1
806,174,"",129,"",0,-1,-1,-1,-1,-1
807,174,"",322,"",0,-1,-1,-1,-1,-1
808,174,"",52,"",0,-1,-1,-1,-1,-1
809,174,"",226,"",0,-1,-1,-1,-1,-1
810,174,"",548,"",0,-1,-1,-1,-1,-1
811,176,"",995,"",0,-1,-1,-1,-1,-1
812,176,"",914,"",0,-1,-1,-1,-1,-1
813,176,"",36,"",0,-1,-1,-1,-1,-1
814,176,"",234,"",0,-1,-1,-1,-1,-1
815,176,"",374,"",0,-1,-1,-1,-1,-1
816,176,"",875,"",0,-1,-1,-1,-1,-1
817,177,"",213,"",0,-1,-1,-1,-1,-1
818,177,"",802,"",0,-1,-1,-1,-1,-1
819,177,"",925,"",0,-1,-1,-1,-1,-1
820,177,"",930,"",0,-1,-1,-1,-1,-1
821,177,"",421,"",0,-1,-1,-1,-1,-1
822,177,"",586,"",0,-1,-1,-1,-1,-1
823,178,"",409,"",0,-1,-1,-1,-1,-1
824,178,"",341,"",0,-1,-1,-1,-1,-1
825,178,"",578,"",0,-1,-1,-1,-1,-1
826,178,"",479,"",0,-1,-1,-1,-1,-1
827,178,"",313,"",0,-1,-1,-1,-1,-1
828,178,"",701,"",0,-1,-1,-1,-1,-1
829,179,"",94,"",0,-1,-1,-1,-1,-1
830,179,"",688,"",0,-1,-1,-1,-1,-1
831,179,"",489,"",0,-1,-1,-1,-1,-1
832,179,"",365,"",0,-1,-1,-1,-1,-1
833,179,"",813,"",0,-1,-1,-1,-1,-1
834,179,"",28,"",0,-1,-1,-1,-1,-1
835,180,"",308,"",0,-1,-1,-1,-1,-1
836,180,"",811,"",0,-1,-1,-1,-1,-1
837,180,"",94,"",0,-1,-1,-1,-1,-1
838,180,"",242,"",0,-1,-1,-1,-1,-1
839,180,"",632,"",0,-1,-1,-1,-1,-1
840,180,"",865,"",0,-1,-1,-1,-1,-1
841,181,"",627,"",0,-1,-1,-1,-1,-1
842,181,"",437,"",0,-1,-1,-1,-1,-1
843,181,"",611,"",0,-1,-1,-1,-1,-1
844,181,"",228,"",0,-1,-1,-1,-1,-1
845,181,"",226,"",0,-1,-1,-1,-1,-1
846,181,"",112,"",0,-1,-1,-1,-1,-1
847,183,"",458,"",0,-1,-1,-1,-1,-1
848,183,"",749,"",0,-1,-1,-1,-1,-1
849,183,"",834,"",0,-1,-1,-1,-1,-1
850,183,"",474,"",0,-1,-1,-1,-1,-1
851,183,"",887,"",0,-1,-1,-1,-1,-1
852,183,"",954,"",0,-1,-1,-1,-1,-1
853,184,"",913,"",0,-1,-1,-1,-1,-1
854,184,"",235,"",0,-1,-1,-1,-1,-1
855,184,"",959,"",0,-1,-1,-1,-1,-1
856,184,"",75,"",0,-1,-1,-1,-1,-1
857,184,"",210,"",0,-1,-1,-1,-1,-1
858,184,"",407,"",0,-1,-1,-1,-1,-1
859,185,"",150,"",0,-1,-1,-1,-1,-1
860,185,"",38,"",0,-1,-1,-1,-1,-1
861,185,"",147,"",0,-1,-1,-1,-1,-1
862,185,"",455,"",0,-1,-1,-1,-1,-1
863,185,"",770,"",0,-1,-1,-1,-1,-1
864,185,"",563,"",0,-1,-1,-1,-1,-1
865,186,"",128,"",0,-1,-1,-1,-1,-1
866,186,"",918,"",0,-1,-1,-1,-1,-1
867,186,"",494,"",0,-1,-1,-1,-1,-1
868,186,"",878,"",0,-1,-1,-1,-1,-1
869,186,"",20,"",0,-1,-1,-1,-1,-1
870,186,"",758,"",0,-1,-1,-1,-1,-1
871,187,"",169,"",0,-1,-1,-1,-1,-1
872,187,"",412,"",0,-1,-1,-1,-1,-1
873,187,"",188,"",0,-1,-1,-1,-1,-1
874,187,"",705,"",0,-1,-1,-1,-1,-1
875,187,"",621,"",0,-1,-1,-1,-1,-1
876,187,"",683,"",0,-1,-1,-1,-1,-1
877,188,"",459,"",0,-1,-1,-1,-1,-1
878,188,"",700,"",0,-1,-1,-1,-1,-1
879,188,"",91,"",0,-1,-1,-1,-1,-1
880,188,"",370,"",0,-1,-1,-1,-1,-1
881,188,"",708,"",0,-1,-1,-1,-1,-1
882,188,"",868,"",0,-1,-1,-1,-1,-1
883,189,"",687,"",0,-1,-1,-1,-1,-1
884,189,"",392,"",0,-1,-1,-1,-1,-1
885,189,"",344,"",0,-1,-1,-1,-1,-1
886,189,"",377,"",0,-1,-1,-1,-1,-1
887,189,"",737,"",0,-1,-1,-1,-1,-1
888,189,"",942,"",0,-1,-1,-1,-1,-1
889,190,"",494,"",0,-1,-1,-1,-1,-1
890,190,"",133,"",0,-1,-1,-1,-1,-1
891,190,"",423,"",0,-1,-1,-1,-1,-1
892,190,"",142,"",0,-1,-1,-1,-1,-1
893,190,"",871,"",0,-1,-1,-1,-1,-1
894,190,"",731,"",0,-1,-1,-1,-1,-1
895,191,"",894,"",0,-1,-1,-1,-1,-1
896,191,"",731,"",0,-1,-1,-1,-1,-1
897,191,"",579,"",0,-1,-1,-1,-1,-1
898,191,"",310,"",0,-1,-1,-1,-1,-1
899,191,"",117,"",0,-1,-1,-1,-1,-1
900,191,"",396,"",0,-1,-1,-1,-1,-1
901,192,"",967,"",0,-1,-1,-1,-1,-1
902,192,"",722,"",0,-1,-1,-1,-1,-1
903,192,"",914,"",0,-1,-1,-1,-1,-1
904,192,"",15,"",0,-1,-1,-1,-1,-1
905,192,"",996,"",0,-1,-1,-1,-1,-1
906,192,"",135,"",0,-1,-1,-1,-1,-1
907,193,"",474,"",0,-1,-1,-1,-1,-1
908,193,"",629,"",0,-1,-1,-1,-1,-1
909,193,"",44,"",0,-1,-1,-1,-1,-1
910,193,"",16,"",0,-1,-1,-1,-1,-1
911,193,"",980,"",0,-1,-1,-1,-1,-1
912,193,"",51,"",0,-1,-1,-1,-1,-1
913,194,"",586,"",0,-1,-1,-1,-1,-1
914,194,"",218,"",0,-1,-1,-1,-1,-1
915,194,"",943,"",0,-1,-1,-1,-1,-1
916,194,"",225,"",0,-1,-1,-1,-1,-1
917,194,"",811,"",0,-1,-1,-1,-1,-1
918,194,"",57,"",0,-1,-1,-1,-1,-1
919,195,"",710,"",0,-1,-1,-1,-1,-1
920,195,"",345,"",0,-1,-1,-1,-1,-1
921,195,"",370,"",0,-1,-1,-1,-1,-1
922,195,"",894,"",0,-1,-1,-1,-1,-1
923,195,"",867,"",0,-1,-1,-1,-1,-1
924,195,"",72,"",0,-1,-1,-1,-1,-1
925,196,"",373,"",0,-1,-1,-1,-1,-1
926,196,"",605,"",0,-1,-1,-1,-1,-1
927,196,"",899,"",0,-1,-1,-1,-1,-1
928,196,"",228,"",0,-1,-1,-1,-1,-1
929,196,"",192,"",0,-1,-1,-1,-1,-1
930,196,"",876,"",0,-1,-1,-1,-1,-1
931,197,"",698,"",0,-1,-1,-1,-1,-1
932,197,"",227,"",0,-1,-1,-1,-1,-1
933,197,"",989,"",0,-1,-1,-1,-1,-1
934,197,"",743,"",0,-1,-1,-1,-1,-1
935,197,"",630,"",0,-1,-1,-1,-1,-1
936,197,"",719,"",0,-1,-1,-1,-1,-1
937,198,"",76,"",0,-1,-1,-1,-1,-1
938,198,"",890,"",0,-1,-1,-1,-1,-1
939,198,"",994,"",0,-1,-1,-1,-1,-1
940,198,"",569,"",0,-1,-1,-1,-1,-1
941,198,"",307,"",0,-1,-1,-1,-1,-1
942,198,"",422,"",0,-1,-1,-1,-1,-1
943,199,"",304,"",0,-1,-1,-1,-1,-1
944,199,"",985,"",0,-1,-1,-1,-1,-1
945,199,"",224,"",0,-1,-1,-1,-1,-1
946,199,"",844,"",0,-1,-1,-1,-1,-1
947,199,"",326,"",0,-1,-1,-1,-1,-1
948,199,"",60,"",0,-1,-1,-1,-1,-1
949,208,"",834,"",0,-1,-1,-1,-1,-1
950,208,"",598,"",0,-1,-1,-1,-1,-1
951,208,"",133,"",0,-1,-1,-1,-1,-1
952,208,"",489,"",0,-1,-1,-1,-1,-1
953,208,"",240,"",0,-1,-1,-1,-1,-1
954,208,"",890,"",0,-1,-1,-1,-1,-1
955,209,"",720,"",0,-1,-1,-1,-1,-1
956,209,"",197,"",0,-1,-1,-1,-1,-1
957,209,"",931,"",0,-1,-1,-1,-1,-1
958,209,"",835,"",0,-1,-1,-1,-1,-1
959,209,"",681,"",0,-1,-1,-1,-1,-1
960,209,"",21,"",0,-1,-1,-1,-1,-1
961,210,"",407,"",0,-1,-1,-1,-1,-1
962,210,"",697,"",0,-1,-1,-1,-1,-1
963,210,"",698,"",0,-1,-1,-1,-1,-1
964,210,"",766,"",0,-1,-1,-1,-1,-1
965,210,"",176,"",0,-1,-1,-1,-1,-1
966,210,"",490,"",0,-1,-1,-1,-1,-1
967,211,"",814,"",0,-1,-1,-1,-1,-1
968,211,"",127,"",0,-1,-1,-1,-1,-1
969,211,"",687,"",0,-1,-1,-1,-1,-1
970,211,"",892,"",0,-1,-1,-1,-1,-1
971,211,"",223,"",0,-1,-1,-1,-1,-1
972,211,"",711,"",0,-1,-1,-1,-1,-1
973,213,"",235,"",0,-1,-1,-1,-1,-1
974,213,"",772,"",0,-1,-1,-1,-1,-1
975,213,"",774,"",0,-1,-1,-1,-1,-1
976,213,"",675,"",0,-1,-1,-1,-1,-1
977,213,"",321,"",0,-1,-1,-1,-1,-1
978,213,"",179,"",0,-1,-1,-1,-1,-1
979,214,"",126,"",0,-1,-1,-1,-1,-1
980,214,"",929,"",0,-1,-1,-1,-1,-1
981,214,"",390,"",0,-1,-1,-1,-1,-1
982,214,"",747,"",0,-1,-1,-1,-1,-1
983,214,"",975,"",0,-1,-1,-1,-1,-1
984,214,"",219,"",0,-1,-1,-1,-1,-1
985,215,"",223,"",0,-1,-1,-1,-1,-1
986,215,"",60,"",0,-1,-1,-1,-1,-1
987,215,"",735,"",0,-1,-1,-1,-1,-1
988,215,"",778,"",0,-1,-1,-1,-1,-1
989,215,"",303,"",0,-1,-1,-1,-1,-1
990,215,"",168,"",0,-1,-1,-1,-1,-1
991,217,"",30,"",0,-1,-1,-1,-1,-1
992,217,"",993,"",0,-1,-1,-1,-1,-1
993,217,"",757,"",0,-1,-1,-1,-1,-1
994,217,"",21,"",0,-1,-1,-1,-1,-1
995,217,"",930,"",0,-1,-1,-1,-1,-1
996,217,"",316,"",0,-1,-1,-1,-1,-1
997,218,"",100,"",0,-1,-1,-1,-1,-1
998,218,"",882,"",0,-1,-1,-1,-1,-1
999,218,"",953,"",0,-1,-1,-1,-1,-1
1000,218,"",588,"",0,-1,-1,-1,-1,-1
1001,218,"",924,"",0,-1,-1,-1,-1,-1
1002,218,"",33,"",0,-1,-1,-1,-1,-1
1003,219,"",457,"",0,-1,-1,-1,-1,-1
1004,219,"",490,"",0,-1,-1,-1,-1,-1
1005,219,"",918,"",0,-1,-1,-1,-1,-1
1006,219,"",876,"",0,-1,-1,-1,-1,-1
1007,219,"",582,"",0,-1,-1,-1,-1,-1
1008,219,"",106,"",0,-1,-1,-1,-1,-1
1009,220,"",116,"",0,-1,-1,-1,-1,-1
1010,220,"",91,"",0,-1,-1,-1,-1,-1
1011,220,"",688,"",0,-1,-1,-1,-1,-1
1012,220,"",347,"",0,-1,-1,-1,-1,-1
1013,220,"",368,"",0,-1,-1,-1,-1,-1
1014,220,"",49,"",0,-1,-1,-1,-1,-1
1015,222,"",703,"",0,-1,-1,-1,-1,-1
1016,222,"",30,"",0,-1,-1,-1,-1,-1
1017,222,"",743,"",0,-1,-1,-1,-1,-1
1018,222,"",169,"",0,-1,-1,-1,-1,-1
1019,222,"",341,"",0,-1,-1,-1,-1,-1
1020,222,"",760,"",0,-1,-1,-1,-1,-1
1021,223,"",982,"",0,-1,-1,-1,-1,-1
1022,223,"",924,"",0,-1,-1,-1,-1,-1
1023,223,"",347,"",0,-1,-1,-1,-1,-1
1024,223,"",758,"",0,-1,-1,-1,-1,-1
1025,223,"",935,"",0,-1,-1,-1,-1,-1
1026,223,"",5,"",0,-1,-1,-1,-1,-1
1027,224,"",804,"",0,-1,-1,-1,-1,-1
1028,224,"",196,"",0,-1,-1,-1,-1,-1
1029,224,"",90,"",0,-1,-1,-1,-1,-1
1030,224,"",631,"",0,-1,-1,-1,-1,-1
1031,224,"",192,"",0,-1,-1,-1,-1,-1
1032,224,"",960,"",0,-1,-1,-1,-1,-1
1033,225,"",186,"",0,-1,-1,-1,-1,-1
1034,225,"",136,"",0,-1,-1,-1,-1,-1
1035,225,"",772,"",0,-1,-1,-1,-1,-1
1036,225,"",139,"",0,-1,-1,-1,-1,-1
1037,225,"",169,"",0,-1,-1,-1,-1,-1
1038,225,"",899,"",0,-1,-1,-1,-1,-1
1039,226,"",95,"",0,-1,-1,-1,-1,-1
1040,226,"",51,"",0,-1,-1,-1,-1,-1
1041,226,"",609,"",0,-1,-1,-1,-1,-1
1042,226,"",868,"",0,-1,-1,-1,-1,-1
1043,226,"",171,"",0,-1,-1,-1,-1,-1
1044,226,"",932,"",0,-1,-1,-1,-1,-1
1045,227,"",390,"",0,-1,-1,-1,-1,-1
1046,227,"",55,"",0,-1,-1,-1,-1,-1
1047,227,"",128,"",0,-1,-1,-1,-1,-1
1048,227,"",960,"",0,-1,-1,-1,-1,-1
1049,227,"",594,"",0,-1,-1,-1,-1,-1
1050,227,"",755,"",0,-1,-1,-1,-1,-1
1051,228,"",232,"",0,-1,-1,-1,-1,-1
1052,228,"",411,"",0,-1,-1,-1,-1,-1
1053,228,"",731,"",0,-1,-1,-1,-1,-1
1054,228,"",883,"",0,-1,-1,-1,-1,-1
1055,228,"",235,"",0,-1,-1,-1,-1,-1
1056,228,"",404,"",0,-1,-1,-1,-1,-1
1057,229,"",301,"",0,-1,-1,-1,-1,-1
1058,229,"",435,"",0,-1,-1,-1,-1,-1
1059,229,"",757,"",0,-1,-1,-1,-1,-1
1060,229,"",775,"",0,-1,-1,-1,-1,-1
1061,229,"",632,"",0,-1,-1,-1,-1,-1
1062,229,"",227,"",0,-1,-1,-1,-1,-1
1063,230,"",609,"",0,-1,-1,-1,-1,-1
1064,230,"",994,"",0,-1,-1,-1,-1,-1
1065,230,"",812,"",0,-1,-1,-1,-1,-1
1066,230,"",32,"",0,-1,-1,-1,-1,-1
1067,230,"",52,"",0,-1,-1,-1,-1,-1
1068,230,"",211,"",0,-1,-1,-1,-1,-1
1069,231,"",778,"",0,-1,-1,-1,-1,-1
1070,231,"",176,"",0,-1,-1,-1,-1,-1
1071,231,"",423,"",0,-1,-1,-1,-1,-1
1072,231,"",363,"",0,-1,-1,-1,-1,-1
1073,231,"",458,"",0,-1,-1,-1,-1,-1
1074,231,"",19,"",0,-1,-1,-1,-1,-1
1075,232,"",994,"",0,-1,-1,-1,-1,-1
1076,232,"",434,"",0,-1,-1,-1,-1,-1
1077,232,"",15,"",0,-1,-1,-1,-1,-1
1078,232,"",600,"",0,-1,-1,-1,-1,-1
1079,232,"",399,"",0,-1,-1,-1,-1,-1
1080,232,"",716,"",0,-1,-1,-1,-1,-1
1081,233,"",979,"",0,-1,-1,-1,-1,-1
1082,233,"",776,"",0,-1,-1,-1,-1,-1
1083,233,"",813,"",0,-1,-1,-1,-1,-1
1084,233,"",907,"",0,-1,-1,-1,-1,-1
1085,233,"",465,"",0,-1,-1,-1,-1,-1
1086,233,"",73,"",0,-1,-1,-1,-1,-1
1087,234,"",681,"",0,-1,-1,-1,-1,-1
1088,234,"",171,"",0,-1,-1,-1,-1,-1
1089,234,"",317,"",0,-1,-1,-1,-1,-1
1090,234,"",979,"",0,-1,-1,-1,-1,-1
1091,234,"",36,"",0,-1,-1,-1,-1,-1
1092,234,"",382,"",0,-1,-1,-1,-1,-1
1093,235,"",754,"",0,-1,-1,-1,-1,-1
1094,235,"",47,"",0,-1,-1,-1,-1,-1
1095,235,"",588,"",0,-1,-1,-1,-1,-1
1096,235,"",71,"",0,-1,-1,-1,-1,-1
1097,235,"",702,"",0,-1,-1,-1,-1,-1
1098,235,"",607,"",0,-1,-1,-1,-1,-1
1099,237,"",614,"",0,-1,-1,-1,-1,-1
1100,237,"",875,"",0,-1,-1,-1,-1,-1
1101,237,"",80,"",0,-1,-1,-1,-1,-1
1102,237,"",811,"",0,-1,-1,-1,-1,-1
1103,237,"",801,"",0,-1,-1,-1,-1,-1
1104,237,"",465,"",0,-1,-1,-1,-1,-1
1105,239,"",879,"",0,-1,-1,-1,-1,-1
1106,239,"",413,"",0,-1,-1,-1,-1,-1
1107,239,"",209,"",0,-1,-1,-1,-1,-1
1108,239,"",435,"",0,-1,-1,-1,-1,-1
1109,239,"",970,"",0,-1,-1,-1,-1,-1
1110,239,"",377,"",0,-1,-1,-1,-1,-1
1111,240,"",741,"",0,-1,-1,-1,-1,-1
1112,240,"",956,"",0,-1,-1,-1,-1,-1
1113,240,"",604,"",0,-1,-1,-1,-1,-1
1114,240,"",173,"",0,-1,-1,-1,-1,-1
1115,240,"",26,"",0,-1,-1,-1,-1,-1
1116,240,"",306,"",0,-1,-1,-1,-1,-1
1117,241,"",70,"",0,-1,-1,-1,-1,-1
1118,241,"",966,"",0,-1,-1,-1,-1,-1
1119,241,"",569,"",0,-1,-1,-1,-1,-1
1120,241,"",104,"",0,-1,-1,-1,-1,-1
1121,241,"",428,"",0,-1,-1,-1,-1,-1
1122,241,"",68,"",0,-1,-1,-1,-1,-1
1123,242,"",494,"",0,-1,-1,-1,-1,-1
1124,242,"",234,"",0,-1,-1,-1,-1,-1
1125,242,"",98,"",0,-1,-1,-1,-1,-1
1126,242,"",868,"",0,-1,-1,-1,-1,-1
1127,242,"",19,"",0,-1,-1,-1,-1,-1
1128,242,"",933,"",0,-1,-1,-1,-1,-1
1129,301,"",401,"",0,-1,-1,-1,-1,-1
1130,301,"",928,"",0,-1,-1,-1,-1,-1
1131,301,"",914,"",0,-1,-1,-1,-1,-1
1132,301,"",242,"",0,-1,-1,-1,-1,-1
1133,301,"",629,"",0,-1,-1,-1,-1,-1
1134,301,"",887,"",0,-1,-1,-1,-1,-1
1135,302,"",139,"",0,-1,-1,-1,-1,-1
1136,302,"",82,"",0,-1,-1,-1,-1,-1
1137,302,"",733,"",0,-1,-1,-1,-1,-1
1138,302,"",409,"",0,-1,-1,-1,-1,-1
1139,302,"",171,"",0,-1,-1,-1,-1,-1
1140,302,"",811,"",0,-1,-1,-1,-1,-1
1141,303,"",732,"",0,-1,-1,-1,-1,-1
1142,303,"",30,"",0,-1,-1,-1,-1,-1
1143,303,"",72,"",0,-1,-1,-1,-1,-1
1144,303,"",13,"",0,-1,-1,-1,-1,-1
1145,303,"",971,"",0,-1,-1,-1,-1,-1
1146,303,"",801,"",0,-1,-1,-1,-1,-1
1147,304,"",73,"",0,-1,-1,-1,-1,-1
1148,304,"",58,"",0,-1,-1,-1,-1,-1
1149,304,"",578,"",0,-1,-1,-1,-1,-1
1150,304,"",867,"",0,-1,-1,-1,-1,-1
1151,304,"",610,"",0,-1,-1,-1,-1,-1
1152,304,"",97,"",0,-1,-1,-1,-1,-1
1153,305,"",58,"",0,-1,-1,-1,-1,-1
1154,305,"",867,"",0,-1,-1,-1,-1,-1
1155,305,"",402,"",0,-1,-1,-1,-1,-1
1156,305,"",621,"",0,-1,-1,-1,-1,-1
1157,305,"",834,"",0,-1,-1,-1,-1,-1
1158,305,"",911,"",0,-1,-1,-1,-1,-1
1159,306,"",181,"",0,-1,-1,-1,-1,-1
1160,306,"",888,"",0,-1,-1,-1,-1,-1
1161,306,"",676,"",0,-1,-1,-1,-1,-1
1162,306,"",42,"",0,-1,-1,-1,-1,-1
1163,306,"",195,"",0,-1,-1,-1,-1,-1
1164,306,"",750,"",0,-1,-1,-1,-1,-1
1165,307,"",631,"",0,-1,-1,-1,-1,-1
1166,307,"",116,"",0,-1,-1,-1,-1,-1
1167,307,"",344,"",0,-1,-1,-1,-1,-1
1168,307,"",968,"",0,-1,-1,-1,-1,-1
1169,307,"",129,"",0,-1,-1,-1,-1,-1
1170,307,"",953,"",0,-1,-1,-1,-1,-1
1171,308,"",779,"",0,-1,-1,-1,-1,-1
1172,308,"",626,"",0,-1,-1,-1,-1,-1
1173,308,"",958,"",0,-1,-1,-1,-1,-1
1174,308,"",27,"",0,-1,-1,-1,-1,-1
1175,308,"",773,"",0,-1,-1,-1,-1,-1
1176,308,"",400,"",0,-1,-1,-1,-1,-1
1177,309,"",777,"",0,-1,-1,-1,-1,-1
1178,309,"",973,"",0,-1,-1,-1,-1,-1
1179,309,"",127,"",0,-1,-1,-1,-1,-1
1180,309,"",427,"",0,-1,-1,-1,-1,-1
1181,309,"",345,"",0,-1,-1,-1,-1,-1
1182,309,"",73,"",0,-1,-1,-1,-1,-1
1183,310,"",140,"",0,-1,-1,-1,-1,-1
1184,310,"",675,"",0,-1,-1,-1,-1,-1
1185,310,"",85,"",0,-1,-1,-1,-1,-1
1186,310,"",228,"",0,-1,-1,-1,-1,-1
1187,310,"",138,"",0,-1,-1,-1,-1,-1
1188,310,"",613,"",0,-1,-1,-1,-1,-1
1189,311,"",424,"",0,-1,-1,-1,-1,-1
1190,311,"",313,"",0,-1,-1,-1,-1,-1
1191,311,"",406,"",0,-1,-1,-1,-1,-1
1192,311,"",302,"",0,-1,-1,-1,-1,-1
1193,311,"",198,"",0,-1,-1,-1,-1,-1
1194,311,"",868,"",0,-1,-1,-1,-1,-1
1195,312,"",398,"",0,-1,-1,-1,-1,-1
1196,312,"",322,"",0,-1,-1,-1,-1,-1
1197,312,"",33,"",0,-1,-1,-1,-1,-1
1198,312,"",890,"",0,-1,-1,-1,-1,-1
1199,312,"",743,"",0,-1,-1,-1,-1,-1
1200,312,"",697,"",0,-1,-1,-1,-1,-1
1201,313,"",594,"",0,-1,-1,-1,-1,-1
1202,313,"",149,"",0,-1,-1,-1,-1,-1
1203,313,"",427,"",0,-1,-1,-1,-1,-1
1204,313,"",137,"",0,-1,-1,-1,-1,-1
1205,313,"",885,"",0,-1,-1,-1,-1,-1
1206,313,"",37,"",0,-1,-1,-1,-1,-1
1207,314,"",224,"",0,-1,-1,-1,-1,-1
1208,314,"",982,"",0,-1,-1,-1,-1,-1
1209,314,"",21,"",0,-1,-1,-1,-1,-1
1210,314,"",745,"",0,-1,-1,-1,-1,-1
1211,314,"",926,"",0,-1,-1,-1,-1,-1
1212,314,"",38,"",0,-1,-1,-1,-1,-1
1213,315,"",410,"",0,-1,-1,-1,-1,-1
1214,315,"",894,"",0,-1,-1,-1,-1,-1
1215,315,"",595,"",0,-1,-1,-1,-1,-1
1216,315,"",217,"",0,-1,-1,-1,-1,-1
1217,315,"",617,"",0,-1,-1,-1,-1,-1
1218,315,"",104,"",0,-1,-1,-1,-1,-1
1219,316,"",389,"",0,-1,-1,-1,-1,-1
1220,316,"",866,"",0,-1,-1,-1,-1,-1
1221,316,"",811,"",0,-1,-1,-1,-1,-1
1222,316,"",313,"",0,-1,-1,-1,-1,-1
1223,316,"",23,"",0,-1,-1,-1,-1,-1
1224,316,"",410,"",0,-1,-1,-1,-1,-1
1225,317,"",865,"",0,-1,-1,-1,-1,-1
1226,317,"",132,"",0,-1,-1,-1,-1,-1
1227,317,"",777,"",0,-1,-1,-1,-1,-1
1228,317,"",171,"",0,-1,-1,-1,-1,-1
1229,317,"",72,"",0,-1,-1,-1,-1,-1
1230,317,"",414,"",0,-1,-1,-1,-1,-1
1231,320,"",580,"",0,-1,-1,-1,-1,-1
1232,320,"",879,"",0,-1,-1,-1,-1,-1
1233,320,"",417,"",0,-1,-1,-1,-1,-1
1234,320,"",590,"",0,-1,-1,-1,-1,-1
1235,320,"",484,"",0,-1,-1,-1,-1,-1
1236,320,"",310,"",0,-1,-1,-1,-1,-1
1237,321,"",1,"",0,-1,-1,-1,-1,-1
1238,321,"",982,"",0,-1,-1,-1,-1,-1
1239,321,"",126,"",0,-1,-1,-1,-1,-1
1240,321,"",623,"",0,-1,-1,-1,-1,-1
1241,321,"",597,"",0,-1,-1,-1,-1,-1
1242,321,"",767,"",0,-1,-1,-1,-1,-1
1243,322,"",802,"",0,-1,-1,-1,-1,-1
1244,322,"",611,"",0,-1,-1,-1,-1,-1
1245,322,"",573,"",0,-1,-1,-1,-1,-1
1246,322,"",162,"",0,-1,-1,-1,-1,-1
1247,322,"",972,"",0,-1,-1,-1,-1,-1
1248,322,"",598,"",0,-1,-1,-1,-1,-1
1249,325,"",3,"",0,-1,-1,-1,-1,-1
1250,325,"",877,"",0,-1,-1,-1,-1,-1
1251,325,"",399,"",0,-1,-1,-1,-1,-1
1252,325,"",402,"",0,-1,-1,-1,-1,-1
1253,325,"",885,"",0,-1,-1,-1,-1,-1
1254,325,"",615,"",0,-1,-1,-1,-1,-1
1255,326,"",232,"",0,-1,-1,-1,-1,-1
1256,326,"",320,"",0,-1,-1,-1,-1,-1
1257,326,"",716,"",0,-1,-1,-1,-1,-1
1258,326,"",611,"",0,-1,-1,-1,-1,-1
1259,326,"",609,"",0,-1,-1,-1,-1,-1
1260,326,"",36,"",0,-1,-1,-1,-1,-1
1261,328,"",349,"",0,-1,-1,-1,-1,-1
1262,328,"",492,"",0,-1,-1,-1,-1,-1
1263,328,"",61,"",0,-1,-1,-1,-1,-1
1264,328,"",906,"",0,-1,-1,-1,-1,-1
1265,328,"",2,"",0,-1,-1,-1,-1,-1
1266,328,"",315,"",0,-1,-1,-1,-1,-1
1267,338,"",910,"",0,-1,-1,-1,-1,-1
1268,338,"",72,"",0,-1,-1,-1,-1,-1
1269,338,"",118,"",0,-1,-1,-1,-1,-1
1270,338,"",408,"",0,-1,-1,-1,-1,-1
1271,338,"",84,"",0,-1,-1,-1,-1,-1
1272,338,"",345,"",0,-1,-1,-1,-1,-1
1273,341,"",129,"",0,-1,-1,-1,-1,-1
1274,341,"",679,"",0,-1,-1,-1,-1,-1
1275,341,"",622,"",0,-1,-1,-1,-1,-1
1276,341,"",325,"",0,-1,-1,-1,-1,-1
1277,341,"",450,"",0,-1,-1,-1,-1,-1
1278,341,"",428,"",0,-1,-1,-1,-1,-1
1279,342,"",943,"",0,-1,-1,-1,-1,-1
1280,342,"",779,"",0,-1,-1,-1,-1,-1
1281,342,"",812,"",0,-1,-1,-1,-1,-1
1282,342,"",627,"",0,-1,-1,-1,-1,-1
1283,342,"",306,"",0,-1,-1,-1,-1,-1
1284,342,"",49,"",0,-1,-1,-1,-1,-1
1285,343,"",744,"",0,-1,-1,-1,-1,-1
1286,343,"",378,"",0,-1,-1,-1,-1,-1
1287,343,"",579,"",0,-1,-1,-1,-1,-1
1288,343,"",906,"",0,-1,-1,-1,-1,-1
1289,343,"",461,"",0,-1,-1,-1,-1,-1
1290,343,"",412,"",0,-1,-1,-1,-1,-1
1291,344,"",26,"",0,-1,-1,-1,-1,-1
1292,344,"",42,"",0,-1,-1,-1,-1,-1
1293,344,"",774,"",0,-1,-1,-1,-1,-1
1294,344,"",215,"",0,-1,-1,-1,-1,-1
1295,344,"",989,"",0,-1,-1,-1,-1,-1
1296,344,"",909,"",0,-1,-1,-1,-1,-1
1297,345,"",144,"",0,-1,-1,-1,-1,-1
1298,345,"",421,"",0,-1,-1,-1,-1,-1
1299,345,"",778,"",0,-1,-1,-1,-1,-1
1300,345,"",83,"",0,-1,-1,-1,-1,-1
1301,345,"",36,"",0,-1,-1,-1,-1,-1
1302,345,"",515,"",0,-1,-1,-1,-1,-1
1303,346,"",437,"",0,-1,-1,-1,-1,-1
1304,346,"",377,"",0,-1,-1,-1,-1,-1
1305,346,"",802,"",0,-1,-1,-1,-1,-1
1306,346,"",885,"",0,-1,-1,-1,-1,-1
1307,346,"",301,"",0,-1,-1,-1,-1,-1
1308,346,"",773,"",0,-1,-1,-1,-1,-1
1309,347,"",894,"",0,-1,-1,-1,-1,-1
1310,347,"",69,"",0,-1,-1,-1,-1,-1
1311,347,"",835,"",0,-1,-1,-1,-1,-1
1312,347,"",756,"",0,-1,-1,-1,-1,-1
1313,347,"",926,"",0,-1,-1,-1,-1,-1
1314,347,"",912,"",0,-1,-1,-1,-1,-1
1315,348,"",771,"",0,-1,-1,-1,-1,-1
1316,348,"",701,"",0,-1,-1,-1,-1,-1
1317,348,"",931,"",0,-1,-1,-1,-1,-1
1318,348,"",163,"",0,-1,-1,-1,-1,-1
1319,348,"",750,"",0,-1,-1,-1,-1,-1
1320,348,"",670,"",0,-1,-1,-1,-1,-1
1321,349,"",772,"",0,-1,-1,-1,-1,-1
1322,349,"",224,"",0,-1,-1,-1,-1,-1
1323,349,"",304,"",0,-1,-1,-1,-1,-1
1324,349,"",454,"",0,-1,-1,-1,-1,-1
1325,349,"",999,"",0,-1,-1,-1,-1,-1
1326,349,"",892,"",0,-1,-1,-1,-1,-1
1327,359,"",610,"",0,-1,-1,-1,-1,-1
1328,359,"",992,"",0,-1,-1,-1,-1,-1
1329,359,"",388,"",0,-1,-1,-1,-1,-1
1330,359,"",703,"",0,-1,-1,-1,-1,-1
1331,359,"",145,"",0,-1,-1,-1,-1,-1
1332,359,"",990,"",0,-1,-1,-1,-1,-1
1333,361,"",595,"",0,-1,-1,-1,-1,-1
1334,361,"",727,"",0,-1,-1,-1,-1,-1
1335,361,"",130,"",0,-1,-1,-1,-1,-1
1336,361,"",728,"",0,-1,-1,-1,-1,-1
1337,361,"",171,"",0,-1,-1,-1,-1,-1
1338,361,"",240,"",0,-1,-1,-1,-1,-1
1339,363,"",104,"",0,-1,-1,-1,-1,-1
1340,363,"",564,"",0,-1,-1,-1,-1,-1
1341,363,"",77,"",0,-1,-1,-1,-1,-1
1342,363,"",180,"",0,-1,-1,-1,-1,-1
1343,363,"",586,"",0,-1,-1,-1,-1,-1
1344,363,"",993,"",0,-1,-1,-1,-1,-1
1345,364,"",954,"",0,-1,-1,-1,-1,-1
1346,364,"",963,"",0,-1,-1,-1,-1,-1
1347,364,"",733,"",0,-1,-1,-1,-1,-1
1348,364,"",705,"",0,-1,-1,-1,-1,-1
1349,364,"",463,"",0,-1,-1,-1,-1,-1
1350,364,"",321,"",0,-1,-1,-1,-1,-1
1351,365,"",74,"",0,-1,-1,-1,-1,-1
1352,365,"",758,"",0,-1,-1,-1,-1,-1
1353,365,"",669,"",0,-1,-1,-1,-1,-1
1354,365,"",881,"",0,-1,-1,-1,-1,-1
1355,365,"",50,"",0,-1,-1,-1,-1,-1
1356,365,"",979,"",0,-1,-1,-1,-1,-1
1357,367,"",868,"",0,-1,-1,-1,-1,-1
1358,367,"",770,"",0,-1,-1,-1,-1,-1
1359,367,"",917,"",0,-1,-1,-1,-1,-1
1360,367,"",234,"",0,-1,-1,-1,-1,-1
1361,367,"",148,"",0,-1,-1,-1,-1,-1
1362,367,"",973,"",0,-1,-1,-1,-1,-1
1363,368,"",579,"",0,-1,-1,-1,-1,-1
1364,368,"",144,"",0,-1,-1,-1,-1,-1
1365,368,"",219,"",0,-1,-1,-1,-1,-1
1366,368,"",733,"",0,-1,-1,-1,-1,-1
1367,368,"",990,"",0,-1,-1,-1,-1,-1
1368,368,"",777,"",0,-1,-1,-1,-1,-1
1369,369,"",163,"",0,-1,-1,-1,-1,-1
1370,369,"",314,"",0,-1,-1,-1,-1,-1
1371,369,"",426,"",0,-1,-1,-1,-1,-1
1372,369,"",704,"",0,-1,-1,-1,-1,-1
1373,369,"",727,"",0,-1,-1,-1,-1,-1
1374,369,"",43,"",0,-1,-1,-1,-1,-1
1375,370,"",47,"",0,-1,-1,-1,-1,-1
1376,370,"",745,"",0,-1,-1,-1,-1,-1
1377,370,"",191,"",0,-1,-1,-1,-1,-1
1378,370,"",936,"",0,-1,-1,-1,-1,-1
1379,370,"",365,"",0,-1,-1,-1,-1,-1
1380,370,"",577,"",0,-1,-1,-1,-1,-1
1381,371,"",883,"",0,-1,-1,-1,-1,-1
1382,371,"",237,"",0,-1,-1,-1,-1,-1
1383,371,"",622,"",0,-1,-1,-1,-1,-1
1384,371,"",767,"",0,-1,-1,-1,-1,-1
1385,371,"",981,"",0,-1,-1,-1,-1,-1
1386,371,"",889,"",0,-1,-1,-1,-1,-1
1387,372,"",184,"",0,-1,-1,-1,-1,-1
1388,372,"",939,"",0,-1,-1,-1,-1,-1
1389,372,"",51,"",0,-1,-1,-1,-1,-1
1390,372,"",926,"",0,-1,-1,-1,-1,-1
1391,372,"",963,"",0,-1,-1,-1,-1,-1
1392,372,"",148,"",0,-1,-1,-1,-1,-1
1393,373,"",130,"",0,-1,-1,-1,-1,-1
1394,373,"",223,"",0,-1,-1,-1,-1,-1
1395,373,"",909,"",0,-1,-1,-1,-1,-1
1396,373,"",419,"",0,-1,-1,-1,-1,-1
1397,373,"",777,"",0,-1,-1,-1,-1,-1
1398,373,"",891,"",0,-1,-1,-1,-1,-1
1399,374,"",602,"",0,-1,-1,-1,-1,-1
1400,374,"",194,"",0,-1,-1,-1,-1,-1
1401,374,"",935,"",0,-1,-1,-1,-1,-1
1402,374,"",742,"",0,-1,-1,-1,-1,-1
1403,374,"",411,"",0,-1,-1,-1,-1,-1
1404,374,"",809,"",0,-1,-1,-1,-1,-1
1405,375,"",962,"",0,-1,-1,-1,-1,-1
1406,375,"",106,"",0,-1,-1,-1,-1,-1
1407,375,"",883,"",0,-1,-1,-1,-1,-1
1408,375,"",118,"",0,-1,-1,-1,-1,-1
1409,375,"",240,"",0,-1,-1,-1,-1,-1
1410,375,"",961,"",0,-1,-1,-1,-1,-1
1411,376,"",582,"",0,-1,-1,-1,-1,-1
1412,376,"",602,"",0,-1,-1,-1,-1,-1
1413,376,"",584,"",0,-1,-1,-1,-1,-1
1414,376,"",364,"",0,-1,-1,-1,-1,-1
1415,376,"",669,"",0,-1,-1,-1,-1,-1
1416,376,"",944,"",0,-1,-1,-1,-1,-1
1417,377,"",943,"",0,-1,-1,-1,-1,-1
1418,377,"",742,"",0,-1,-1,-1,-1,-1
1419,377,"",387,"",0,-1,-1,-1,-1,-1
1420,377,"",39,"",0,-1,-1,-1,-1,-1
1421,377,"",424,"",0,-1,-1,-1,-1,-1
1422,377,"",976,"",0,-1,-1,-1,-1,-1
1423,378,"",669,"",0,-1,-1,-1,-1,-1
1424,378,"",997,"",0,-1,-1,-1,-1,-1
1425,378,"",422,"",0,-1,-1,-1,-1,-1
1426,378,"",39,"",0,-1,-1,-1,-1,-1
1427,378,"",675,"",0,-1,-1,-1,-1,-1
1428,378,"",399,"",0,-1,-1,-1,-1,-1
1429,379,"",215,"",0,-1,-1,-1,-1,-1
1430,379,"",184,"",0,-1,-1,-1,-1,-1
1431,379,"",607,"",0,-1,-1,-1,-1,-1
1432,379,"",397,"",0,-1,-1,-1,-1,-1
1433,379,"",873,"",0,-1,-1,-1,-1,-1
1434,379,"",739,"",0,-1,-1,-1,-1,-1
1435,380,"",454,"",0,-1,-1,-1,-1,-1
1436,380,"",118,"",0,-1,-1,-1,-1,-1
1437,380,"",877,"",0,-1,-1,-1,-1,-1
1438,380,"",996,"",0,-1,-1,-1,-1,-1
1439,380,"",723,"",0,-1,-1,-1,-1,-1
1440,380,"",127,"",0,-1,-1,-1,-1,-1
1441,382,"",709,"",0,-1,-1,-1,-1,-1
1442,382,"",377,"",0,-1,-1,-1,-1,-1
1443,382,"",92,"",0,-1,-1,-1,-1,-1
1444,382,"",42,"",0,-1,-1,-1,-1,-1
1445,382,"",576,"",0,-1,-1,-1,-1,-1
1446,382,"",758,"",0,-1,-1,-1,-1,-1
1447,383,"",146,"",0,-1,-1,-1,-1,-1
1448,383,"",403,"",0,-1,-1,-1,-1,-1
1449,383,"",459,"",0,-1,-1,-1,-1,-1
1450,383,"",328,"",0,-1,-1,-1,-1,-1
1451,383,"",422,"",0,-1,-1,-1,-1,-1
1452,383,"",888,"",0,-1,-1,-1,-1,-1
1453,385,"",424,"",0,-1,-1,-1,-1,-1
1454,385,"",918,"",0,-1,-1,-1,-1,-1
1455,385,"",82,"",0,-1,-1,-1,-1,-1
1456,385,"",176,"",0,-1,-1,-1,-1,-1
1457,385,"",438,"",0,-1,-1,-1,-1,-1
1458,385,"",601,"",0,-1,-1,-1,-1,-1
1459,387,"",968,"",0,-1,-1,-1,-1,-1
1460,387,"",302,"",0,-1,-1,-1,-1,-1
1461,387,"",186,"",0,-1,-1,-1,-1,-1
1462,387,"",682,"",0,-1,-1,-1,-1,-1
1463,387,"",150,"",0,-1,-1,-1,-1,-1
1464,387,"",623,"",0,-1,-1,-1,-1,-1
1465,388,"",38,"",0,-1,-1,-1,-1,-1
1466,388,"",95,"",0,-1,-1,-1,-1,-1
1467,388,"",208,"",0,-1,-1,-1,-1,-1
1468,388,"",434,"",0,-1,-1,-1,-1,-1
1469,388,"",185,"",0,-1,-1,-1,-1,-1
1470,388,"",103,"",0,-1,-1,-1,-1,-1
1471,389,"",677,"",0,-1,-1,-1,-1,-1
1472,389,"",434,"",0,-1,-1,-1,-1,-1
1473,389,"",749,"",0,-1,-1,-1,-1,-1
1474,389,"",806,"",0,-1,-1,-1,-1,-1
1475,389,"",755,"",0,-1,-1,-1,-1,-1
1476,389,"",128,"",0,-1,-1,-1,-1,-1
1477,390,"",139,"",0,-1,-1,-1,-1,-1
1478,390,"",941,"",0,-1,-1,-1,-1,-1
1479,390,"",233,"",0,-1,-1,-1,-1,-1
1480,390,"",896,"",0,-1,-1,-1,-1,-1
1481,390,"",429,"",0,-1,-1,-1,-1,-1
1482,390,"",871,"",0,-1,-1,-1,-1,-1
1483,391,"",306,"",0,-1,-1,-1,-1,-1
1484,391,"",52,"",0,-1,-1,-1,-1,-1
1485,391,"",405,"",0,-1,-1,-1,-1,-1
1486,391,"",174,"",0,-1,-1,-1,-1,-1
1487,391,"",195,"",0,-1,-1,-1,-1,-1
1488,391,"",811,"",0,-1,-1,-1,-1,-1
1489,392,"",993,"",0,-1,-1,-1,-1,-1
1490,392,"",150,"",0,-1,-1,-1,-1,-1
1491,392,"",966,"",0,-1,-1,-1,-1,-1
1492,392,"",629,"",0,-1,-1,-1,-1,-1
1493,392,"",913,"",0,-1,-1,-1,-1,-1
1494,392,"",55,"",0,-1,-1,-1,-1,-1
1495,393,"",771,"",0,-1,-1,-1,-1,-1
1496,393,"",966,"",0,-1,-1,-1,-1,-1
1497,393,"",176,"",0,-1,-1,-1,-1,-1
1498,393,"",682,"",0,-1,-1,-1,-1,-1
1499,393,"",220,"",0,-1,-1,-1,-1,-1
1500,393,"",137,"",0,-1,-1,-1,-1,-1
1501,394,"",863,"",0,-1,-1,-1,-1,-1
1502,394,"",677,"",0,-1,-1,-1,-1,-1
1503,394,"",59,"",0,-1,-1,-1,-1,-1
1504,394,"",983,"",0,-1,-1,-1,-1,-1
1505,394,"",879,"",0,-1,-1,-1,-1,-1
1506,394,"",969,"",0,-1,-1,-1,-1,-1
1507,395,"",140,"",0,-1,-1,-1,-1,-1
1508,395,"",880,"",0,-1,-1,-1,-1,-1
1509,395,"",722,"",0,-1,-1,-1,-1,-1
1510,395,"",407,"",0,-1,-1,-1,-1,-1
1511,395,"",151,"",0,-1,-1,-1,-1,-1
1512,395,"",377,"",0,-1,-1,-1,-1,-1
1513,396,"",709,"",0,-1,-1,-1,-1,-1
1514,396,"",227,"",0,-1,-1,-1,-1,-1
1515,396,"",927,"",0,-1,-1,-1,-1,-1
1516,396,"",28,"",0,-1,-1,-1,-1,-1
1517,396,"",144,"",0,-1,-1,-1,-1,-1
1518,396,"",601,"",0,-1,-1,-1,-1,-1
1519,397,"",453,"",0,-1,-1,-1,-1,-1
1520,397,"",883,"",0,-1,-1,-1,-1,-1
1521,397,"",171,"",0,-1,-1,-1,-1,-1
1522,397,"",188,"",0,-1,-1,-1,-1,-1
1523,397,"",394,"",0,-1,-1,-1,-1,-1
1524,397,"",407,"",0,-1,-1,-1,-1,-1
1525,398,"",420,"",0,-1,-1,-1,-1,-1
1526,398,"",597,"",0,-1,-1,-1,-1,-1
1527,398,"",875,"",0,-1,-1,-1,-1,-1
1528,398,"",126,"",0,-1,-1,-1,-1,-1
1529,398,"",147,"",0,-1,-1,-1,-1,-1
1530,398,"",773,"",0,-1,-1,-1,-1,-1
1531,399,"",58,"",0,-1,-1,-1,-1,-1
1532,399,"",735,"",0,-1,-1,-1,-1,-1
1533,399,"",966,"",0,-1,-1,-1,-1,-1
1534,399,"",151,"",0,-1,-1,-1,-1,-1
1535,399,"",465,"",0,-1,-1,-1,-1,-1
1536,399,"",97,"",0,-1,-1,-1,-1,-1
1537,400,"",760,"",0,-1,-1,-1,-1,-1
1538,400,"",679,"",0,-1,-1,-1,-1,-1
1539,400,"",745,"",0,-1,-1,-1,-1,-1
1540,400,"",699,"",0,-1,-1,-1,-1,-1
1541,400,"",240,"",0,-1,-1,-1,-1,-1
1542,400,"",775,"",0,-1,-1,-1,-1,-1
1543,401,"",370,"",0,-1,-1,-1,-1,-1
1544,401,"",809,"",0,-1,-1,-1,-1,-1
1545,401,"",68,"",0,-1,-1,-1,-1,-1
1546,401,"",13,"",0,-1,-1,-1,-1,-1
1547,401,"",385,"",0,-1,-1,-1,-1,-1
1548,401,"",317,"",0,-1,-1,-1,-1,-1
1549,402,"",172,"",0,-1,-1,-1,-1,-1
1550,402,"",85,"",0,-1,-1,-1,-1,-1
1551,402,"",704,"",0,-1,-1,-1,-1,-1
1552,402,"",78,"",0,-1,-1,-1,-1,-1
1553,402,"",70,"",0,-1,-1,-1,-1,-1
1554,402,"",871,"",0,-1,-1,-1,-1,-1
1555,403,"",368,"",0,-1,-1,-1,-1,-1
1556,403,"",884,"",0,-1,-1,-1,-1,-1
1557,403,"",344,"",0,-1,-1,-1,-1,-1
1558,403,"",868,"",0,-1,-1,-1,-1,-1
1559,403,"",914,"",0,-1,-1,-1,-1,-1
1560,403,"",113,"",0,-1,-1,-1,-1,-1
1561,404,"",936,"",0,-1,-1,-1,-1,-1
1562,404,"",438,"",0,-1,-1,-1,-1,-1
1563,404,"",209,"",0,-1,-1,-1,-1,-1
1564,404,"",928,"",0,-1,-1,-1,-1,-1
1565,404,"",130,"",0,-1,-1,-1,-1,-1
1566,404,"",431,"",0,-1,-1,-1,-1,-1
1567,405,"",548,"",0,-1,-1,-1,-1,-1
1568,405,"",580,"",0,-1,-1,-1,-1,-1
1569,405,"",230,"",0,-1,-1,-1,-1,-1
1570,405,"",778,"",0,-1,-1,-1,-1,-1
1571,405,"",347,"",0,-1,-1,-1,-1,-1
1572,405,"",412,"",0,-1,-1,-1,-1,-1
1573,406,"",145,"",0,-1,-1,-1,-1,-1
1574,406,"",234,"",0,-1,-1,-1,-1,-1
1575,406,"",95,"",0,-1,-1,-1,-1,-1
1576,406,"",17,"",0,-1,-1,-1,-1,-1
1577,406,"",343,"",0,-1,-1,-1,-1,-1
1578,406,"",130,"",0,-1,-1,-1,-1,-1
1579,407,"",44,"",0,-1,-1,-1,-1,-1
1580,407,"",884,"",0,-1,-1,-1,-1,-1
1581,407,"",880,"",0,-1,-1,-1,-1,-1
1582,407,"",385,"",0,-1,-1,-1,-1,-1
1583,407,"",82,"",0,-1,-1,-1,-1,-1
1584,407,"",321,"",0,-1,-1,-1,-1,-1
1585,408,"",240,"",0,-1,-1,-1,-1,-1
1586,408,"",890,"",0,-1,-1,-1,-1,-1
1587,408,"",914,"",0,-1,-1,-1,-1,-1
1588,408,"",964,"",0,-1,-1,-1,-1,-1
1589,408,"",53,"",0,-1,-1,-1,-1,-1
1590,408,"",179,"",0,-1,-1,-1,-1,-1
1591,409,"",53,"",0,-1,-1,-1,-1,-1
1592,409,"",213,"",0,-1,-1,-1,-1,-1
1593,409,"",405,"",0,-1,-1,-1,-1,-1
1594,409,"",772,"",0,-1,-1,-1,-1,-1
1595,409,"",989,"",0,-1,-1,-1,-1,-1
1596,409,"",373,"",0,-1,-1,-1,-1,-1
1597,410,"",215,"",0,-1,-1,-1,-1,-1
1598,410,"",981,"",0,-1,-1,-1,-1,-1
1599,410,"",766,"",0,-1,-1,-1,-1,-1
1600,410,"",755,"",0,-1,-1,-1,-1,-1
1601,410,"",95,"",0,-1,-1,-1,-1,-1
1602,410,"",705,"",0,-1,-1,-1,-1,-1
1603,411,"",6,"",0,-1,-1,-1,-1,-1
1604,411,"",46,"",0,-1,-1,-1,-1,-1
1605,411,"",421,"",0,-1,-1,-1,-1,-1
1606,411,"",149,"",0,-1,-1,-1,-1,-1
1607,411,"",569,"",0,-1,-1,-1,-1,-1
1608,411,"",708,"",0,-1,-1,-1,-1,-1
1609,412,"",126,"",0,-1,-1,-1,-1,-1
1610,412,"",2,"",0,-1,-1,-1,-1,-1
1611,412,"",894,"",0,-1,-1,-1,-1,-1
1612,412,"",57,"",0,-1,-1,-1,-1,-1
1613,412,"",214,"",0,-1,-1,-1,-1,-1
1614,412,"",187,"",0,-1,-1,-1,-1,-1
1615,413,"",866,"",0,-1,-1,-1,-1,-1
1616,413,"",754,"",0,-1,-1,-1,-1,-1
1617,413,"",44,"",0,-1,-1,-1,-1,-1
1618,413,"",453,"",0,-1,-1,-1,-1,-1
1619,413,"",234,"",0,-1,-1,-1,-1,-1
1620,413,"",4,"",0,-1,-1,-1,-1,-1
1621,414,"",431,"",0,-1,-1,-1,-1,-1
1622,414,"",929,"",0,-1,-1,-1,-1,-1
1623,414,"",68,"",0,-1,-1,-1,-1,-1
1624,414,"",46,"",0,-1,-1,-1,-1,-1
1625,414,"",577,"",0,-1,-1,-1,-1,-1
1626,414,"",779,"",0,-1,-1,-1,-1,-1
1627,416,"",2,"",0,-1,-1,-1,-1,-1
1628,416,"",129,"",0,-1,-1,-1,-1,-1
1629,416,"",168,"",0,-1,-1,-1,-1,-1
1630,416,"",424,"",0,-1,-1,-1,-1,-1
1631,416,"",454,"",0,-1,-1,-1,-1,-1
1632,416,"",926,"",0,-1,-1,-1,-1,-1
1633,417,"",934,"",0,-1,-1,-1,-1,-1
1634,417,"",737,"",0,-1,-1,-1,-1,-1
1635,417,"",15,"",0,-1,-1,-1,-1,-1
1636,417,"",408,"",0,-1,-1,-1,-1,-1
1637,417,"",113,"",0,-1,-1,-1,-1,-1
1638,417,"",60,"",0,-1,-1,-1,-1,-1
1639,419,"",972,"",0,-1,-1,-1,-1,-1
1640,419,"",767,"",0,-1,-1,-1,-1,-1
1641,419,"",6,"",0,-1,-1,-1,-1,-1
1642,419,"",172,"",0,-1,-1,-1,-1,-1
1643,419,"",725,"",0,-1,-1,-1,-1,-1
1644,419,"",891,"",0,-1,-1,-1,-1,-1
1645,420,"",771,"",0,-1,-1,-1,-1,-1
1646,420,"",187,"",0,-1,-1,-1,-1,-1
1647,420,"",395,"",0,-1,-1,-1,-1,-1
1648,420,"",141,"",0,-1,-1,-1,-1,-1
1649,420,"",956,"",0,-1,-1,-1,-1,-1
1650,420,"",584,"",0,-1,-1,-1,-1,-1
1651,421,"",627,"",0,-1,-1,-1,-1,-1
1652,421,"",491,"",0,-1,-1,-1,-1,-1
1653,421,"",69,"",0,-1,-1,-1,-1,-1
1654,421,"",844,"",0,-1,-1,-1,-1,-1
1655,421,"",151,"",0,-1,-1,-1,-1,-1
1656,421,"",219,"",0,-1,-1,-1,-1,-1
1657,422,"",98,"",0,-1,-1,-1,-1,-1
1658,422,"",867,"",0,-1,-1,-1,-1,-1
1659,422,"",730,"",0,-1,-1,-1,-1,-1
1660,422,"",962,"",0,-1,-1,-1,-1,-1
1661,422,"",492,"",0,-1,-1,-1,-1,-1
1662,422,"",240,"",0,-1,-1,-1,-1,-1
1663,423,"",403,"",0,-1,-1,-1,-1,-1
1664,423,"",931,"",0,-1,-1,-1,-1,-1
1665,423,"",191,"",0,-1,-1,-1,-1,-1
1666,423,"",629,"",0,-1,-1,-1,-1,-1
1667,423,"",459,"",0,-1,-1,-1,-1,-1
1668,423,"",434,"",0,-1,-1,-1,-1,-1
1669,424,"",679,"",0,-1,-1,-1,-1,-1
1670,424,"",411,"",0,-1,-1,-1,-1,-1
1671,424,"",402,"",0,-1,-1,-1,-1,-1
1672,424,"",106,"",0,-1,-1,-1,-1,-1
1673,424,"",710,"",0,-1,-1,-1,-1,-1
1674,424,"",753,"",0,-1,-1,-1,-1,-1
1675,425,"",315,"",0,-1,-1,-1,-1,-1
1676,425,"",405,"",0,-1,-1,-1,-1,-1
1677,425,"",42,"",0,-1,-1,-1,-1,-1
1678,425,"",127,"",0,-1,-1,-1,-1,-1
1679,425,"",588,"",0,-1,-1,-1,-1,-1
1680,425,"",484,"",0,-1,-1,-1,-1,-1
1681,426,"",766,"",0,-1,-1,-1,-1,-1
1682,426,"",703,"",0,-1,-1,-1,-1,-1
1683,426,"",963,"",0,-1,-1,-1,-1,-1
1684,426,"",19,"",0,-1,-1,-1,-1,-1
1685,426,"",711,"",0,-1,-1,-1,-1,-1
1686,426,"",385,"",0,-1,-1,-1,-1,-1
1687,427,"",385,"",0,-1,-1,-1,-1,-1
1688,427,"",577,"",0,-1,-1,-1,-1,-1
1689,427,"",801,"",0,-1,-1,-1,-1,-1
1690,427,"",613,"",0,-1,-1,-1,-1,-1
1691,427,"",438,"",0,-1,-1,-1,-1,-1
1692,427,"",34,"",0,-1,-1,-1,-1,-1
1693,428,"",130,"",0,-1,-1,-1,-1,-1
1694,428,"",814,"",0,-1,-1,-1,-1,-1
1695,428,"",30,"",0,-1,-1,-1,-1,-1
1696,428,"",147,"",0,-1,-1,-1,-1,-1
1697,428,"",86,"",0,-1,-1,-1,-1,-1
1698,428,"",198,"",0,-1,-1,-1,-1,-1
1699,429,"",58,"",0,-1,-1,-1,-1,-1
1700,429,"",138,"",0,-1,-1,-1,-1,-1
1701,429,"",425,"",0,-1,-1,-1,-1,-1
1702,429,"",20,"",0,-1,-1,-1,-1,-1
1703,429,"",48,"",0,-1,-1,-1,-1,-1
1704,429,"",215,"",0,-1,-1,-1,-1,-1
1705,431,"",38,"",0,-1,-1,-1,-1,-1
1706,431,"",144,"",0,-1,-1,-1,-1,-1
1707,431,"",579,"",0,-1,-1,-1,-1,-1
1708,431,"",592,"",0,-1,-1,-1,-1,-1
1709,431,"",325,"",0,-1,-1,-1,-1,-1
1710,431,"",991,"",0,-1,-1,-1,-1,-1
1711,434,"",214,"",0,-1,-1,-1,-1,-1
1712,434,"",491,"",0,-1,-1,-1,-1,-1
1713,434,"",454,"",0,-1,-1,-1,-1,-1
1714,434,"",997,"",0,-1,-1,-1,-1,-1
1715,434,"",314,"",0,-1,-1,-1,-1,-1
1716,434,"",980,"",0,-1,-1,-1,-1,-1
1717,435,"",884,"",0,-1,-1,-1,-1,-1
1718,435,"",429,"",0,-1,-1,-1,-1,-1
1719,435,"",411,"",0,-1,-1,-1,-1,-1
1720,435,"",759,"",0,-1,-1,-1,-1,-1
1721,435,"",85,"",0,-1,-1,-1,-1,-1
1722,435,"",410,"",0,-1,-1,-1,-1,-1
1723,437,"",137,"",0,-1,-1,-1,-1,-1
1724,437,"",592,"",0,-1,-1,-1,-1,-1
1725,437,"",68,"",0,-1,-1,-1,-1,-1
1726,437,"",452,"",0,-1,-1,-1,-1,-1
1727,437,"",233,"",0,-1,-1,-1,-1,-1
1728,437,"",767,"",0,-1,-1,-1,-1,-1
1729,438,"",374,"",0,-1,-1,-1,-1,-1
1730,438,"",609,"",0,-1,-1,-1,-1,-1
1731,438,"",582,"",0,-1,-1,-1,-1,-1
1732,438,"",118,"",0,-1,-1,-1,-1,-1
1733,438,"",894,"",0,-1,-1,-1,-1,-1
1734,438,"",10,"",0,-1,-1,-1,-1,-1
1735,439,"",933,"",0,-1,-1,-1,-1,-1
1736,439,"",43,"",0,-1,-1,-1,-1,-1
1737,439,"",988,"",0,-1,-1,-1,-1,-1
1738,439,"",474,"",0,-1,-1,-1,-1,-1
1739,439,"",878,"",0,-1,-1,-1,-1,-1
1740,439,"",425,"",0,-1,-1,-1,-1,-1
1741,440,"",32,"",0,-1,-1,-1,-1,-1
1742,440,"",315,"",0,-1,-1,-1,-1,-1
1743,440,"",416,"",0,-1,-1,-1,-1,-1
1744,440,"",708,"",0,-1,-1,-1,-1,-1
1745,440,"",885,"",0,-1,-1,-1,-1,-1
1746,440,"",734,"",0,-1,-1,-1,-1,-1
1747,450,"",980,"",0,-1,-1,-1,-1,-1
1748,450,"",378,"",0,-1,-1,-1,-1,-1
1749,450,"",369,"",0,-1,-1,-1,-1,-1
1750,450,"",180,"",0,-1,-1,-1,-1,-1
1751,450,"",102,"",0,-1,-1,-1,-1,-1
1752,450,"",309,"",0,-1,-1,-1,-1,-1
1753,451,"",419,"",0,-1,-1,-1,-1,-1
1754,451,"",308,"",0,-1,-1,-1,-1,-1
1755,451,"",142,"",0,-1,-1,-1,-1,-1
1756,451,"",137,"",0,-1,-1,-1,-1,-1
1757,451,"",961,"",0,-1,-1,-1,-1,-1
1758,451,"",980,"",0,-1,-1,-1,-1,-1
1759,452,"",895,"",0,-1,-1,-1,-1,-1
1760,452,"",174,"",0,-1,-1,-1,-1,-1
1761,452,"",943,"",0,-1,-1,-1,-1,-1
1762,452,"",512,"",0,-1,-1,-1,-1,-1
1763,452,"",185,"",0,-1,-1,-1,-1,-1
1764,452,"",86,"",0,-1,-1,-1,-1,-1
1765,453,"",459,"",0,-1,-1,-1,-1,-1
1766,453,"",401,"",0,-1,-1,-1,-1,-1
1767,453,"",367,"",0,-1,-1,-1,-1,-1
1768,453,"",15,"",0,-1,-1,-1,-1,-1
1769,453,"",2,"",0,-1,-1,-1,-1,-1
1770,453,"",391,"",0,-1,-1,-1,-1,-1
1771,454,"",614,"",0,-1,-1,-1,-1,-1
1772,454,"",378,"",0,-1,-1,-1,-1,-1
1773,454,"",129,"",0,-1,-1,-1,-1,-1
1774,454,"",595,"",0,-1,-1,-1,-1,-1
1775,454,"",400,"",0,-1,-1,-1,-1,-1
1776,454,"",438,"",0,-1,-1,-1,-1,-1
1777,455,"",588,"",0,-1,-1,-1,-1,-1
1778,455,"",136,"",0,-1,-1,-1,-1,-1
1779,455,"",925,"",0,-1,-1,-1,-1,-1
1780,455,"",907,"",0,-1,-1,-1,-1,-1
1781,455,"",809,"",0,-1,-1,-1,-1,-1
1782,455,"",738,"",0,-1,-1,-1,-1,-1
1783,456,"",220,"",0,-1,-1,-1,-1,-1
1784,456,"",878,"",0,-1,-1,-1,-1,-1
1785,456,"",240,"",0,-1,-1,-1,-1,-1
1786,456,"",605,"",0,-1,-1,-1,-1,-1
1787,456,"",342,"",0,-1,-1,-1,-1,-1
1788,456,"",865,"",0,-1,-1,-1,-1,-1
1789,457,"",17,"",0,-1,-1,-1,-1,-1
1790,457,"",877,"",0,-1,-1,-1,-1,-1
1791,457,"",927,"",0,-1,-1,-1,-1,-1
1792,457,"",985,"",0,-1,-1,-1,-1,-1
1793,457,"",234,"",0,-1,-1,-1,-1,-1
1794,457,"",320,"",0,-1,-1,-1,-1,-1
1795,458,"",770,"",0,-1,-1,-1,-1,-1
1796,458,"",894,"",0,-1,-1,-1,-1,-1
1797,458,"",574,"",0,-1,-1,-1,-1,-1
1798,458,"",515,"",0,-1,-1,-1,-1,-1
1799,458,"",312,"",0,-1,-1,-1,-1,-1
1800,458,"",20,"",0,-1,-1,-1,-1,-1
1801,459,"",141,"",0,-1,-1,-1,-1,-1
1802,459,"",772,"",0,-1,-1,-1,-1,-1
1803,459,"",584,"",0,-1,-1,-1,-1,-1
1804,459,"",596,"",0,-1,-1,-1,-1,-1
1805,459,"",79,"",0,-1,-1,-1,-1,-1
1806,459,"",890,"",0,-1,-1,-1,-1,-1
1807,461,"",933,"",0,-1,-1,-1,-1,-1
1808,461,"",918,"",0,-1,-1,-1,-1,-1
1809,461,"",189,"",0,-1,-1,-1,-1,-1
1810,461,"",398,"",0,-1,-1,-1,-1,-1
1811,461,"",881,"",0,-1,-1,-1,-1,-1
1812,461,"",25,"",0,-1,-1,-1,-1,-1
1813,463,"",978,"",0,-1,-1,-1,-1,-1
1814,463,"",232,"",0,-1,-1,-1,-1,-1
1815,463,"",426,"",0,-1,-1,-1,-1,-1
1816,463,"",563,"",0,-1,-1,-1,-1,-1
1817,463,"",779,"",0,-1,-1,-1,-1,-1
1818,463,"",810,"",0,-1,-1,-1,-1,-1
1819,465,"",428,"",0,-1,-1,-1,-1,-1
1820,465,"",967,"",0,-1,-1,-1,-1,-1
1821,465,"",227,"",0,-1,-1,-1,-1,-1
1822,465,"",837,"",0,-1,-1,-1,-1,-1
1823,465,"",302,"",0,-1,-1,-1,-1,-1
1824,465,"",812,"",0,-1,-1,-1,-1,-1
1825,466,"",730,"",0,-1,-1,-1,-1,-1
1826,466,"",367,"",0,-1,-1,-1,-1,-1
1827,466,"",35,"",0,-1,-1,-1,-1,-1
1828,466,"",986,"",0,-1,-1,-1,-1,-1
1829,466,"",342,"",0,-1,-1,-1,-1,-1
1830,466,"",193,"",0,-1,-1,-1,-1,-1
1831,474,"",615,"",0,-1,-1,-1,-1,-1
1832,474,"",378,"",0,-1,-1,-1,-1,-1
1833,474,"",920,"",0,-1,-1,-1,-1,-1
1834,474,"",17,"",0,-1,-1,-1,-1,-1
1835,474,"",899,"",0,-1,-1,-1,-1,-1
1836,474,"",168,"",0,-1,-1,-1,-1,-1
1837,479,"",437,"",0,-1,-1,-1,-1,-1
1838,479,"",112,"",0,-1,-1,-1,-1,-1
1839,479,"",457,"",0,-1,-1,-1,-1,-1
1840,479,"",70,"",0,-1,-1,-1,-1,-1
1841,479,"",411,"",0,-1,-1,-1,-1,-1
1842,479,"",197,"",0,-1,-1,-1,-1,-1
1843,484,"",146,"",0,-1,-1,-1,-1,-1
1844,484,"",377,"",0,-1,-1,-1,-1,-1
1845,484,"",211,"",0,-1,-1,-1,-1,-1
1846,484,"",688,"",0,-1,-1,-1,-1,-1
1847,484,"",740,"",0,-1,-1,-1,-1,-1
1848,484,"",344,"",0,-1,-1,-1,-1,-1
1849,489,"",38,"",0,-1,-1,-1,-1,-1
1850,489,"",114,"",0,-1,-1,-1,-1,-1
1851,489,"",344,"",0,-1,-1,-1,-1,-1
1852,489,"",875,"",0,-1,-1,-1,-1,-1
1853,489,"",150,"",0,-1,-1,-1,-1,-1
1854,489,"",44,"",0,-1,-1,-1,-1,-1
1855,490,"",181,"",0,-1,-1,-1,-1,-1
1856,490,"",302,"",0,-1,-1,-1,-1,-1
1857,490,"",700,"",0,-1,-1,-1,-1,-1
1858,490,"",385,"",0,-1,-1,-1,-1,-1
1859,490,"",71,"",0,-1,-1,-1,-1,-1
1860,490,"",588,"",0,-1,-1,-1,-1,-1
1861,491,"",23,"",0,-1,-1,-1,-1,-1
1862,491,"",301,"",0,-1,-1,-1,-1,-1
1863,491,"",895,"",0,-1,-1,-1,-1,-1
1864,491,"",16,"",0,-1,-1,-1,-1,-1
1865,491,"",864,"",0,-1,-1,-1,-1,-1
1866,491,"",936,"",0,-1,-1,-1,-1,-1
1867,492,"",939,"",0,-1,-1,-1,-1,-1
1868,492,"",401,"",0,-1,-1,-1,-1,-1
1869,492,"",479,"",0,-1,-1,-1,-1,-1
1870,492,"",210,"",0,-1,-1,-1,-1,-1
1871,492,"",993,"",0,-1,-1,-1,-1,-1
1872,492,"",603,"",0,-1,-1,-1,-1,-1
1873,494,"",976,"",0,-1,-1,-1,-1,-1
1874,494,"",2,"",0,-1,-1,-1,-1,-1
1875,494,"",82,"",0,-1,-1,-1,-1,-1
1876,494,"",179,"",0,-1,-1,-1,-1,-1
1877,494,"",372,"",0,-1,-1,-1,-1,-1
1878,494,"",983,"",0,-1,-1,-1,-1,-1
1879,510,"",729,"",0,-1,-1,-1,-1,-1
1880,510,"",809,"",0,-1,-1,-1,-1,-1
1881,510,"",316,"",0,-1,-1,-1,-1,-1
1882,510,"",141,"",0,-1,-1,-1,-1,-1
1883,510,"",21,"",0,-1,-1,-1,-1,-1
1884,510,"",420,"",0,-1,-1,-1,-1,-1
1885,512,"",189,"",0,-1,-1,-1,-1,-1
1886,512,"",239,"",0,-1,-1,-1,-1,-1
1887,512,"",957,"",0,-1,-1,-1,-1,-1
1888,512,"",405,"",0,-1,-1,-1,-1,-1
1889,512,"",25,"",0,-1,-1,-1,-1,-1
1890,512,"",151,"",0,-1,-1,-1,-1,-1
1891,514,"",866,"",0,-1,-1,-1,-1,-1
1892,514,"",402,"",0,-1,-1,-1,-1,-1
1893,514,"",46,"",0,-1,-1,-1,-1,-1
1894,514,"",42,"",0,-1,-1,-1,-1,-1
1895,514,"",711,"",0,-1,-1,-1,-1,-1
1896,514,"",374,"",0,-1,-1,-1,-1,-1
1897,515,"",375,"",0,-1,-1,-1,-1,-1
1898,515,"",186,"",0,-1,-1,-1,-1,-1
1899,515,"",456,"",0,-1,-1,-1,-1,-1
1900,515,"",111,"",0,-1,-1,-1,-1,-1
1901,515,"",871,"",0,-1,-1,-1,-1,-1
1902,515,"",420,"",0,-1,-1,-1,-1,-1
1903,548,"",19,"",0,-1,-1,-1,-1,-1
1904,548,"",629,"",0,-1,-1,-1,-1,-1
1905,548,"",959,"",0,-1,-1,-1,-1,-1
1906,548,"",626,"",0,-1,-1,-1,-1,-1
1907,548,"",49,"",0,-1,-1,-1,-1,-1
1908,548,"",69,"",0,-1,-1,-1,-1,-1
1909,563,"",100,"",0,-1,-1,-1,-1,-1
1910,563,"",908,"",0,-1,-1,-1,-1,-1
1911,563,"",777,"",0,-1,-1,-1,-1,-1
1912,563,"",613,"",0,-1,-1,-1,-1,-1
1913,563,"",373,"",0,-1,-1,-1,-1,-1
1914,563,"",893,"",0,-1,-1,-1,-1,-1
1915,564,"",627,"",0,-1,-1,-1,-1,-1
1916,564,"",760,"",0,-1,-1,-1,-1,-1
1917,564,"",866,"",0,-1,-1,-1,-1,-1
1918,564,"",213,"",0,-1,-1,-1,-1,-1
1919,564,"",801,"",0,-1,-1,-1,-1,-1
1920,564,"",741,"",0,-1,-1,-1,-1,-1
1921,567,"",999,"",0,-1,-1,-1,-1,-1
1922,567,"",163,"",0,-1,-1,-1,-1,-1
1923,567,"",141,"",0,-1,-1,-1,-1,-1
1924,567,"",312,"",0,-1,-1,-1,-1,-1
1925,567,"",113,"",0,-1,-1,-1,-1,-1
1926,567,"",368,"",0,-1,-1,-1,-1,-1
1927,569,"",957,"",0,-1,-1,-1,-1,-1
1928,569,"",868,"",0,-1,-1,-1,-1,-1
1929,569,"",966,"",0,-1,-1,-1,-1,-1
1930,569,"",137,"",0,-1,-1,-1,-1,-1
1931,569,"",873,"",0,-1,-1,-1,-1,-1
1932,569,"",806,"",0,-1,-1,-1,-1,-1
1933,573,"",177,"",0,-1,-1,-1,-1,-1
1934,573,"",887,"",0,-1,-1,-1,-1,-1
1935,573,"",219,"",0,-1,-1,-1,-1,-1
1936,573,"",977,"",0,-1,-1,-1,-1,-1
1937,573,"",378,"",0,-1,-1,-1,-1,-1
1938,573,"",971,"",0,-1,-1,-1,-1,-1
1939,574,"",172,"",0,-1,-1,-1,-1,-1
1940,574,"",626,"",0,-1,-1,-1,-1,-1
1941,574,"",348,"",0,-1,-1,-1,-1,-1
1942,574,"",90,"",0,-1,-1,-1,-1,-1
1943,574,"",403,"",0,-1,-1,-1,-1,-1
1944,574,"",489,"",0,-1,-1,-1,-1,-1
1945,575,"",70,"",0,-1,-1,-1,-1,-1
1946,575,"",976,"",0,-1,-1,-1,-1,-1
1947,575,"",983,"",0,-1,-1,-1,-1,-1
1948,575,"",729,"",0,-1,-1,-1,-1,-1
1949,575,"",753,"",0,-1,-1,-1,-1,-1
1950,575,"",938,"",0,-1,-1,-1,-1,-1
1951,576,"",79,"",0,-1,-1,-1,-1,-1
1952,576,"",750,"",0,-1,-1,-1,-1,-1
1953,576,"",770,"",0,-1,-1,-1,-1,-1
1954,576,"",875,"",0,-1,-1,-1,-1,-1
1955,576,"",960,"",0,-1,-1,-1,-1,-1
1956,576,"",230,"",0,-1,-1,-1,-1,-1
1957,577,"",753,"",0,-1,-1,-1,-1,-1
1958,577,"",214,"",0,-1,-1,-1,-1,-1
1959,577,"",88,"",0,-1,-1,-1,-1,-1
1960,577,"",573,"",0,-1,-1,-1,-1,-1
1961,577,"",995,"",0,-1,-1,-1,-1,-1
1962,577,"",745,"",0,-1,-1,-1,-1,-1
1963,578,"",113,"",0,-1,-1,-1,-1,-1
1964,578,"",752,"",0,-1,-1,-1,-1,-1
1965,578,"",548,"",0,-1,-1,-1,-1,-1
1966,578,"",9,"",0,-1,-1,-1,-1,-1
1967,578,"",429,"",0,-1,-1,-1,-1,-1
1968,578,"",983,"",0,-1,-1,-1,-1,-1
1969,579,"",134,"",0,-1,-1,-1,-1,-1
1970,579,"",391,"",0,-1,-1,-1,-1,-1
1971,579,"",990,"",0,-1,-1,-1,-1,-1
1972,579,"",195,"",0,-1,-1,-1,-1,-1
1973,579,"",921,"",0,-1,-1,-1,-1,-1
1974,579,"",772,"",0,-1,-1,-1,-1,-1
1975,580,"",996,"",0,-1,-1,-1,-1,-1
1976,580,"",940,"",0,-1,-1,-1,-1,-1
1977,580,"",932,"",0,-1,-1,-1,-1,-1
1978,580,"",479,"",0,-1,-1,-1,-1,-1
1979,580,"",24,"",0,-1,-1,-1,-1,-1
1980,580,"",226,"",0,-1,-1,-1,-1,-1
1981,582,"",179,"",0,-1,-1,-1,-1,-1
1982,582,"",465,"",0,-1,-1,-1,-1,-1
1983,582,"",596,"",0,-1,-1,-1,-1,-1
1984,582,"",959,"",0,-1,-1,-1,-1,-1
1985,582,"",2,"",0,-1,-1,-1,-1,-1
1986,582,"",943,"",0,-1,-1,-1,-1,-1
1987,584,"",321,"",0,-1,-1,-1,-1,-1
1988,584,"",926,"",0,-1,-1,-1,-1,-1
1989,584,"",229,"",0,-1,-1,-1,-1,-1
1990,584,"",622,"",0,-1,-1,-1,-1,-1
1991,584,"",54,"",0,-1,-1,-1,-1,-1
1992,584,"",320,"",0,-1,-1,-1,-1,-1
1993,586,"",73,"",0,-1,-1,-1,-1,-1
1994,586,"",604,"",0,-1,-1,-1,-1,-1
1995,586,"",195,"",0,-1,-1,-1,-1,-1
1996,586,"",925,"",0,-1,-1,-1,-1,-1
1997,586,"",809,"",0,-1,-1,-1,-1,-1
1998,586,"",10,"",0,-1,-1,-1,-1,-1
1999,588,"",484,"",0,-1,-1,-1,-1,-1
2000,588,"",385,"",0,-1,-1,-1,-1,-1
2001,588,"",377,"",0,-1,-1,-1,-1,-1
2002,588,"",83,"",0,-1,-1,-1,-1,-1
2003,588,"",344,"",0,-1,-1,-1,-1,-1
2004,588,"",147,"",0,-1,-1,-1,-1,-1
2005,590,"",425,"",0,-1,-1,-1,-1,-1
2006,590,"",141,"",0,-1,-1,-1,-1,-1
2007,590,"",240,"",0,-1,-1,-1,-1,-1
2008,590,"",401,"",0,-1,-1,-1,-1,-1
2009,590,"",933,"",0,-1,-1,-1,-1,-1
2010,590,"",977,"",0,-1,-1,-1,-1,-1
2011,592,"",602,"",0,-1,-1,-1,-1,-1
2012,592,"",191,"",0,-1,-1,-1,-1,-1
2013,592,"",719,"",0,-1,-1,-1,-1,-1
2014,592,"",12,"",0,-1,-1,-1,-1,-1
2015,592,"",627,"",0,-1,-1,-1,-1,-1
2016,592,"",375,"",0,-1,-1,-1,-1,-1
2017,594,"",365,"",0,-1,-1,-1,-1,-1
2018,594,"",320,"",0,-1,-1,-1,-1,-1
2019,594,"",748,"",0,-1,-1,-1,-1,-1
2020,594,"",235,"",0,-1,-1,-1,-1,-1
2021,594,"",59,"",0,-1,-1,-1,-1,-1
2022,594,"",341,"",0,-1,-1,-1,-1,-1
2023,595,"",435,"",0,-1,-1,-1,-1,-1
2024,595,"",867,"",0,-1,-1,-1,-1,-1
2025,595,"",144,"",0,-1,-1,-1,-1,-1
2026,595,"",139,"",0,-1,-1,-1,-1,-1
2027,595,"",992,"",0,-1,-1,-1,-1,-1
2028,595,"",315,"",0,-1,-1,-1,-1,-1
2029,596,"",408,"",0,-1,-1,-1,-1,-1
2030,596,"",607,"",0,-1,-1,-1,-1,-1
2031,596,"",232,"",0,-1,-1,-1,-1,-1
2032,596,"",365,"",0,-1,-1,-1,-1,-1
2033,596,"",114,"",0,-1,-1,-1,-1,-1
2034,596,"",976,"",0,-1,-1,-1,-1,-1
2035,597,"",814,"",0,-1,-1,-1,-1,-1
2036,597,"",172,"",0,-1,-1,-1,-1,-1
2037,597,"",227,"",0,-1,-1,-1,-1,-1
2038,597,"",865,"",0,-1,-1,-1,-1,-1
2039,597,"",465,"",0,-1,-1,-1,-1,-1
2040,597,"",881,"",0,-1,-1,-1,-1,-1
2041,598,"",977,"",0,-1,-1,-1,-1,-1
2042,598,"",309,"",0,-1,-1,-1,-1,-1
2043,598,"",987,"",0,-1,-1,-1,-1,-1
2044,598,"",716,"",0,-1,-1,-1,-1,-1
2045,598,"",580,"",0,-1,-1,-1,-1,-1
2046,598,"",81,"",0,-1,-1,-1,-1,-1
2047,600,"",345,"",0,-1,-1,-1,-1,-1
2048,600,"",913,"",0,-1,-1,-1,-1,-1
2049,600,"",365,"",0,-1,-1,-1,-1,-1
2050,600,"",457,"",0,-1,-1,-1,-1,-1
2051,600,"",773,"",0,-1,-1,-1,-1,-1
2052,600,"",749,"",0,-1,-1,-1,-1,-1
2053,601,"",772,"",0,-1,-1,-1,-1,-1
2054,601,"",422,"",0,-1,-1,-1,-1,-1
2055,601,"",134,"",0,-1,-1,-1,-1,-1
2056,601,"",101,"",0,-1,-1,-1,-1,-1
2057,601,"",973,"",0,-1,-1,-1,-1,-1
2058,601,"",548,"",0,-1,-1,-1,-1,-1
2059,602,"",721,"",0,-1,-1,-1,-1,-1
2060,602,"",726,"",0,-1,-1,-1,-1,-1
2061,602,"",388,"",0,-1,-1,-1,-1,-1
2062,602,"",308,"",0,-1,-1,-1,-1,-1
2063,602,"",682,"",0,-1,-1,-1,-1,-1
2064,602,"",42,"",0,-1,-1,-1,-1,-1
2065,603,"",885,"",0,-1,-1,-1,-1,-1
2066,603,"",132,"",0,-1,-1,-1,-1,-1
2067,603,"",753,"",0,-1,-1,-1,-1,-1
2068,603,"",704,"",0,-1,-1,-1,-1,-1
2069,603,"",48,"",0,-1,-1,-1,-1,-1
2070,603,"",214,"",0,-1,-1,-1,-1,-1
2071,604,"",51,"",0,-1,-1,-1,-1,-1
2072,604,"",884,"",0,-1,-1,-1,-1,-1
2073,604,"",84,"",0,-1,-1,-1,-1,-1
2074,604,"",434,"",0,-1,-1,-1,-1,-1
2075,604,"",767,"",0,-1,-1,-1,-1,-1
2076,604,"",733,"",0,-1,-1,-1,-1,-1
2077,605,"",965,"",0,-1,-1,-1,-1,-1
2078,605,"",107,"",0,-1,-1,-1,-1,-1
2079,605,"",983,"",0,-1,-1,-1,-1,-1
2080,605,"",53,"",0,-1,-1,-1,-1,-1
2081,605,"",484,"",0,-1,-1,-1,-1,-1
2082,605,"",459,"",0,-1,-1,-1,-1,-1
2083,606,"",197,"",0,-1,-1,-1,-1,-1
2084,606,"",601,"",0,-1,-1,-1,-1,-1
2085,606,"",420,"",0,-1,-1,-1,-1,-1
2086,606,"",914,"",0,-1,-1,-1,-1,-1
2087,606,"",136,"",0,-1,-1,-1,-1,-1
2088,606,"",116,"",0,-1,-1,-1,-1,-1
2089,607,"",567,"",0,-1,-1,-1,-1,-1
2090,607,"",577,"",0,-1,-1,-1,-1,-1
2091,607,"",564,"",0,-1,-1,-1,-1,-1
2092,607,"",972,"",0,-1,-1,-1,-1,-1
2093,607,"",97,"",0,-1,-1,-1,-1,-1
2094,607,"",232,"",0,-1,-1,-1,-1,-1
2095,609,"",631,"",0,-1,-1,-1,-1,-1
2096,609,"",894,"",0,-1,-1,-1,-1,-1
2097,609,"",743,"",0,-1,-1,-1,-1,-1
2098,609,"",194,"",0,-1,-1,-1,-1,-1
2099,609,"",136,"",0,-1,-1,-1,-1,-1
2100,609,"",567,"",0,-1,-1,-1,-1,-1
2101,610,"",371,"",0,-1,-1,-1,-1,-1
2102,610,"",732,"",0,-1,-1,-1,-1,-1
2103,610,"",85,"",0,-1,-1,-1,-1,-1
2104,610,"",316,"",0,-1,-1,-1,-1,-1
2105,610,"",106,"",0,-1,-1,-1,-1,-1
2106,610,"",705,"",0,-1,-1,-1,-1,-1
2107,611,"",760,"",0,-1,-1,-1,-1,-1
2108,611,"",112,"",0,-1,-1,-1,-1,-1
2109,611,"",54,"",0,-1,-1,-1,-1,-1
2110,611,"",911,"",0,-1,-1,-1,-1,-1
2111,611,"",379,"",0,-1,-1,-1,-1,-1
2112,611,"",47,"",0,-1,-1,-1,-1,-1
2113,613,"",44,"",0,-1,-1,-1,-1,-1
2114,613,"",326,"",0,-1,-1,-1,-1,-1
2115,613,"",31,"",0,-1,-1,-1,-1,-1
2116,613,"",515,"",0,-1,-1,-1,-1,-1
2117,613,"",171,"",0,-1,-1,-1,-1,-1
2118,613,"",720,"",0,-1,-1,-1,-1,-1
2119,614,"",234,"",0,-1,-1,-1,-1,-1
2120,614,"",59,"",0,-1,-1,-1,-1,-1
2121,614,"",342,"",0,-1,-1,-1,-1,-1
2122,614,"",735,"",0,-1,-1,-1,-1,-1
2123,614,"",993,"",0,-1,-1,-1,-1,-1
2124,614,"",706,"",0,-1,-1,-1,-1,-1
2125,615,"",595,"",0,-1,-1,-1,-1,-1
2126,615,"",723,"",0,-1,-1,-1,-1,-1
2127,615,"",420,"",0,-1,-1,-1,-1,-1
2128,615,"",14,"",0,-1,-1,-1,-1,-1
2129,615,"",60,"",0,-1,-1,-1,-1,-1
2130,615,"",44,"",0,-1,-1,-1,-1,-1
2131,616,"",85,"",0,-1,-1,-1,-1,-1
2132,616,"",328,"",0,-1,-1,-1,-1,-1
2133,616,"",704,"",0,-1,-1,-1,-1,-1
2134,616,"",44,"",0,-1,-1,-1,-1,-1
2135,616,"",751,"",0,-1,-1,-1,-1,-1
2136,616,"",721,"",0,-1,-1,-1,-1,-1
2137,617,"",19,"",0,-1,-1,-1,-1,-1
2138,617,"",73,"",0,-1,-1,-1,-1,-1
2139,617,"",112,"",0,-1,-1,-1,-1,-1
2140,617,"",453,"",0,-1,-1,-1,-1,-1
2141,617,"",894,"",0,-1,-1,-1,-1,-1
2142,617,"",601,"",0,-1,-1,-1,-1,-1
2143,621,"",43,"",0,-1,-1,-1,-1,-1
2144,621,"",142,"",0,-1,-1,-1,-1,-1
2145,621,"",28,"",0,-1,-1,-1,-1,-1
2146,621,"",180,"",0,-1,-1,-1,-1,-1
2147,621,"",891,"",0,-1,-1,-1,-1,-1
2148,621,"",718,"",0,-1,-1,-1,-1,-1
2149,622,"",407,"",0,-1,-1,-1,-1,-1
2150,622,"",74,"",0,-1,-1,-1,-1,-1
2151,622,"",392,"",0,-1,-1,-1,-1,-1
2152,622,"",140,"",0,-1,-1,-1,-1,-1
2153,622,"",134,"",0,-1,-1,-1,-1,-1
2154,622,"",208,"",0,-1,-1,-1,-1,-1
2155,623,"",724,"",0,-1,-1,-1,-1,-1
2156,623,"",399,"",0,-1,-1,-1,-1,-1
2157,623,"",392,"",0,-1,-1,-1,-1,-1
2158,623,"",919,"",0,-1,-1,-1,-1,-1
2159,623,"",114,"",0,-1,-1,-1,-1,-1
2160,623,"",913,"",0,-1,-1,-1,-1,-1
2161,626,"",754,"",0,-1,-1,-1,-1,-1
2162,626,"",44,"",0,-1,-1,-1,-1,-1
2163,626,"",910,"",0,-1,-1,-1,-1,-1
2164,626,"",721,"",0,-1,-1,-1,-1,-1
2165,626,"",809,"",0,-1,-1,-1,-1,-1
2166,626,"",37,"",0,-1,-1,-1,-1,-1
2167,627,"",92,"",0,-1,-1,-1,-1,-1
2168,627,"",83,"",0,-1,-1,-1,-1,-1
2169,627,"",407,"",0,-1,-1,-1,-1,-1
2170,627,"",577,"",0,-1,-1,-1,-1,-1
2171,627,"",917,"",0,-1,-1,-1,-1,-1
2172,627,"",20,"",0,-1,-1,-1,-1,-1
2173,629,"",984,"",0,-1,-1,-1,-1,-1
2174,629,"",2,"",0,-1,-1,-1,-1,-1
2175,629,"",811,"",0,-1,-1,-1,-1,-1
2176,629,"",422,"",0,-1,-1,-1,-1,-1
2177,629,"",978,"",0,-1,-1,-1,-1,-1
2178,629,"",306,"",0,-1,-1,-1,-1,-1
2179,630,"",621,"",0,-1,-1,-1,-1,-1
2180,630,"",576,"",0,-1,-1,-1,-1,-1
2181,630,"",170,"",0,-1,-1,-1,-1,-1
2182,630,"",964,"",0,-1,-1,-1,-1,-1
2183,630,"",75,"",0,-1,-1,-1,-1,-1
2184,630,"",725,"",0,-1,-1,-1,-1,-1
2185,631,"",9,"",0,-1,-1,-1,-1,-1
2186,631,"",12,"",0,-1,-1,-1,-1,-1
2187,631,"",751,"",0,-1,-1,-1,-1,-1
2188,631,"",959,"",0,-1,-1,-1,-1,-1
2189,631,"",732,"",0,-1,-1,-1,-1,-1
2190,631,"",678,"",0,-1,-1,-1,-1,-1
2191,632,"",575,"",0,-1,-1,-1,-1,-1
2192,632,"",83,"",0,-1,-1,-1,-1,-1
2193,632,"",214,"",0,-1,-1,-1,-1,-1
2194,632,"",889,"",0,-1,-1,-1,-1,-1
2195,632,"",935,"",0,-1,-1,-1,-1,-1
2196,632,"",19,"",0,-1,-1,-1,-1,-1
2197,669,"",71,"",0,-1,-1,-1,-1,-1
2198,669,"",23,"",0,-1,-1,-1,-1,-1
2199,669,"",310,"",0,-1,-1,-1,-1,-1
2200,669,"",51,"",0,-1,-1,-1,-1,-1
2201,669,"",677,"",0,-1,-1,-1,-1,-1
2202,669,"",379,"",0,-1,-1,-1,-1,-1
2203,670,"",709,"",0,-1,-1,-1,-1,-1
2204,670,"",231,"",0,-1,-1,-1,-1,-1
2205,670,"",882,"",0,-1,-1,-1,-1,-1
2206,670,"",84,"",0,-1,-1,-1,-1,-1
2207,670,"",326,"",0,-1,-1,-1,-1,-1
2208,670,"",952,"",0,-1,-1,-1,-1,-1
2209,675,"",514,"",0,-1,-1,-1,-1,-1
2210,675,"",392,"",0,-1,-1,-1,-1,-1
2211,675,"",19,"",0,-1,-1,-1,-1,-1
2212,675,"",574,"",0,-1,-1,-1,-1,-1
2213,675,"",309,"",0,-1,-1,-1,-1,-1
2214,675,"",126,"",0,-1,-1,-1,-1,-1
2215,676,"",235,"",0,-1,-1,-1,-1,-1
2216,676,"",894,"",0,-1,-1,-1,-1,-1
2217,676,"",173,"",0,-1,-1,-1,-1,-1
2218,676,"",305,"",0,-1,-1,-1,-1,-1
2219,676,"",989,"",0,-1,-1,-1,-1,-1
2220,676,"",142,"",0,-1,-1,-1,-1,-1
2221,677,"",422,"",0,-1,-1,-1,-1,-1
2222,677,"",427,"",0,-1,-1,-1,-1,-1
2223,677,"",213,"",0,-1,-1,-1,-1,-1
2224,677,"",372,"",0,-1,-1,-1,-1,-1
2225,677,"",96,"",0,-1,-1,-1,-1,-1
2226,677,"",739,"",0,-1,-1,-1,-1,-1
2227,678,"",755,"",0,-1,-1,-1,-1,-1
2228,678,"",974,"",0,-1,-1,-1,-1,-1
2229,678,"",410,"",0,-1,-1,-1,-1,-1
2230,678,"",776,"",0,-1,-1,-1,-1,-1
2231,678,"",310,"",0,-1,-1,-1,-1,-1
2232,678,"",105,"",0,-1,-1,-1,-1,-1
2233,679,"",935,"",0,-1,-1,-1,-1,-1
2234,679,"",142,"",0,-1,-1,-1,-1,-1
2235,679,"",895,"",0,-1,-1,-1,-1,-1
2236,679,"",889,"",0,-1,-1,-1,-1,-1
2237,679,"",578,"",0,-1,-1,-1,-1,-1
2238,679,"",30,"",0,-1,-1,-1,-1,-1
2239,680,"",392,"",0,-1,-1,-1,-1,-1
2240,680,"",312,"",0,-1,-1,-1,-1,-1
2241,680,"",93,"",0,-1,-1,-1,-1,-1
2242,680,"",68,"",0,-1,-1,-1,-1,-1
2243,680,"",771,"",0,-1,-1,-1,-1,-1
2244,680,"",601,"",0,-1,-1,-1,-1,-1
2245,681,"",389,"",0,-1,-1,-1,-1,-1
2246,681,"",133,"",0,-1,-1,-1,-1,-1
2247,681,"",676,"",0,-1,-1,-1,-1,-1
2248,681,"",53,"",0,-1,-1,-1,-1,-1
2249,681,"",899,"",0,-1,-1,-1,-1,-1
2250,681,"",129,"",0,-1,-1,-1,-1,-1
2251,682,"",74,"",0,-1,-1,-1,-1,-1
2252,682,"",573,"",0,-1,-1,-1,-1,-1
2253,682,"",218,"",0,-1,-1,-1,-1,-1
2254,682,"",163,"",0,-1,-1,-1,-1,-1
2255,682,"",58,"",0,-1,-1,-1,-1,-1
2256,682,"",13,"",0,-1,-1,-1,-1,-1
2257,683,"",325,"",0,-1,-1,-1,-1,-1
2258,683,"",419,"",0,-1,-1,-1,-1,-1
2259,683,"",626,"",0,-1,-1,-1,-1,-1
2260,683,"",225,"",0,-1,-1,-1,-1,-1
2261,683,"",451,"",0,-1,-1,-1,-1,-1
2262,683,"",474,"",0,-1,-1,-1,-1,-1
2263,687,"",706,"",0,-1,-1,-1,-1,-1
2264,687,"",71,"",0,-1,-1,-1,-1,-1
2265,687,"",88,"",0,-1,-1,-1,-1,-1
2266,687,"",229,"",0,-1,-1,-1,-1,-1
2267,687,"",980,"",0,-1,-1,-1,-1,-1
2268,687,"",584,"",0,-1,-1,-1,-1,-1
2269,688,"",184,"",0,-1,-1,-1,-1,-1
2270,688,"",623,"",0,-1,-1,-1,-1,-1
2271,688,"",113,"",0,-1,-1,-1,-1,-1
2272,688,"",87,"",0,-1,-1,-1,-1,-1
2273,688,"",419,"",0,-1,-1,-1,-1,-1
2274,688,"",916,"",0,-1,-1,-1,-1,-1
2275,697,"",815,"",0,-1,-1,-1,-1,-1
2276,697,"",387,"",0,-1,-1,-1,-1,-1
2277,697,"",801,"",0,-1,-1,-1,-1,-1
2278,697,"",20,"",0,-1,-1,-1,-1,-1
2279,697,"",427,"",0,-1,-1,-1,-1,-1
2280,697,"",602,"",0,-1,-1,-1,-1,-1
2281,698,"",510,"",0,-1,-1,-1,-1,-1
2282,698,"",347,"",0,-1,-1,-1,-1,-1
2283,698,"",145,"",0,-1,-1,-1,-1,-1
2284,698,"",594,"",0,-1,-1,-1,-1,-1
2285,698,"",377,"",0,-1,-1,-1,-1,-1
2286,698,"",896,"",0,-1,-1,-1,-1,-1
2287,699,"",614,"",0,-1,-1,-1,-1,-1
2288,699,"",594,"",0,-1,-1,-1,-1,-1
2289,699,"",211,"",0,-1,-1,-1,-1,-1
2290,699,"",214,"",0,-1,-1,-1,-1,-1
2291,699,"",94,"",0,-1,-1,-1,-1,-1
2292,699,"",219,"",0,-1,-1,-1,-1,-1
2293,700,"",303,"",0,-1,-1,-1,-1,-1
2294,700,"",137,"",0,-1,-1,-1,-1,-1
2295,700,"",100,"",0,-1,-1,-1,-1,-1
2296,700,"",77,"",0,-1,-1,-1,-1,-1
2297,700,"",951,"",0,-1,-1,-1,-1,-1
2298,700,"",548,"",0,-1,-1,-1,-1,-1
2299,701,"",582,"",0,-1,-1,-1,-1,-1
2300,701,"",976,"",0,-1,-1,-1,-1,-1
2301,701,"",872,"",0,-1,-1,-1,-1,-1
2302,701,"",996,"",0,-1,-1,-1,-1,-1
2303,701,"",995,"",0,-1,-1,-1,-1,-1
2304,701,"",10,"",0,-1,-1,-1,-1,-1
2305,702,"",918,"",0,-1,-1,-1,-1,-1
2306,702,"",128,"",0,-1,-1,-1,-1,-1
2307,702,"",705,"",0,-1,-1,-1,-1,-1
2308,702,"",96,"",0,-1,-1,-1,-1,-1
2309,702,"",105,"",0,-1,-1,-1,-1,-1
2310,702,"",364,"",0,-1,-1,-1,-1,-1
2311,703,"",341,"",0,-1,-1,-1,-1,-1
2312,703,"",106,"",0,-1,-1,-1,-1,-1
2313,703,"",420,"",0,-1,-1,-1,-1,-1
2314,703,"",187,"",0,-1,-1,-1,-1,-1
2315,703,"",194,"",0,-1,-1,-1,-1,-1
2316,703,"",920,"",0,-1,-1,-1,-1,-1
2317,704,"",939,"",0,-1,-1,-1,-1,-1
2318,704,"",584,"",0,-1,-1,-1,-1,-1
2319,704,"",631,"",0,-1,-1,-1,-1,-1
2320,704,"",892,"",0,-1,-1,-1,-1,-1
2321,704,"",810,"",0,-1,-1,-1,-1,-1
2322,704,"",321,"",0,-1,-1,-1,-1,-1
2323,705,"",884,"",0,-1,-1,-1,-1,-1
2324,705,"",704,"",0,-1,-1,-1,-1,-1
2325,705,"",981,"",0,-1,-1,-1,-1,-1
2326,705,"",193,"",0,-1,-1,-1,-1,-1
2327,705,"",163,"",0,-1,-1,-1,-1,-1
2328,705,"",918,"",0,-1,-1,-1,-1,-1
2329,706,"",986,"",0,-1,-1,-1,-1,-1
2330,706,"",709,"",0,-1,-1,-1,-1,-1
2331,706,"",237,"",0,-1,-1,-1,-1,-1
2332,706,"",320,"",0,-1,-1,-1,-1,-1
2333,706,"",964,"",0,-1,-1,-1,-1,-1
2334,706,"",622,"",0,-1,-1,-1,-1,-1
2335,707,"",632,"",0,-1,-1,-1,-1,-1
2336,707,"",812,"",0,-1,-1,-1,-1,-1
2337,707,"",69,"",0,-1,-1,-1,-1,-1
2338,707,"",576,"",0,-1,-1,-1,-1,-1
2339,707,"",85,"",0,-1,-1,-1,-1,-1
2340,707,"",370,"",0,-1,-1,-1,-1,-1
2341,708,"",230,"",0,-1,-1,-1,-1,-1
2342,708,"",218,"",0,-1,-1,-1,-1,-1
2343,708,"",4,"",0,-1,-1,-1,-1,-1
2344,708,"",195,"",0,-1,-1,-1,-1,-1
2345,708,"",377,"",0,-1,-1,-1,-1,-1
2346,708,"",868,"",0,-1,-1,-1,-1,-1
2347,709,"",934,"",0,-1,-1,-1,-1,-1
2348,709,"",975,"",0,-1,-1,-1,-1,-1
2349,709,"",100,"",0,-1,-1,-1,-1,-1
2350,709,"",373,"",0,-1,-1,-1,-1,-1
2351,709,"",963,"",0,-1,-1,-1,-1,-1
2352,709,"",579,"",0,-1,-1,-1,-1,-1
2353,710,"",46,"",0,-1,-1,-1,-1,-1
2354,710,"",163,"",0,-1,-1,-1,-1,-1
2355,710,"",548,"",0,-1,-1,-1,-1,-1
2356,710,"",232,"",0,-1,-1,-1,-1,-1
2357,710,"",941,"",0,-1,-1,-1,-1,-1
2358,710,"",390,"",0,-1,-1,-1,-1,-1
2359,711,"",31,"",0,-1,-1,-1,-1,-1
2360,711,"",419,"",0,-1,-1,-1,-1,-1
2361,711,"",944,"",0,-1,-1,-1,-1,-1
2362,711,"",756,"",0,-1,-1,-1,-1,-1
2363,711,"",52,"",0,-1,-1,-1,-1,-1
2364,711,"",127,"",0,-1,-1,-1,-1,-1
2365,716,"",942,"",0,-1,-1,-1,-1,-1
2366,716,"",26,"",0,-1,-1,-1,-1,-1
2367,716,"",58,"",0,-1,-1,-1,-1,-1
2368,716,"",242,"",0,-1,-1,-1,-1,-1
2369,716,"",347,"",0,-1,-1,-1,-1,-1
2370,716,"",451,"",0,-1,-1,-1,-1,-1
2371,718,"",90,"",0,-1,-1,-1,-1,-1
2372,718,"",875,"",0,-1,-1,-1,-1,-1
2373,718,"",998,"",0,-1,-1,-1,-1,-1
2374,718,"",6,"",0,-1,-1,-1,-1,-1
2375,718,"",759,"",0,-1,-1,-1,-1,-1
2376,718,"",13,"",0,-1,-1,-1,-1,-1
2377,719,"",420,"",0,-1,-1,-1,-1,-1
2378,719,"",573,"",0,-1,-1,-1,-1,-1
2379,719,"",703,"",0,-1,-1,-1,-1,-1
2380,719,"",917,"",0,-1,-1,-1,-1,-1
2381,719,"",196,"",0,-1,-1,-1,-1,-1
2382,719,"",191,"",0,-1,-1,-1,-1,-1
2383,720,"",452,"",0,-1,-1,-1,-1,-1
2384,720,"",393,"",0,-1,-1,-1,-1,-1
2385,720,"",371,"",0,-1,-1,-1,-1,-1
2386,720,"",70,"",0,-1,-1,-1,-1,-1
2387,720,"",51,"",0,-1,-1,-1,-1,-1
2388,720,"",729,"",0,-1,-1,-1,-1,-1
2389,721,"",197,"",0,-1,-1,-1,-1,-1
2390,721,"",316,"",0,-1,-1,-1,-1,-1
2391,721,"",578,"",0,-1,-1,-1,-1,-1
2392,721,"",412,"",0,-1,-1,-1,-1,-1
2393,721,"",26,"",0,-1,-1,-1,-1,-1
2394,721,"",722,"",0,-1,-1,-1,-1,-1
2395,722,"",48,"",0,-1,-1,-1,-1,-1
2396,722,"",578,"",0,-1,-1,-1,-1,-1
2397,722,"",346,"",0,-1,-1,-1,-1,-1
2398,722,"",435,"",0,-1,-1,-1,-1,-1
2399,722,"",55,"",0,-1,-1,-1,-1,-1
2400,722,"",240,"",0,-1,-1,-1,-1,-1
2401,723,"",25,"",0,-1,-1,-1,-1,-1
2402,723,"",304,"",0,-1,-1,-1,-1,-1
2403,723,"",491,"",0,-1,-1,-1,-1,-1
2404,723,"",705,"",0,-1,-1,-1,-1,-1
2405,723,"",996,"",0,-1,-1,-1,-1,-1
2406,723,"",670,"",0,-1,-1,-1,-1,-1
2407,724,"",174,"",0,-1,-1,-1,-1,-1
2408,724,"",458,"",0,-1,-1,-1,-1,-1
2409,724,"",230,"",0,-1,-1,-1,-1,-1
2410,724,"",703,"",0,-1,-1,-1,-1,-1
2411,724,"",912,"",0,-1,-1,-1,-1,-1
2412,724,"",305,"",0,-1,-1,-1,-1,-1
2413,725,"",910,"",0,-1,-1,-1,-1,-1
2414,725,"",834,"",0,-1,-1,-1,-1,-1
2415,725,"",459,"",0,-1,-1,-1,-1,-1
2416,725,"",466,"",0,-1,-1,-1,-1,-1
2417,725,"",751,"",0,-1,-1,-1,-1,-1
2418,725,"",40,"",0,-1,-1,-1,-1,-1
2419,726,"",594,"",0,-1,-1,-1,-1,-1
2420,726,"",27,"",0,-1,-1,-1,-1,-1
2421,726,"",968,"",0,-1,-1,-1,-1,-1
2422,726,"",834,"",0,-1,-1,-1,-1,-1
2423,726,"",100,"",0,-1,-1,-1,-1,-1
2424,726,"",50,"",0,-1,-1,-1,-1,-1
2425,727,"",196,"",0,-1,-1,-1,-1,-1
2426,727,"",214,"",0,-1,-1,-1,-1,-1
2427,727,"",957,"",0,-1,-1,-1,-1,-1
2428,727,"",396,"",0,-1,-1,-1,-1,-1
2429,727,"",489,"",0,-1,-1,-1,-1,-1
2430,727,"",102,"",0,-1,-1,-1,-1,-1
2431,728,"",979,"",0,-1,-1,-1,-1,-1
2432,728,"",388,"",0,-1,-1,-1,-1,-1
2433,728,"",688,"",0,-1,-1,-1,-1,-1
2434,728,"",187,"",0,-1,-1,-1,-1,-1
2435,728,"",994,"",0,-1,-1,-1,-1,-1
2436,728,"",115,"",0,-1,-1,-1,-1,-1
2437,729,"",369,"",0,-1,-1,-1,-1,-1
2438,729,"",906,"",0,-1,-1,-1,-1,-1
2439,729,"",617,"",0,-1,-1,-1,-1,-1
2440,729,"",626,"",0,-1,-1,-1,-1,-1
2441,729,"",512,"",0,-1,-1,-1,-1,-1
2442,729,"",171,"",0,-1,-1,-1,-1,-1
2443,730,"",868,"",0,-1,-1,-1,-1,-1
2444,730,"",9,"",0,-1,-1,-1,-1,-1
2445,730,"",744,"",0,-1,-1,-1,-1,-1
2446,730,"",311,"",0,-1,-1,-1,-1,-1
2447,730,"",515,"",0,-1,-1,-1,-1,-1
2448,730,"",395,"",0,-1,-1,-1,-1,-1
2449,731,"",37,"",0,-1,-1,-1,-1,-1
2450,731,"",34,"",0,-1,-1,-1,-1,-1
2451,731,"",189,"",0,-1,-1,-1,-1,-1
2452,731,"",57,"",0,-1,-1,-1,-1,-1
2453,731,"",940,"",0,-1,-1,-1,-1,-1
2454,731,"",4,"",0,-1,-1,-1,-1,-1
2455,732,"",613,"",0,-1,-1,-1,-1,-1
2456,732,"",811,"",0,-1,-1,-1,-1,-1
2457,732,"",563,"",0,-1,-1,-1,-1,-1
2458,732,"",309,"",0,-1,-1,-1,-1,-1
2459,732,"",312,"",0,-1,-1,-1,-1,-1
2460,732,"",998,"",0,-1,-1,-1,-1,-1
2461,733,"",439,"",0,-1,-1,-1,-1,-1
2462,733,"",810,"",0,-1,-1,-1,-1,-1
2463,733,"",601,"",0,-1,-1,-1,-1,-1
2464,733,"",96,"",0,-1,-1,-1,-1,-1
2465,733,"",866,"",0,-1,-1,-1,-1,-1
2466,733,"",981,"",0,-1,-1,-1,-1,-1
2467,734,"",869,"",0,-1,-1,-1,-1,-1
2468,734,"",489,"",0,-1,-1,-1,-1,-1
2469,734,"",759,"",0,-1,-1,-1,-1,-1
2470,734,"",150,"",0,-1,-1,-1,-1,-1
2471,734,"",809,"",0,-1,-1,-1,-1,-1
2472,734,"",184,"",0,-1,-1,-1,-1,-1
2473,735,"",973,"",0,-1,-1,-1,-1,-1
2474,735,"",997,"",0,-1,-1,-1,-1,-1
2475,735,"",752,"",0,-1,-1,-1,-1,-1
2476,735,"",738,"",0,-1,-1,-1,-1,-1
2477,735,"",60,"",0,-1,-1,-1,-1,-1
2478,735,"",951,"",0,-1,-1,-1,-1,-1
2479,737,"",134,"",0,-1,-1,-1,-1,-1
2480,737,"",98,"",0,-1,-1,-1,-1,-1
2481,737,"",181,"",0,-1,-1,-1,-1,-1
2482,737,"",377,"",0,-1,-1,-1,-1,-1
2483,737,"",875,"",0,-1,-1,-1,-1,-1
2484,737,"",844,"",0,-1,-1,-1,-1,-1
2485,738,"",918,"",0,-1,-1,-1,-1,-1
2486,738,"",170,"",0,-1,-1,-1,-1,-1
2487,738,"",756,"",0,-1,-1,-1,-1,-1
2488,738,"",107,"",0,-1,-1,-1,-1,-1
2489,738,"",697,"",0,-1,-1,-1,-1,-1
2490,738,"",148,"",0,-1,-1,-1,-1,-1
2491,739,"",55,"",0,-1,-1,-1,-1,-1
2492,739,"",574,"",0,-1,-1,-1,-1,-1
2493,739,"",938,"",0,-1,-1,-1,-1,-1
2494,739,"",179,"",0,-1,-1,-1,-1,-1
2495,739,"",605,"",0,-1,-1,-1,-1,-1
2496,739,"",814,"",0,-1,-1,-1,-1,-1
2497,740,"",1,"",0,-1,-1,-1,-1,-1
2498,740,"",220,"",0,-1,-1,-1,-1,-1
2499,740,"",181,"",0,-1,-1,-1,-1,-1
2500,740,"",680,"",0,-1,-1,-1,-1,-1
2501,740,"",223,"",0,-1,-1,-1,-1,-1
2502,740,"",592,"",0,-1,-1,-1,-1,-1
2503,741,"",759,"",0,-1,-1,-1,-1,-1
2504,741,"",53,"",0,-1,-1,-1,-1,-1
2505,741,"",54,"",0,-1,-1,-1,-1,-1
2506,741,"",379,"",0,-1,-1,-1,-1,-1
2507,741,"",515,"",0,-1,-1,-1,-1,-1
2508,741,"",588,"",0,-1,-1,-1,-1,-1
2509,742,"",463,"",0,-1,-1,-1,-1,-1
2510,742,"",864,"",0,-1,-1,-1,-1,-1
2511,742,"",964,"",0,-1,-1,-1,-1,-1
2512,742,"",725,"",0,-1,-1,-1,-1,-1
2513,742,"",179,"",0,-1,-1,-1,-1,-1
2514,742,"",174,"",0,-1,-1,-1,-1,-1
2515,743,"",918,"",0,-1,-1,-1,-1,-1
2516,743,"",437,"",0,-1,-1,-1,-1,-1
2517,743,"",310,"",0,-1,-1,-1,-1,-1
2518,743,"",927,"",0,-1,-1,-1,-1,-1
2519,743,"",463,"",0,-1,-1,-1,-1,-1
2520,743,"",178,"",0,-1,-1,-1,-1,-1
2521,744,"",361,"",0,-1,-1,-1,-1,-1
2522,744,"",749,"",0,-1,-1,-1,-1,-1
2523,744,"",325,"",0,-1,-1,-1,-1,-1
2524,744,"",311,"",0,-1,-1,-1,-1,-1
2525,744,"",964,"",0,-1,-1,-1,-1,-1
2526,744,"",342,"",0,-1,-1,-1,-1,-1
2527,745,"",627,"",0,-1,-1,-1,-1,-1
2528,745,"",389,"",0,-1,-1,-1,-1,-1
2529,745,"",343,"",0,-1,-1,-1,-1,-1
2530,745,"",438,"",0,-1,-1,-1,-1,-1
2531,745,"",181,"",0,-1,-1,-1,-1,-1
2532,745,"",976,"",0,-1,-1,-1,-1,-1
2533,747,"",410,"",0,-1,-1,-1,-1,-1
2534,747,"",984,"",0,-1,-1,-1,-1,-1
2535,747,"",19,"",0,-1,-1,-1,-1,-1
2536,747,"",53,"",0,-1,-1,-1,-1,-1
2537,747,"",710,"",0,-1,-1,-1,-1,-1
2538,747,"",34,"",0,-1,-1,-1,-1,-1
2539,748,"",394,"",0,-1,-1,-1,-1,-1
2540,748,"",376,"",0,-1,-1,-1,-1,-1
2541,748,"",9,"",0,-1,-1,-1,-1,-1
2542,748,"",137,"",0,-1,-1,-1,-1,-1
2543,748,"",604,"",0,-1,-1,-1,-1,-1
2544,748,"",456,"",0,-1,-1,-1,-1,-1
2545,749,"",84,"",0,-1,-1,-1,-1,-1
2546,749,"",404,"",0,-1,-1,-1,-1,-1
2547,749,"",758,"",0,-1,-1,-1,-1,-1
2548,749,"",809,"",0,-1,-1,-1,-1,-1
2549,749,"",928,"",0,-1,-1,-1,-1,-1
2550,749,"",697,"",0,-1,-1,-1,-1,-1
2551,750,"",411,"",0,-1,-1,-1,-1,-1
2552,750,"",224,"",0,-1,-1,-1,-1,-1
2553,750,"",363,"",0,-1,-1,-1,-1,-1
2554,750,"",805,"",0,-1,-1,-1,-1,-1
2555,750,"",484,"",0,-1,-1,-1,-1,-1
2556,750,"",766,"",0,-1,-1,-1,-1,-1
2557,751,"",573,"",0,-1,-1,-1,-1,-1
2558,751,"",209,"",0,-1,-1,-1,-1,-1
2559,751,"",734,"",0,-1,-1,-1,-1,-1
2560,751,"",586,"",0,-1,-1,-1,-1,-1
2561,751,"",223,"",0,-1,-1,-1,-1,-1
2562,751,"",723,"",0,-1,-1,-1,-1,-1
2563,752,"",987,"",0,-1,-1,-1,-1,-1
2564,752,"",921,"",0,-1,-1,-1,-1,-1
2565,752,"",197,"",0,-1,-1,-1,-1,-1
2566,752,"",758,"",0,-1,-1,-1,-1,-1
2567,752,"",941,"",0,-1,-1,-1,-1,-1
2568,752,"",597,"",0,-1,-1,-1,-1,-1
2569,753,"",455,"",0,-1,-1,-1,-1,-1
2570,753,"",220,"",0,-1,-1,-1,-1,-1
2571,753,"",169,"",0,-1,-1,-1,-1,-1
2572,753,"",16,"",0,-1,-1,-1,-1,-1
2573,753,"",709,"",0,-1,-1,-1,-1,-1
2574,753,"",981,"",0,-1,-1,-1,-1,-1
2575,754,"",320,"",0,-1,-1,-1,-1,-1
2576,754,"",209,"",0,-1,-1,-1,-1,-1
2577,754,"",49,"",0,-1,-1,-1,-1,-1
2578,754,"",38,"",0,-1,-1,-1,-1,-1
2579,754,"",985,"",0,-1,-1,-1,-1,-1
2580,754,"",410,"",0,-1,-1,-1,-1,-1
2581,755,"",766,"",0,-1,-1,-1,-1,-1
2582,755,"",400,"",0,-1,-1,-1,-1,-1
2583,755,"",609,"",0,-1,-1,-1,-1,-1
2584,755,"",421,"",0,-1,-1,-1,-1,-1
2585,755,"",687,"",0,-1,-1,-1,-1,-1
2586,755,"",428,"",0,-1,-1,-1,-1,-1
2587,756,"",184,"",0,-1,-1,-1,-1,-1
2588,756,"",703,"",0,-1,-1,-1,-1,-1
2589,756,"",144,"",0,-1,-1,-1,-1,-1
2590,756,"",235,"",0,-1,-1,-1,-1,-1
2591,756,"",21,"",0,-1,-1,-1,-1,-1
2592,756,"",711,"",0,-1,-1,-1,-1,-1
2593,757,"",73,"",0,-1,-1,-1,-1,-1
2594,757,"",834,"",0,-1,-1,-1,-1,-1
2595,757,"",723,"",0,-1,-1,-1,-1,-1
2596,757,"",707,"",0,-1,-1,-1,-1,-1
2597,757,"",697,"",0,-1,-1,-1,-1,-1
2598,757,"",407,"",0,-1,-1,-1,-1,-1
2599,758,"",6,"",0,-1,-1,-1,-1,-1
2600,758,"",680,"",0,-1,-1,-1,-1,-1
2601,758,"",732,"",0,-1,-1,-1,-1,-1
2602,758,"",929,"",0,-1,-1,-1,-1,-1
2603,758,"",414,"",0,-1,-1,-1,-1,-1
2604,758,"",735,"",0,-1,-1,-1,-1,-1
2605,759,"",96,"",0,-1,-1,-1,-1,-1
2606,759,"",614,"",0,-1,-1,-1,-1,-1
2607,759,"",93,"",0,-1,-1,-1,-1,-1
2608,759,"",800,"",0,-1,-1,-1,-1,-1
2609,759,"",82,"",0,-1,-1,-1,-1,-1
2610,759,"",911,"",0,-1,-1,-1,-1,-1
2611,760,"",75,"",0,-1,-1,-1,-1,-1
2612,760,"",368,"",0,-1,-1,-1,-1,-1
2613,760,"",305,"",0,-1,-1,-1,-1,-1
2614,760,"",185,"",0,-1,-1,-1,-1,-1
2615,760,"",139,"",0,-1,-1,-1,-1,-1
2616,760,"",219,"",0,-1,-1,-1,-1,-1
2617,766,"",814,"",0,-1,-1,-1,-1,-1
2618,766,"",303,"",0,-1,-1,-1,-1,-1
2619,766,"",113,"",0,-1,-1,-1,-1,-1
2620,766,"",887,"",0,-1,-1,-1,-1,-1
2621,766,"",727,"",0,-1,-1,-1,-1,-1
2622,766,"",57,"",0,-1,-1,-1,-1,-1
2623,767,"",118,"",0,-1,-1,-1,-1,-1
2624,767,"",510,"",0,-1,-1,-1,-1,-1
2625,767,"",921,"",0,-1,-1,-1,-1,-1
2626,767,"",309,"",0,-1,-1,-1,-1,-1
2627,767,"",150,"",0,-1,-1,-1,-1,-1
2628,767,"",515,"",0,-1,-1,-1,-1,-1
2629,770,"",975,"",0,-1,-1,-1,-1,-1
2630,770,"",147,"",0,-1,-1,-1,-1,-1
2631,770,"",402,"",0,-1,-1,-1,-1,-1
2632,770,"",58,"",0,-1,-1,-1,-1,-1
2633,770,"",403,"",0,-1,-1,-1,-1,-1
2634,770,"",938,"",0,-1,-1,-1,-1,-1
2635,771,"",75,"",0,-1,-1,-1,-1,-1
2636,771,"",450,"",0,-1,-1,-1,-1,-1
2637,771,"",193,"",0,-1,-1,-1,-1,-1
2638,771,"",230,"",0,-1,-1,-1,-1,-1
2639,771,"",388,"",0,-1,-1,-1,-1,-1
2640,771,"",834,"",0,-1,-1,-1,-1,-1
2641,772,"",60,"",0,-1,-1,-1,-1,-1
2642,772,"",594,"",0,-1,-1,-1,-1,-1
2643,772,"",677,"",0,-1,-1,-1,-1,-1
2644,772,"",744,"",0,-1,-1,-1,-1,-1
2645,772,"",412,"",0,-1,-1,-1,-1,-1
2646,772,"",69,"",0,-1,-1,-1,-1,-1
2647,773,"",197,"",0,-1,-1,-1,-1,-1
2648,773,"",317,"",0,-1,-1,-1,-1,-1
2649,773,"",150,"",0,-1,-1,-1,-1,-1
2650,773,"",494,"",0,-1,-1,-1,-1,-1
2651,773,"",479,"",0,-1,-1,-1,-1,-1
2652,773,"",392,"",0,-1,-1,-1,-1,-1
2653,774,"",465,"",0,-1,-1,-1,-1,-1
2654,774,"",988,"",0,-1,-1,-1,-1,-1
2655,774,"",594,"",0,-1,-1,-1,-1,-1
2656,774,"",892,"",0,-1,-1,-1,-1,-1
2657,774,"",906,"",0,-1,-1,-1,-1,-1
2658,774,"",968,"",0,-1,-1,-1,-1,-1
2659,775,"",16,"",0,-1,-1,-1,-1,-1
2660,775,"",775,"",0,-1,-1,-1,-1,-1
2661,775,"",187,"",0,-1,-1,-1,-1,-1
2662,775,"",894,"",0,-1,-1,-1,-1,-1
2663,775,"",872,"",0,-1,-1,-1,-1,-1
2664,775,"",622,"",0,-1,-1,-1,-1,-1
2665,776,"",874,"",0,-1,-1,-1,-1,-1
2666,776,"",30,"",0,-1,-1,-1,-1,-1
2667,776,"",56,"",0,-1,-1,-1,-1,-1
2668,776,"",980,"",0,-1,-1,-1,-1,-1
2669,776,"",602,"",0,-1,-1,-1,-1,-1
2670,776,"",215,"",0,-1,-1,-1,-1,-1
2671,777,"",680,"",0,-1,-1,-1,-1,-1
2672,777,"",748,"",0,-1,-1,-1,-1,-1
2673,777,"",2,"",0,-1,-1,-1,-1,-1
2674,777,"",916,"",0,-1,-1,-1,-1,-1
2675,777,"",15,"",0,-1,-1,-1,-1,-1
2676,777,"",490,"",0,-1,-1,-1,-1,-1
2677,778,"",491,"",0,-1,-1,-1,-1,-1
2678,778,"",20,"",0,-1,-1,-1,-1,-1
2679,778,"",779,"",0,-1,-1,-1,-1,-1
2680,778,"",224,"",0,-1,-1,-1,-1,-1
2681,778,"",941,"",0,-1,-1,-1,-1,-1
2682,778,"",919,"",0,-1,-1,-1,-1,-1
2683,779,"",113,"",0,-1,-1,-1,-1,-1
2684,779,"",576,"",0,-1,-1,-1,-1,-1
2685,779,"",988,"",0,-1,-1,-1,-1,-1
2686,779,"",564,"",0,-1,-1,-1,-1,-1
2687,779,"",55,"",0,-1,-1,-1,-1,-1
2688,779,"",916,"",0,-1,-1,-1,-1,-1
2689,800,"",239,"",0,-1,-1,-1,-1,-1
2690,800,"",169,"",0,-1,-1,-1,-1,-1
2691,800,"",778,"",0,-1,-1,-1,-1,-1
2692,800,"",326,"",0,-1,-1,-1,-1,-1
2693,800,"",604,"",0,-1,-1,-1,-1,-1
2694,800,"",595,"",0,-1,-1,-1,-1,-1
2695,801,"",379,"",0,-1,-1,-1,-1,-1
2696,801,"",961,"",0,-1,-1,-1,-1,-1
2697,801,"",688,"",0,-1,-1,-1,-1,-1
2698,801,"",129,"",0,-1,-1,-1,-1,-1
2699,801,"",775,"",0,-1,-1,-1,-1,-1
2700,801,"",919,"",0,-1,-1,-1,-1,-1
2701,802,"",569,"",0,-1,-1,-1,-1,-1
2702,802,"",179,"",0,-1,-1,-1,-1,-1
2703,802,"",32,"",0,-1,-1,-1,-1,-1
2704,802,"",347,"",0,-1,-1,-1,-1,-1
2705,802,"",754,"",0,-1,-1,-1,-1,-1
2706,802,"",214,"",0,-1,-1,-1,-1,-1
2707,804,"",779,"",0,-1,-1,-1,-1,-1
2708,804,"",569,"",0,-1,-1,-1,-1,-1
2709,804,"",918,"",0,-1,-1,-1,-1,-1
2710,804,"",727,"",0,-1,-1,-1,-1,-1
2711,804,"",726,"",0,-1,-1,-1,-1,-1
2712,804,"",680,"",0,-1,-1,-1,-1,-1
2713,805,"",15,"",0,-1,-1,-1,-1,-1
2714,805,"",390,"",0,-1,-1,-1,-1,-1
2715,805,"",876,"",0,-1,-1,-1,-1,-1
2716,805,"",837,"",0,-1,-1,-1,-1,-1
2717,805,"",884,"",0,-1,-1,-1,-1,-1
2718,805,"",34,"",0,-1,-1,-1,-1,-1
2719,806,"",196,"",0,-1,-1,-1,-1,-1
2720,806,"",61,"",0,-1,-1,-1,-1,-1
2721,806,"",930,"",0,-1,-1,-1,-1,-1
2722,806,"",998,"",0,-1,-1,-1,-1,-1
2723,806,"",927,"",0,-1,-1,-1,-1,-1
2724,806,"",873,"",0,-1,-1,-1,-1,-1
2725,809,"",88,"",0,-1,-1,-1,-1,-1
2726,809,"",98,"",0,-1,-1,-1,-1,-1
2727,809,"",69,"",0,-1,-1,-1,-1,-1
2728,809,"",623,"",0,-1,-1,-1,-1,-1
2729,809,"",380,"",0,-1,-1,-1,-1,-1
2730,809,"",757,"",0,-1,-1,-1,-1,-1
2731,810,"",677,"",0,-1,-1,-1,-1,-1
2732,810,"",100,"",0,-1,-1,-1,-1,-1
2733,810,"",992,"",0,-1,-1,-1,-1,-1
2734,810,"",95,"",0,-1,-1,-1,-1,-1
2735,810,"",416,"",0,-1,-1,-1,-1,-1
2736,810,"",368,"",0,-1,-1,-1,-1,-1
2737,811,"",364,"",0,-1,-1,-1,-1,-1
2738,811,"",78,"",0,-1,-1,-1,-1,-1
2739,811,"",313,"",0,-1,-1,-1,-1,-1
2740,811,"",993,"",0,-1,-1,-1,-1,-1
2741,811,"",345,"",0,-1,-1,-1,-1,-1
2742,811,"",893,"",0,-1,-1,-1,-1,-1
2743,812,"",598,"",0,-1,-1,-1,-1,-1
2744,812,"",917,"",0,-1,-1,-1,-1,-1
2745,812,"",322,"",0,-1,-1,-1,-1,-1
2746,812,"",61,"",0,-1,-1,-1,-1,-1
2747,812,"",55,"",0,-1,-1,-1,-1,-1
2748,812,"",19,"",0,-1,-1,-1,-1,-1
2749,813,"",863,"",0,-1,-1,-1,-1,-1
2750,813,"",111,"",0,-1,-1,-1,-1,-1
2751,813,"",574,"",0,-1,-1,-1,-1,-1
2752,813,"",479,"",0,-1,-1,-1,-1,-1
2753,813,"",411,"",0,-1,-1,-1,-1,-1
2754,813,"",44,"",0,-1,-1,-1,-1,-1
2755,814,"",183,"",0,-1,-1,-1,-1,-1
2756,814,"",218,"",0,-1,-1,-1,-1,-1
2757,814,"",805,"",0,-1,-1,-1,-1,-1
2758,814,"",893,"",0,-1,-1,-1,-1,-1
2759,814,"",739,"",0,-1,-1,-1,-1,-1
2760,814,"",376,"",0,-1,-1,-1,-1,-1
2761,815,"",459,"",0,-1,-1,-1,-1,-1
2762,815,"",326,"",0,-1,-1,-1,-1,-1
2763,815,"",880,"",0,-1,-1,-1,-1,-1
2764,815,"",964,"",0,-1,-1,-1,-1,-1
2765,815,"",868,"",0,-1,-1,-1,-1,-1
2766,815,"",209,"",0,-1,-1,-1,-1,-1
2767,834,"",892,"",0,-1,-1,-1,-1,-1
2768,834,"",474,"",0,-1,-1,-1,-1,-1
2769,834,"",344,"",0,-1,-1,-1,-1,-1
2770,834,"",515,"",0,-1,-1,-1,-1,-1
2771,834,"",73,"",0,-1,-1,-1,-1,-1
2772,834,"",3,"",0,-1,-1,-1,-1,-1
2773,835,"",512,"",0,-1,-1,-1,-1,-1
2774,835,"",983,"",0,-1,-1,-1,-1,-1
2775,835,"",898,"",0,-1,-1,-1,-1,-1
2776,835,"",132,"",0,-1,-1,-1,-1,-1
2777,835,"",888,"",0,-1,-1,-1,-1,-1
2778,835,"",750,"",0,-1,-1,-1,-1,-1
2779,836,"",311,"",0,-1,-1,-1,-1,-1
2780,836,"",117,"",0,-1,-1,-1,-1,-1
2781,836,"",993,"",0,-1,-1,-1,-1,-1
2782,836,"",393,"",0,-1,-1,-1,-1,-1
2783,836,"",988,"",0,-1,-1,-1,-1,-1
2784,836,"",54,"",0,-1,-1,-1,-1,-1
2785,837,"",173,"",0,-1,-1,-1,-1,-1
2786,837,"",906,"",0,-1,-1,-1,-1,-1
2787,837,"",454,"",0,-1,-1,-1,-1,-1
2788,837,"",958,"",0,-1,-1,-1,-1,-1
2789,837,"",114,"",0,-1,-1,-1,-1,-1
2790,837,"",78,"",0,-1,-1,-1,-1,-1
2791,844,"",43,"",0,-1,-1,-1,-1,-1
2792,844,"",380,"",0,-1,-1,-1,-1,-1
2793,844,"",404,"",0,-1,-1,-1,-1,-1
2794,844,"",349,"",0,-1,-1,-1,-1,-1
2795,844,"",978,"",0,-1,-1,-1,-1,-1
2796,844,"",226,"",0,-1,-1,-1,-1,-1
2797,863,"",1,"",0,-1,-1,-1,-1,-1
2798,863,"",454,"",0,-1,-1,-1,-1,-1
2799,863,"",194,"",0,-1,-1,-1,-1,-1
2800,863,"",150,"",0,-1,-1,-1,-1,-1
2801,863,"",867,"",0,-1,-1,-1,-1,-1
2802,863,"",631,"",0,-1,-1,-1,-1,-1
2803,864,"",681,"",0,-1,-1,-1,-1,-1
2804,864,"",683,"",0,-1,-1,-1,-1,-1
2805,864,"",588,"",0,-1,-1,-1,-1,-1
2806,864,"",59,"",0,-1,-1,-1,-1,-1
2807,864,"",107,"",0,-1,-1,-1,-1,-1
2808,864,"",81,"",0,-1,-1,-1,-1,-1
2809,865,"",976,"",0,-1,-1,-1,-1,-1
2810,865,"",743,"",0,-1,-1,-1,-1,-1
2811,865,"",107,"",0,-1,-1,-1,-1,-1
2812,865,"",222,"",0,-1,-1,-1,-1,-1
2813,865,"",776,"",0,-1,-1,-1,-1,-1
2814,865,"",706,"",0,-1,-1,-1,-1,-1
2815,866,"",720,"",0,-1,-1,-1,-1,-1
2816,866,"",944,"",0,-1,-1,-1,-1,-1
2817,866,"",908,"",0,-1,-1,-1,-1,-1
2818,866,"",916,"",0,-1,-1,-1,-1,-1
2819,866,"",185,"",0,-1,-1,-1,-1,-1
2820,866,"",872,"",0,-1,-1,-1,-1,-1
2821,867,"",687,"",0,-1,-1,-1,-1,-1
2822,867,"",370,"",0,-1,-1,-1,-1,-1
2823,867,"",606,"",0,-1,-1,-1,-1,-1
2824,867,"",749,"",0,-1,-1,-1,-1,-1
2825,867,"",312,"",0,-1,-1,-1,-1,-1
2826,867,"",178,"",0,-1,-1,-1,-1,-1
2827,868,"",410,"",0,-1,-1,-1,-1,-1
2828,868,"",730,"",0,-1,-1,-1,-1,-1
2829,868,"",409,"",0,-1,-1,-1,-1,-1
2830,868,"",79,"",0,-1,-1,-1,-1,-1
2831,868,"",94,"",0,-1,-1,-1,-1,-1
2832,868,"",584,"",0,-1,-1,-1,-1,-1
2833,869,"",220,"",0,-1,-1,-1,-1,-1
2834,869,"",933,"",0,-1,-1,-1,-1,-1
2835,869,"",915,"",0,-1,-1,-1,-1,-1
2836,869,"",6,"",0,-1,-1,-1,-1,-1
2837,869,"",702,"",0,-1,-1,-1,-1,-1
2838,869,"",425,"",0,-1,-1,-1,-1,-1
2839,870,"",743,"",0,-1,-1,-1,-1,-1
2840,870,"",235,"",0,-1,-1,-1,-1,-1
2841,870,"",28,"",0,-1,-1,-1,-1,-1
2842,870,"",118,"",0,-1,-1,-1,-1,-1
2843,870,"",630,"",0,-1,-1,-1,-1,-1
2844,870,"",389,"",0,-1,-1,-1,-1,-1
2845,871,"",368,"",0,-1,-1,-1,-1,-1
2846,871,"",928,"",0,-1,-1,-1,-1,-1
2847,871,"",48,"",0,-1,-1,-1,-1,-1
2848,871,"",171,"",0,-1,-1,-1,-1,-1
2849,871,"",926,"",0,-1,-1,-1,-1,-1
2850,871,"",219,"",0,-1,-1,-1,-1,-1
2851,872,"",750,"",0,-1,-1,-1,-1,-1
2852,872,"",966,"",0,-1,-1,-1,-1,-1
2853,872,"",957,"",0,-1,-1,-1,-1,-1
2854,872,"",15,"",0,-1,-1,-1,-1,-1
2855,872,"",36,"",0,-1,-1,-1,-1,-1
2856,872,"",889,"",0,-1,-1,-1,-1,-1
2857,873,"",345,"",0,-1,-1,-1,-1,-1
2858,873,"",621,"",0,-1,-1,-1,-1,-1
2859,873,"",718,"",0,-1,-1,-1,-1,-1
2860,873,"",990,"",0,-1,-1,-1,-1,-1
2861,873,"",367,"",0,-1,-1,-1,-1,-1
2862,873,"",35,"",0,-1,-1,-1,-1,-1
2863,874,"",730,"",0,-1,-1,-1,-1,-1
2864,874,"",454,"",0,-1,-1,-1,-1,-1
2865,874,"",41,"",0,-1,-1,-1,-1,-1
2866,874,"",46,"",0,-1,-1,-1,-1,-1
2867,874,"",378,"",0,-1,-1,-1,-1,-1
2868,874,"",881,"",0,-1,-1,-1,-1,-1
2869,875,"",931,"",0,-1,-1,-1,-1,-1
2870,875,"",411,"",0,-1,-1,-1,-1,-1
2871,875,"",367,"",0,-1,-1,-1,-1,-1
2872,875,"",453,"",0,-1,-1,-1,-1,-1
2873,875,"",126,"",0,-1,-1,-1,-1,-1
2874,875,"",884,"",0,-1,-1,-1,-1,-1
2875,876,"",986,"",0,-1,-1,-1,-1,-1
2876,876,"",112,"",0,-1,-1,-1,-1,-1
2877,876,"",106,"",0,-1,-1,-1,-1,-1
2878,876,"",2,"",0,-1,-1,-1,-1,-1
2879,876,"",237,"",0,-1,-1,-1,-1,-1
2880,876,"",567,"",0,-1,-1,-1,-1,-1
2881,877,"",343,"",0,-1,-1,-1,-1,-1
2882,877,"",341,"",0,-1,-1,-1,-1,-1
2883,877,"",46,"",0,-1,-1,-1,-1,-1
2884,877,"",688,"",0,-1,-1,-1,-1,-1
2885,877,"",632,"",0,-1,-1,-1,-1,-1
2886,877,"",879,"",0,-1,-1,-1,-1,-1
2887,878,"",307,"",0,-1,-1,-1,-1,-1
2888,878,"",215,"",0,-1,-1,-1,-1,-1
2889,878,"",706,"",0,-1,-1,-1,-1,-1
2890,878,"",632,"",0,-1,-1,-1,-1,-1
2891,878,"",400,"",0,-1,-1,-1,-1,-1
2892,878,"",191,"",0,-1,-1,-1,-1,-1
2893,879,"",806,"",0,-1,-1,-1,-1,-1
2894,879,"",82,"",0,-1,-1,-1,-1,-1
2895,879,"",615,"",0,-1,-1,-1,-1,-1
2896,879,"",670,"",0,-1,-1,-1,-1,-1
2897,879,"",577,"",0,-1,-1,-1,-1,-1
2898,879,"",74,"",0,-1,-1,-1,-1,-1
2899,880,"",866,"",0,-1,-1,-1,-1,-1
2900,880,"",106,"",0,-1,-1,-1,-1,-1
2901,880,"",837,"",0,-1,-1,-1,-1,-1
2902,880,"",391,"",0,-1,-1,-1,-1,-1
2903,880,"",451,"",0,-1,-1,-1,-1,-1
2904,880,"",975,"",0,-1,-1,-1,-1,-1
2905,881,"",592,"",0,-1,-1,-1,-1,-1
2906,881,"",72,"",0,-1,-1,-1,-1,-1
2907,881,"",104,"",0,-1,-1,-1,-1,-1
2908,881,"",184,"",0,-1,-1,-1,-1,-1
2909,881,"",813,"",0,-1,-1,-1,-1,-1
2910,881,"",322,"",0,-1,-1,-1,-1,-1
2911,882,"",772,"",0,-1,-1,-1,-1,-1
2912,882,"",181,"",0,-1,-1,-1,-1,-1
2913,882,"",804,"",0,-1,-1,-1,-1,-1
2914,882,"",614,"",0,-1,-1,-1,-1,-1
2915,882,"",302,"",0,-1,-1,-1,-1,-1
2916,882,"",700,"",0,-1,-1,-1,-1,-1
2917,883,"",866,"",0,-1,-1,-1,-1,-1
2918,883,"",722,"",0,-1,-1,-1,-1,-1
2919,883,"",80,"",0,-1,-1,-1,-1,-1
2920,883,"",567,"",0,-1,-1,-1,-1,-1
2921,883,"",395,"",0,-1,-1,-1,-1,-1
2922,883,"",174,"",0,-1,-1,-1,-1,-1
2923,884,"",594,"",0,-1,-1,-1,-1,-1
2924,884,"",835,"",0,-1,-1,-1,-1,-1
2925,884,"",73,"",0,-1,-1,-1,-1,-1
2926,884,"",878,"",0,-1,-1,-1,-1,-1
2927,884,"",139,"",0,-1,-1,-1,-1,-1
2928,884,"",20,"",0,-1,-1,-1,-1,-1
2929,885,"",938,"",0,-1,-1,-1,-1,-1
2930,885,"",456,"",0,-1,-1,-1,-1,-1
2931,885,"",180,"",0,-1,-1,-1,-1,-1
2932,885,"",952,"",0,-1,-1,-1,-1,-1
2933,885,"",389,"",0,-1,-1,-1,-1,-1
2934,885,"",872,"",0,-1,-1,-1,-1,-1
2935,886,"",31,"",0,-1,-1,-1,-1,-1
2936,886,"",942,"",0,-1,-1,-1,-1,-1
2937,886,"",213,"",0,-1,-1,-1,-1,-1
2938,886,"",775,"",0,-1,-1,-1,-1,-1
2939,886,"",563,"",0,-1,-1,-1,-1,-1
2940,886,"",617,"",0,-1,-1,-1,-1,-1
2941,887,"",91,"",0,-1,-1,-1,-1,-1
2942,887,"",321,"",0,-1,-1,-1,-1,-1
2943,887,"",76,"",0,-1,-1,-1,-1,-1
2944,887,"",311,"",0,-1,-1,-1,-1,-1
2945,887,"",307,"",0,-1,-1,-1,-1,-1
2946,887,"",973,"",0,-1,-1,-1,-1,-1
2947,888,"",16,"",0,-1,-1,-1,-1,-1
2948,888,"",987,"",0,-1,-1,-1,-1,-1
2949,888,"",127,"",0,-1,-1,-1,-1,-1
2950,888,"",425,"",0,-1,-1,-1,-1,-1
2951,888,"",703,"",0,-1,-1,-1,-1,-1
2952,888,"",834,"",0,-1,-1,-1,-1,-1
2953,889,"",20,"",0,-1,-1,-1,-1,-1
2954,889,"",939,"",0,-1,-1,-1,-1,-1
2955,889,"",322,"",0,-1,-1,-1,-1,-1
2956,889,"",186,"",0,-1,-1,-1,-1,-1
2957,889,"",369,"",0,-1,-1,-1,-1,-1
2958,889,"",998,"",0,-1,-1,-1,-1,-1
2959,890,"",705,"",0,-1,-1,-1,-1,-1
2960,890,"",118,"",0,-1,-1,-1,-1,-1
2961,890,"",844,"",0,-1,-1,-1,-1,-1
2962,890,"",720,"",0,-1,-1,-1,-1,-1
2963,890,"",933,"",0,-1,-1,-1,-1,-1
2964,890,"",146,"",0,-1,-1,-1,-1,-1
2965,891,"",451,"",0,-1,-1,-1,-1,-1
2966,891,"",967,"",0,-1,-1,-1,-1,-1
2967,891,"",235,"",0,-1,-1,-1,-1,-1
2968,891,"",32,"",0,-1,-1,-1,-1,-1
2969,891,"",899,"",0,-1,-1,-1,-1,-1
2970,891,"",810,"",0,-1,-1,-1,-1,-1
2971,892,"",772,"",0,-1,-1,-1,-1,-1
2972,892,"",112,"",0,-1,-1,-1,-1,-1
2973,892,"",87,"",0,-1,-1,-1,-1,-1
2974,892,"",580,"",0,-1,-1,-1,-1,-1
2975,892,"",991,"",0,-1,-1,-1,-1,-1
2976,892,"",413,"",0,-1,-1,-1,-1,-1
2977,893,"",711,"",0,-1,-1,-1,-1,-1
2978,893,"",872,"",0,-1,-1,-1,-1,-1
2979,893,"",74,"",0,-1,-1,-1,-1,-1
2980,893,"",58,"",0,-1,-1,-1,-1,-1
2981,893,"",72,"",0,-1,-1,-1,-1,-1
2982,893,"",13,"",0,-1,-1,-1,-1,-1
2983,894,"",592,"",0,-1,-1,-1,-1,-1
2984,894,"",434,"",0,-1,-1,-1,-1,-1
2985,894,"",603,"",0,-1,-1,-1,-1,-1
2986,894,"",185,"",0,-1,-1,-1,-1,-1
2987,894,"",113,"",0,-1,-1,-1,-1,-1
2988,894,"",370,"",0,-1,-1,-1,-1,-1
2989,895,"",885,"",0,-1,-1,-1,-1,-1
2990,895,"",514,"",0,-1,-1,-1,-1,-1
2991,895,"",57,"",0,-1,-1,-1,-1,-1
2992,895,"",11,"",0,-1,-1,-1,-1,-1
2993,895,"",895,"",0,-1,-1,-1,-1,-1
2994,895,"",680,"",0,-1,-1,-1,-1,-1
2995,896,"",11,"",0,-1,-1,-1,-1,-1
2996,896,"",210,"",0,-1,-1,-1,-1,-1
2997,896,"",918,"",0,-1,-1,-1,-1,-1
2998,896,"",834,"",0,-1,-1,-1,-1,-1
2999,896,"",454,"",0,-1,-1,-1,-1,-1
3000,896,"",431,"",0,-1,-1,-1,-1,-1
3001,897,"",344,"",0,-1,-1,-1,-1,-1
3002,897,"",895,"",0,-1,-1,-1,-1,-1
3003,897,"",454,"",0,-1,-1,-1,-1,-1
3004,897,"",406,"",0,-1,-1,-1,-1,-1
3005,897,"",385,"",0,-1,-1,-1,-1,-1
3006,897,"",90,"",0,-1,-1,-1,-1,-1
3007,898,"",971,"",0,-1,-1,-1,-1,-1
3008,898,"",338,"",0,-1,-1,-1,-1,-1
3009,898,"",144,"",0,-1,-1,-1,-1,-1
3010,898,"",422,"",0,-1,-1,-1,-1,-1
3011,898,"",414,"",0,-1,-1,-1,-1,-1
3012,898,"",457,"",0,-1,-1,-1,-1,-1
3013,899,"",871,"",0,-1,-1,-1,-1,-1
3014,899,"",930,"",0,-1,-1,-1,-1,-1
3015,899,"",751,"",0,-1,-1,-1,-1,-1
3016,899,"",881,"",0,-1,-1,-1,-1,-1
3017,899,"",232,"",0,-1,-1,-1,-1,-1
3018,899,"",147,"",0,-1,-1,-1,-1,-1
3019,906,"",682,"",0,-1,-1,-1,-1,-1
3020,906,"",59,"",0,-1,-1,-1,-1,-1
3021,906,"",711,"",0,-1,-1,-1,-1,-1
3022,906,"",4,"",0,-1,-1,-1,-1,-1
3023,906,"",126,"",0,-1,-1,-1,-1,-1
3024,906,"",346,"",0,-1,-1,-1,-1,-1
3025,907,"",210,"",0,-1,-1,-1,-1,-1
3026,907,"",98,"",0,-1,-1,-1,-1,-1
3027,907,"",421,"",0,-1,-1,-1,-1,-1
3028,907,"",899,"",0,-1,-1,-1,-1,-1
3029,907,"",915,"",0,-1,-1,-1,-1,-1
3030,907,"",140,"",0,-1,-1,-1,-1,-1
3031,908,"",891,"",0,-1,-1,-1,-1,-1
3032,908,"",407,"",0,-1,-1,-1,-1,-1
3033,908,"",20,"",0,-1,-1,-1,-1,-1
3034,908,"",836,"",0,-1,-1,-1,-1,-1
3035,908,"",609,"",0,-1,-1,-1,-1,-1
3036,908,"",887,"",0,-1,-1,-1,-1,-1
3037,909,"",755,"",0,-1,-1,-1,-1,-1
3038,909,"",405,"",0,-1,-1,-1,-1,-1
3039,909,"",724,"",0,-1,-1,-1,-1,-1
3040,909,"",548,"",0,-1,-1,-1,-1,-1
3041,909,"",70,"",0,-1,-1,-1,-1,-1
3042,909,"",210,"",0,-1,-1,-1,-1,-1
3043,910,"",23,"",0,-1,-1,-1,-1,-1
3044,910,"",47,"",0,-1,-1,-1,-1,-1
3045,910,"",416,"",0,-1,-1,-1,-1,-1
3046,910,"",84,"",0,-1,-1,-1,-1,-1
3047,910,"",776,"",0,-1,-1,-1,-1,-1
3048,910,"",43,"",0,-1,-1,-1,-1,-1
3049,911,"",342,"",0,-1,-1,-1,-1,-1
3050,911,"",767,"",0,-1,-1,-1,-1,-1
3051,911,"",951,"",0,-1,-1,-1,-1,-1
3052,911,"",133,"",0,-1,-1,-1,-1,-1
3053,911,"",310,"",0,-1,-1,-1,-1,-1
3054,911,"",611,"",0,-1,-1,-1,-1,-1
3055,912,"",50,"",0,-1,-1,-1,-1,-1
3056,912,"",995,"",0,-1,-1,-1,-1,-1
3057,912,"",190,"",0,-1,-1,-1,-1,-1
3058,912,"",4,"",0,-1,-1,-1,-1,-1
3059,912,"",938,"",0,-1,-1,-1,-1,-1
3060,912,"",778,"",0,-1,-1,-1,-1,-1
3061,913,"",871,"",0,-1,-1,-1,-1,-1
3062,913,"",514,"",0,-1,-1,-1,-1,-1
3063,913,"",68,"",0,-1,-1,-1,-1,-1
3064,913,"",147,"",0,-1,-1,-1,-1,-1
3065,913,"",235,"",0,-1,-1,-1,-1,-1
3066,913,"",309,"",0,-1,-1,-1,-1,-1
3067,914,"",134,"",0,-1,-1,-1,-1,-1
3068,914,"",48,"",0,-1,-1,-1,-1,-1
3069,914,"",86,"",0,-1,-1,-1,-1,-1
3070,914,"",879,"",0,-1,-1,-1,-1,-1
3071,914,"",373,"",0,-1,-1,-1,-1,-1
3072,914,"",3,"",0,-1,-1,-1,-1,-1
3073,915,"",390,"",0,-1,-1,-1,-1,-1
3074,915,"",147,"",0,-1,-1,-1,-1,-1
3075,915,"",702,"",0,-1,-1,-1,-1,-1
3076,915,"",313,"",0,-1,-1,-1,-1,-1
3077,915,"",867,"",0,-1,-1,-1,-1,-1
3078,915,"",707,"",0,-1,-1,-1,-1,-1
3079,916,"",987,"",0,-1,-1,-1,-1,-1
3080,916,"",73,"",0,-1,-1,-1,-1,-1
3081,916,"",573,"",0,-1,-1,-1,-1,-1
3082,916,"",60,"",0,-1,-1,-1,-1,-1
3083,916,"",811,"",0,-1,-1,-1,-1,-1
3084,916,"",703,"",0,-1,-1,-1,-1,-1
3085,917,"",374,"",0,-1,-1,-1,-1,-1
3086,917,"",96,"",0,-1,-1,-1,-1,-1
3087,917,"",31,"",0,-1,-1,-1,-1,-1
3088,917,"",676,"",0,-1,-1,-1,-1,-1
3089,917,"",15,"",0,-1,-1,-1,-1,-1
3090,917,"",613,"",0,-1,-1,-1,-1,-1
3091,918,"",309,"",0,-1,-1,-1,-1,-1
3092,918,"",598,"",0,-1,-1,-1,-1,-1
3093,918,"",385,"",0,-1,-1,-1,-1,-1
3094,918,"",452,"",0,-1,-1,-1,-1,-1
3095,918,"",459,"",0,-1,-1,-1,-1,-1
3096,918,"",127,"",0,-1,-1,-1,-1,-1
3097,919,"",750,"",0,-1,-1,-1,-1,-1
3098,919,"",429,"",0,-1,-1,-1,-1,-1
3099,919,"",867,"",0,-1,-1,-1,-1,-1
3100,919,"",965,"",0,-1,-1,-1,-1,-1
3101,919,"",404,"",0,-1,-1,-1,-1,-1
3102,919,"",439,"",0,-1,-1,-1,-1,-1
3103,920,"",804,"",0,-1,-1,-1,-1,-1
3104,920,"",899,"",0,-1,-1,-1,-1,-1
3105,920,"",938,"",0,-1,-1,-1,-1,-1
3106,920,"",397,"",0,-1,-1,-1,-1,-1
3107,920,"",419,"",0,-1,-1,-1,-1,-1
3108,920,"",14,"",0,-1,-1,-1,-1,-1
3109,921,"",621,"",0,-1,-1,-1,-1,-1
3110,921,"",86,"",0,-1,-1,-1,-1,-1
3111,921,"",801,"",0,-1,-1,-1,-1,-1
3112,921,"",944,"",0,-1,-1,-1,-1,-1
3113,921,"",779,"",0,-1,-1,-1,-1,-1
3114,921,"",370,"",0,-1,-1,-1,-1,-1
3115,924,"",383,"",0,-1,-1,-1,-1,-1
3116,924,"",87,"",0,-1,-1,-1,-1,-1
3117,924,"",574,"",0,-1,-1,-1,-1,-1
3118,924,"",372,"",0,-1,-1,-1,-1,-1
3119,924,"",424,"",0,-1,-1,-1,-1,-1
3120,924,"",1,"",0,-1,-1,-1,-1,-1
3121,925,"",688,"",0,-1,-1,-1,-1,-1
3122,925,"",383,"",0,-1,-1,-1,-1,-1
3123,925,"",192,"",0,-1,-1,-1,-1,-1
3124,925,"",722,"",0,-1,-1,-1,-1,-1
3125,925,"",424,"",0,-1,-1,-1,-1,-1
3126,925,"",408,"",0,-1,-1,-1,-1,-1
3127,926,"",95,"",0,-1,-1,-1,-1,-1
3128,926,"",44,"",0,-1,-1,-1,-1,-1
3129,926,"",232,"",0,-1,-1,-1,-1,-1
3130,926,"",220,"",0,-1,-1,-1,-1,-1
3131,926,"",326,"",0,-1,-1,-1,-1,-1
3132,926,"",779,"",0,-1,-1,-1,-1,-1
3133,927,"",61,"",0,-1,-1,-1,-1,-1
3134,927,"",976,"",0,-1,-1,-1,-1,-1
3135,927,"",419,"",0,-1,-1,-1,-1,-1
3136,927,"",437,"",0,-1,-1,-1,-1,-1
3137,927,"",512,"",0,-1,-1,-1,-1,-1
3138,927,"",411,"",0,-1,-1,-1,-1,-1
3139,928,"",679,"",0,-1,-1,-1,-1,-1
3140,928,"",437,"",0,-1,-1,-1,-1,-1
3141,928,"",996,"",0,-1,-1,-1,-1,-1
3142,928,"",128,"",0,-1,-1,-1,-1,-1
3143,928,"",514,"",0,-1,-1,-1,-1,-1
3144,928,"",894,"",0,-1,-1,-1,-1,-1
3145,929,"",178,"",0,-1,-1,-1,-1,-1
3146,929,"",72,"",0,-1,-1,-1,-1,-1
3147,929,"",194,"",0,-1,-1,-1,-1,-1
3148,929,"",208,"",0,-1,-1,-1,-1,-1
3149,929,"",951,"",0,-1,-1,-1,-1,-1
3150,929,"",144,"",0,-1,-1,-1,-1,-1
3151,930,"",141,"",0,-1,-1,-1,-1,-1
3152,930,"",398,"",0,-1,-1,-1,-1,-1
3153,930,"",57,"",0,-1,-1,-1,-1,-1
3154,930,"",147,"",0,-1,-1,-1,-1,-1
3155,930,"",434,"",0,-1,-1,-1,-1,-1
3156,930,"",623,"",0,-1,-1,-1,-1,-1
3157,931,"",226,"",0,-1,-1,-1,-1,-1
3158,931,"",454,"",0,-1,-1,-1,-1,-1
3159,931,"",563,"",0,-1,-1,-1,-1,-1
3160,931,"",893,"",0,-1,-1,-1,-1,-1
3161,931,"",927,"",0,-1,-1,-1,-1,-1
3162,931,"",750,"",0,-1,-1,-1,-1,-1
3163,932,"",961,"",0,-1,-1,-1,-1,-1
3164,932,"",138,"",0,-1,-1,-1,-1,-1
3165,932,"",48,"",0,-1,-1,-1,-1,-1
3166,932,"",702,"",0,-1,-1,-1,-1,-1
3167,932,"",936,"",0,-1,-1,-1,-1,-1
3168,932,"",993,"",0,-1,-1,-1,-1,-1
3169,933,"",925,"",0,-1,-1,-1,-1,-1
3170,933,"",92,"",0,-1,-1,-1,-1,-1
3171,933,"",813,"",0,-1,-1,-1,-1,-1
3172,933,"",452,"",0,-1,-1,-1,-1,-1
3173,933,"",881,"",0,-1,-1,-1,-1,-1
3174,933,"",11,"",0,-1,-1,-1,-1,-1
3175,934,"",409,"",0,-1,-1,-1,-1,-1
3176,934,"",906,"",0,-1,-1,-1,-1,-1
3177,934,"",404,"",0,-1,-1,-1,-1,-1
3178,934,"",590,"",0,-1,-1,-1,-1,-1
3179,934,"",909,"",0,-1,-1,-1,-1,-1
3180,934,"",933,"",0,-1,-1,-1,-1,-1
3181,935,"",426,"",0,-1,-1,-1,-1,-1
3182,935,"",936,"",0,-1,-1,-1,-1,-1
3183,935,"",863,"",0,-1,-1,-1,-1,-1
3184,935,"",52,"",0,-1,-1,-1,-1,-1
3185,935,"",24,"",0,-1,-1,-1,-1,-1
3186,935,"",97,"",0,-1,-1,-1,-1,-1
3187,936,"",606,"",0,-1,-1,-1,-1,-1
3188,936,"",706,"",0,-1,-1,-1,-1,-1
3189,936,"",588,"",0,-1,-1,-1,-1,-1
3190,936,"",181,"",0,-1,-1,-1,-1,-1
3191,936,"",364,"",0,-1,-1,-1,-1,-1
3192,936,"",116,"",0,-1,-1,-1,-1,-1
3193,937,"",466,"",0,-1,-1,-1,-1,-1
3194,937,"",106,"",0,-1,-1,-1,-1,-1
3195,937,"",304,"",0,-1,-1,-1,-1,-1
3196,937,"",567,"",0,-1,-1,-1,-1,-1
3197,937,"",45,"",0,-1,-1,-1,-1,-1
3198,937,"",978,"",0,-1,-1,-1,-1,-1
3199,938,"",956,"",0,-1,-1,-1,-1,-1
3200,938,"",737,"",0,-1,-1,-1,-1,-1
3201,938,"",13,"",0,-1,-1,-1,-1,-1
3202,938,"",876,"",0,-1,-1,-1,-1,-1
3203,938,"",931,"",0,-1,-1,-1,-1,-1
3204,938,"",811,"",0,-1,-1,-1,-1,-1
3205,939,"",141,"",0,-1,-1,-1,-1,-1
3206,939,"",309,"",0,-1,-1,-1,-1,-1
3207,939,"",2,"",0,-1,-1,-1,-1,-1
3208,939,"",439,"",0,-1,-1,-1,-1,-1
3209,939,"",888,"",0,-1,-1,-1,-1,-1
3210,939,"",14,"",0,-1,-1,-1,-1,-1
3211,940,"",419,"",0,-1,-1,-1,-1,-1
3212,940,"",588,"",0,-1,-1,-1,-1,-1
3213,940,"",906,"",0,-1,-1,-1,-1,-1
3214,940,"",944,"",0,-1,-1,-1,-1,-1
3215,940,"",47,"",0,-1,-1,-1,-1,-1
3216,940,"",44,"",0,-1,-1,-1,-1,-1
3217,941,"",410,"",0,-1,-1,-1,-1,-1
3218,941,"",917,"",0,-1,-1,-1,-1,-1
3219,941,"",514,"",0,-1,-1,-1,-1,-1
3220,941,"",111,"",0,-1,-1,-1,-1,-1
3221,941,"",312,"",0,-1,-1,-1,-1,-1
3222,941,"",60,"",0,-1,-1,-1,-1,-1
3223,942,"",890,"",0,-1,-1,-1,-1,-1
3224,942,"",419,"",0,-1,-1,-1,-1,-1
3225,942,"",775,"",0,-1,-1,-1,-1,-1
3226,942,"",239,"",0,-1,-1,-1,-1,-1
3227,942,"",574,"",0,-1,-1,-1,-1,-1
3228,942,"",702,"",0,-1,-1,-1,-1,-1
3229,943,"",675,"",0,-1,-1,-1,-1,-1
3230,943,"",924,"",0,-1,-1,-1,-1,-1
3231,943,"",398,"",0,-1,-1,-1,-1,-1
3232,943,"",148,"",0,-1,-1,-1,-1,-1
3233,943,"",35,"",0,-1,-1,-1,-1,-1
3234,943,"",190,"",0,-1,-1,-1,-1,-1
3235,944,"",709,"",0,-1,-1,-1,-1,-1
3236,944,"",34,"",0,-1,-1,-1,-1,-1
3237,944,"",177,"",0,-1,-1,-1,-1,-1
3238,944,"",889,"",0,-1,-1,-1,-1,-1
3239,944,"",965,"",0,-1,-1,-1,-1,-1
3240,944,"",379,"",0,-1,-1,-1,-1,-1
3241,951,"",399,"",0,-1,-1,-1,-1,-1
3242,951,"",978,"",0,-1,-1,-1,-1,-1
3243,951,"",626,"",0,-1,-1,-1,-1,-1
3244,951,"",346,"",0,-1,-1,-1,-1,-1
3245,951,"",365,"",0,-1,-1,-1,-1,-1
3246,951,"",43,"",0,-1,-1,-1,-1,-1
3247,952,"",84,"",0,-1,-1,-1,-1,-1
3248,952,"",573,"",0,-1,-1,-1,-1,-1
3249,952,"",611,"",0,-1,-1,-1,-1,-1
3250,952,"",149,"",0,-1,-1,-1,-1,-1
3251,952,"",80,"",0,-1,-1,-1,-1,-1
3252,952,"",341,"",0,-1,-1,-1,-1,-1
3253,953,"",406,"",0,-1,-1,-1,-1,-1
3254,953,"",98,"",0,-1,-1,-1,-1,-1
3255,953,"",376,"",0,-1,-1,-1,-1,-1
3256,953,"",697,"",0,-1,-1,-1,-1,-1
3257,953,"",908,"",0,-1,-1,-1,-1,-1
3258,953,"",25,"",0,-1,-1,-1,-1,-1
3259,954,"",757,"",0,-1,-1,-1,-1,-1
3260,954,"",213,"",0,-1,-1,-1,-1,-1
3261,954,"",998,"",0,-1,-1,-1,-1,-1
3262,954,"",982,"",0,-1,-1,-1,-1,-1
3263,954,"",313,"",0,-1,-1,-1,-1,-1
3264,954,"",607,"",0,-1,-1,-1,-1,-1
3265,956,"",990,"",0,-1,-1,-1,-1,-1
3266,956,"",836,"",0,-1,-1,-1,-1,-1
3267,956,"",937,"",0,-1,-1,-1,-1,-1
3268,956,"",929,"",0,-1,-1,-1,-1,-1
3269,956,"",512,"",0,-1,-1,-1,-1,-1
3270,956,"",629,"",0,-1,-1,-1,-1,-1
3271,957,"",743,"",0,-1,-1,-1,-1,-1
3272,957,"",982,"",0,-1,-1,-1,-1,-1
3273,957,"",176,"",0,-1,-1,-1,-1,-1
3274,957,"",962,"",0,-1,-1,-1,-1,-1
3275,957,"",752,"",0,-1,-1,-1,-1,-1
3276,957,"",615,"",0,-1,-1,-1,-1,-1
3277,958,"",57,"",0,-1,-1,-1,-1,-1
3278,958,"",194,"",0,-1,-1,-1,-1,-1
3279,958,"",133,"",0,-1,-1,-1,-1,-1
3280,958,"",466,"",0,-1,-1,-1,-1,-1
3281,958,"",968,"",0,-1,-1,-1,-1,-1
3282,958,"",930,"",0,-1,-1,-1,-1,-1
3283,959,"",13,"",0,-1,-1,-1,-1,-1
3284,959,"",325,"",0,-1,-1,-1,-1,-1
3285,959,"",45,"",0,-1,-1,-1,-1,-1
3286,959,"",730,"",0,-1,-1,-1,-1,-1
3287,959,"",117,"",0,-1,-1,-1,-1,-1
3288,959,"",888,"",0,-1,-1,-1,-1,-1
3289,960,"",724,"",0,-1,-1,-1,-1,-1
3290,960,"",116,"",0,-1,-1,-1,-1,-1
3291,960,"",127,"",0,-1,-1,-1,-1,-1
3292,960,"",61,"",0,-1,-1,-1,-1,-1
3293,960,"",343,"",0,-1,-1,-1,-1,-1
3294,960,"",965,"",0,-1,-1,-1,-1,-1
3295,961,"",401,"",0,-1,-1,-1,-1,-1
3296,961,"",438,"",0,-1,-1,-1,-1,-1
3297,961,"",908,"",0,-1,-1,-1,-1,-1
3298,961,"",753,"",0,-1,-1,-1,-1,-1
3299,961,"",490,"",0,-1,-1,-1,-1,-1
3300,961,"",450,"",0,-1,-1,-1,-1,-1
3301,962,"",928,"",0,-1,-1,-1,-1,-1
3302,962,"",78,"",0,-1,-1,-1,-1,-1
3303,962,"",892,"",0,-1,-1,-1,-1,-1
3304,962,"",723,"",0,-1,-1,-1,-1,-1
3305,962,"",399,"",0,-1,-1,-1,-1,-1
3306,962,"",617,"",0,-1,-1,-1,-1,-1
3307,963,"",603,"",0,-1,-1,-1,-1,-1
3308,963,"",434,"",0,-1,-1,-1,-1,-1
3309,963,"",85,"",0,-1,-1,-1,-1,-1
3310,963,"",199,"",0,-1,-1,-1,-1,-1
3311,963,"",726,"",0,-1,-1,-1,-1,-1
3312,963,"",369,"",0,-1,-1,-1,-1,-1
3313,964,"",46,"",0,-1,-1,-1,-1,-1
3314,964,"",963,"",0,-1,-1,-1,-1,-1
3315,964,"",438,"",0,-1,-1,-1,-1,-1
3316,964,"",687,"",0,-1,-1,-1,-1,-1
3317,964,"",94,"",0,-1,-1,-1,-1,-1
3318,964,"",112,"",0,-1,-1,-1,-1,-1
3319,965,"",679,"",0,-1,-1,-1,-1,-1
3320,965,"",623,"",0,-1,-1,-1,-1,-1
3321,965,"",941,"",0,-1,-1,-1,-1,-1
3322,965,"",582,"",0,-1,-1,-1,-1,-1
3323,965,"",907,"",0,-1,-1,-1,-1,-1
3324,965,"",413,"",0,-1,-1,-1,-1,-1
3325,966,"",240,"",0,-1,-1,-1,-1,-1
3326,966,"",726,"",0,-1,-1,-1,-1,-1
3327,966,"",936,"",0,-1,-1,-1,-1,-1
3328,966,"",834,"",0,-1,-1,-1,-1,-1
3329,966,"",150,"",0,-1,-1,-1,-1,-1
3330,966,"",869,"",0,-1,-1,-1,-1,-1
3331,967,"",864,"",0,-1,-1,-1,-1,-1
3332,967,"",882,"",0,-1,-1,-1,-1,-1
3333,967,"",379,"",0,-1,-1,-1,-1,-1
3334,967,"",705,"",0,-1,-1,-1,-1,-1
3335,967,"",226,"",0,-1,-1,-1,-1,-1
3336,967,"",55,"",0,-1,-1,-1,-1,-1
3337,968,"",479,"",0,-1,-1,-1,-1,-1
3338,968,"",51,"",0,-1,-1,-1,-1,-1
3339,968,"",403,"",0,-1,-1,-1,-1,-1
3340,968,"",309,"",0,-1,-1,-1,-1,-1
3341,968,"",958,"",0,-1,-1,-1,-1,-1
3342,968,"",363,"",0,-1,-1,-1,-1,-1
3343,969,"",996,"",0,-1,-1,-1,-1,-1
3344,969,"",977,"",0,-1,-1,-1,-1,-1
3345,969,"",707,"",0,-1,-1,-1,-1,-1
3346,969,"",168,"",0,-1,-1,-1,-1,-1
3347,969,"",321,"",0,-1,-1,-1,-1,-1
3348,969,"",895,"",0,-1,-1,-1,-1,-1
3349,970,"",719,"",0,-1,-1,-1,-1,-1
3350,970,"",805,"",0,-1,-1,-1,-1,-1
3351,970,"",344,"",0,-1,-1,-1,-1,-1
3352,970,"",114,"",0,-1,-1,-1,-1,-1
3353,970,"",731,"",0,-1,-1,-1,-1,-1
3354,970,"",800,"",0,-1,-1,-1,-1,-1
3355,971,"",701,"",0,-1,-1,-1,-1,-1
3356,971,"",180,"",0,-1,-1,-1,-1,-1
3357,971,"",898,"",0,-1,-1,-1,-1,-1
3358,971,"",906,"",0,-1,-1,-1,-1,-1
3359,971,"",804,"",0,-1,-1,-1,-1,-1
3360,971,"",169,"",0,-1,-1,-1,-1,-1
3361,972,"",928,"",0,-1,-1,-1,-1,-1
3362,972,"",47,"",0,-1,-1,-1,-1,-1
3363,972,"",90,"",0,-1,-1,-1,-1,-1
3364,972,"",60,"",0,-1,-1,-1,-1,-1
3365,972,"",127,"",0,-1,-1,-1,-1,-1
3366,972,"",621,"",0,-1,-1,-1,-1,-1
3367,973,"",305,"",0,-1,-1,-1,-1,-1
3368,973,"",338,"",0,-1,-1,-1,-1,-1
3369,973,"",48,"",0,-1,-1,-1,-1,-1
3370,973,"",210,"",0,-1,-1,-1,-1,-1
3371,973,"",753,"",0,-1,-1,-1,-1,-1
3372,973,"",759,"",0,-1,-1,-1,-1,-1
3373,974,"",877,"",0,-1,-1,-1,-1,-1
3374,974,"",308,"",0,-1,-1,-1,-1,-1
3375,974,"",582,"",0,-1,-1,-1,-1,-1
3376,974,"",15,"",0,-1,-1,-1,-1,-1
3377,974,"",403,"",0,-1,-1,-1,-1,-1
3378,974,"",911,"",0,-1,-1,-1,-1,-1
3379,975,"",86,"",0,-1,-1,-1,-1,-1
3380,975,"",150,"",0,-1,-1,-1,-1,-1
3381,975,"",224,"",0,-1,-1,-1,-1,-1
3382,975,"",96,"",0,-1,-1,-1,-1,-1
3383,975,"",229,"",0,-1,-1,-1,-1,-1
3384,975,"",343,"",0,-1,-1,-1,-1,-1
3385,976,"",391,"",0,-1,-1,-1,-1,-1
3386,976,"",364,"",0,-1,-1,-1,-1,-1
3387,976,"",940,"",0,-1,-1,-1,-1,-1
3388,976,"",868,"",0,-1,-1,-1,-1,-1
3389,976,"",79,"",0,-1,-1,-1,-1,-1
3390,976,"",708,"",0,-1,-1,-1,-1,-1
3391,977,"",964,"",0,-1,-1,-1,-1,-1
3392,977,"",90,"",0,-1,-1,-1,-1,-1
3393,977,"",682,"",0,-1,-1,-1,-1,-1
3394,977,"",706,"",0,-1,-1,-1,-1,-1
3395,977,"",104,"",0,-1,-1,-1,-1,-1
3396,977,"",364,"",0,-1,-1,-1,-1,-1
3397,978,"",346,"",0,-1,-1,-1,-1,-1
3398,978,"",920,"",0,-1,-1,-1,-1,-1
3399,978,"",382,"",0,-1,-1,-1,-1,-1
3400,978,"",700,"",0,-1,-1,-1,-1,-1
3401,978,"",222,"",0,-1,-1,-1,-1,-1
3402,978,"",32,"",0,-1,-1,-1,-1,-1
3403,979,"",726,"",0,-1,-1,-1,-1,-1
3404,979,"",574,"",0,-1,-1,-1,-1,-1
3405,979,"",218,"",0,-1,-1,-1,-1,-1
3406,979,"",707,"",0,-1,-1,-1,-1,-1
3407,979,"",919,"",0,-1,-1,-1,-1,-1
3408,979,"",981,"",0,-1,-1,-1,-1,-1
3409,980,"",982,"",0,-1,-1,-1,-1,-1
3410,980,"",972,"",0,-1,-1,-1,-1,-1
3411,980,"",232,"",0,-1,-1,-1,-1,-1
3412,980,"",118,"",0,-1,-1,-1,-1,-1
3413,980,"",966,"",0,-1,-1,-1,-1,-1
3414,980,"",973,"",0,-1,-1,-1,-1,-1
3415,981,"",421,"",0,-1,-1,-1,-1,-1
3416,981,"",564,"",0,-1,-1,-1,-1,-1
3417,981,"",306,"",0,-1,-1,-1,-1,-1
3418,981,"",580,"",0,-1,-1,-1,-1,-1
3419,981,"",896,"",0,-1,-1,-1,-1,-1
3420,981,"",605,"",0,-1,-1,-1,-1,-1
3421,982,"",440,"",0,-1,-1,-1,-1,-1
3422,982,"",943,"",0,-1,-1,-1,-1,-1
3423,982,"",49,"",0,-1,-1,-1,-1,-1
3424,982,"",215,"",0,-1,-1,-1,-1,-1
3425,982,"",452,"",0,-1,-1,-1,-1,-1
3426,982,"",869,"",0,-1,-1,-1,-1,-1
3427,983,"",963,"",0,-1,-1,-1,-1,-1
3428,983,"",191,"",0,-1,-1,-1,-1,-1
3429,983,"",427,"",0,-1,-1,-1,-1,-1
3430,983,"",867,"",0,-1,-1,-1,-1,-1
3431,983,"",865,"",0,-1,-1,-1,-1,-1
3432,983,"",930,"",0,-1,-1,-1,-1,-1
3433,984,"",804,"",0,-1,-1,-1,-1,-1
3434,984,"",377,"",0,-1,-1,-1,-1,-1
3435,984,"",927,"",0,-1,-1,-1,-1,-1
3436,984,"",348,"",0,-1,-1,-1,-1,-1
3437,984,"",439,"",0,-1,-1,-1,-1,-1
3438,984,"",719,"",0,-1,-1,-1,-1,-1
3439,985,"",361,"",0,-1,-1,-1,-1,-1
3440,985,"",734,"",0,-1,-1,-1,-1,-1
3441,985,"",218,"",0,-1,-1,-1,-1,-1
3442,985,"",996,"",0,-1,-1,-1,-1,-1
3443,985,"",421,"",0,-1,-1,-1,-1,-1
3444,985,"",52,"",0,-1,-1,-1,-1,-1
3445,986,"",455,"",0,-1,-1,-1,-1,-1
3446,986,"",996,"",0,-1,-1,-1,-1,-1
3447,986,"",629,"",0,-1,-1,-1,-1,-1
3448,986,"",101,"",0,-1,-1,-1,-1,-1
3449,986,"",438,"",0,-1,-1,-1,-1,-1
3450,986,"",346,"",0,-1,-1,-1,-1,-1
3451,987,"",957,"",0,-1,-1,-1,-1,-1
3452,987,"",184,"",0,-1,-1,-1,-1,-1
3453,987,"",710,"",0,-1,-1,-1,-1,-1
3454,987,"",308,"",0,-1,-1,-1,-1,-1
3455,987,"",10,"",0,-1,-1,-1,-1,-1
3456,987,"",963,"",0,-1,-1,-1,-1,-1
3457,988,"",127,"",0,-1,-1,-1,-1,-1
3458,988,"",934,"",0,-1,-1,-1,-1,-1
3459,988,"",414,"",0,-1,-1,-1,-1,-1
3460,988,"",459,"",0,-1,-1,-1,-1,-1
3461,988,"",966,"",0,-1,-1,-1,-1,-1
3462,988,"",40,"",0,-1,-1,-1,-1,-1
3463,989,"",151,"",0,-1,-1,-1,-1,-1
3464,989,"",454,"",0,-1,-1,-1,-1,-1
3465,989,"",700,"",0,-1,-1,-1,-1,-1
3466,989,"",975,"",0,-1,-1,-1,-1,-1
3467,989,"",756,"",0,-1,-1,-1,-1,-1
3468,989,"",183,"",0,-1,-1,-1,-1,-1
3469,990,"",211,"",0,-1,-1,-1,-1,-1
3470,990,"",974,"",0,-1,-1,-1,-1,-1
3471,990,"",304,"",0,-1,-1,-1,-1,-1
3472,990,"",434,"",0,-1,-1,-1,-1,-1
3473,990,"",59,"",0,-1,-1,-1,-1,-1
3474,990,"",113,"",0,-1,-1,-1,-1,-1
3475,991,"",598,"",0,-1,-1,-1,-1,-1
3476,991,"",326,"",0,-1,-1,-1,-1,-1
3477,991,"",194,"",0,-1,-1,-1,-1,-1
3478,991,"",567,"",0,-1,-1,-1,-1,-1
3479,991,"",925,"",0,-1,-1,-1,-1,-1
3480,991,"",136,"",0,-1,-1,-1,-1,-1
3481,992,"",395,"",0,-1,-1,-1,-1,-1
3482,992,"",54,"",0,-1,-1,-1,-1,-1
3483,992,"",382,"",0,-1,-1,-1,-1,-1
3484,992,"",370,"",0,-1,-1,-1,-1,-1
3485,992,"",32,"",0,-1,-1,-1,-1,-1
3486,992,"",865,"",0,-1,-1,-1,-1,-1
3487,993,"",939,"",0,-1,-1,-1,-1,-1
3488,993,"",391,"",0,-1,-1,-1,-1,-1
3489,993,"",306,"",0,-1,-1,-1,-1,-1
3490,993,"",6,"",0,-1,-1,-1,-1,-1
3491,993,"",177,"",0,-1,-1,-1,-1,-1
3492,993,"",891,"",0,-1,-1,-1,-1,-1
3493,994,"",371,"",0,-1,-1,-1,-1,-1
3494,994,"",149,"",0,-1,-1,-1,-1,-1
3495,994,"",395,"",0,-1,-1,-1,-1,-1
3496,994,"",39,"",0,-1,-1,-1,-1,-1
3497,994,"",416,"",0,-1,-1,-1,-1,-1
3498,994,"",382,"",0,-1,-1,-1,-1,-1
3499,995,"",338,"",0,-1,-1,-1,-1,-1
3500,995,"",431,"",0,-1,-1,-1,-1,-1
3501,995,"",411,"",0,-1,-1,-1,-1,-1
3502,995,"",197,"",0,-1,-1,-1,-1,-1
3503,995,"",343,"",0,-1,-1,-1,-1,-1
3504,995,"",421,"",0,-1,-1,-1,-1,-1
3505,996,"",365,"",0,-1,-1,-1,-1,-1
3506,996,"",184,"",0,-1,-1,-1,-1,-1
3507,996,"",976,"",0,-1,-1,-1,-1,-1
3508,996,"",959,"",0,-1,-1,-1,-1,-1
3509,996,"",745,"",0,-1,-1,-1,-1,-1
3510,996,"",888,"",0,-1,-1,-1,-1,-1
3511,997,"",607,"",0,-1,-1,-1,-1,-1
3512,997,"",378,"",0,-1,-1,-1,-1,-1
3513,997,"",720,"",0,-1,-1,-1,-1,-1
3514,997,"",458,"",0,-1,-1,-1,-1,-1
3515,997,"",984,"",0,-1,-1,-1,-1,-1
3516,997,"",228,"",0,-1,-1,-1,-1,-1
3517,998,"",893,"",0,-1,-1,-1,-1,-1
3518,998,"",151,"",0,-1,-1,-1,-1,-1
3519,998,"",32,"",0,-1,-1,-1,-1,-1
3520,998,"",889,"",0,-1,-1,-1,-1,-1
3521,998,"",389,"",0,-1,-1,-1,-1,-1
3522,998,"",172,"",0,-1,-1,-1,-1,-1
3523,999,"",192,"",0,-1,-1,-1,-1,-1
3524,999,"",363,"",0,-1,-1,-1,-1,-1
3525,999,"",184,"",0,-1,-1,-1,-1,-1
3526,999,"",920,"",0,-1,-1,-1,-1,-1
3527,999,"",181,"",0,-1,-1,-1,-1,-1
3528,999,"",886,"",0,-1,-1,-1,-1,-1
