int 0,empty 1,int 2,empty 3,empty 4,int 5,empty 6,bool 7,bool 8,bool 9,int 10,int 11,float 12,float 13,string2 14,int 15,int 16,int 17,int 18,int 19,int 20,int 21,int 22,int 23,int 24,int 25,int 26,int 27,int 28,int 29,int 30,empty 31,int 32,int 33,int 34,int 35,int 36,int 37,empty 38,int 39,int 40,empty 41,int 42,int 43
101,"",814,"","",101,"",0,1,0,0,20,-1,0.05,"",0,0,1,1,1,1,1,1,1,50,80,210,50,210,50,160,"",0,264,8,160,16,22133,"",100,0,"",0,0
201,"",2,"","",201,"",0,1,0,0,20,-1,0.1,"",0,0,1,1,1,1,1,1,1,30,50,120,20,120,20,100,"",0,24,4,40,4,0,"",0,0,"",0,20
301,"",917,"","",301,"",0,1,0,0,20,-1,0.05,"",0,0,1,1,1,1,1,1,1,40,60,170,40,170,40,130,"",0,84,6,80,8,0,"",0,0,"",0,15
401,"",401,"","",401,"",0,1,0,0,20,-1,0.05,"",0,0,1,1,1,1,1,1,1,50,80,210,50,210,50,160,"",0,264,8,160,16,0,"",0,0,"",0,10
501,"",5,"","",501,"",0,1,0,0,20,-1,0.05,"",0,0,1,1,1,1,1,1,1,40,60,170,40,170,40,130,"",0,84,6,80,8,0,"",0,0,"",0,15
502,"",105,"","",501,"",0,1,0,0,20,-1,0.05,"",0,0,1,1,1,1,1,1,1,40,60,130,60,130,60,130,"",0,84,6,80,8,0,"",0,0,"",0,15
601,"",886,"","",601,"",0,1,0,0,20,-1,0.05,"",0,0,1,1,1,1,1,1,1,50,80,210,50,210,50,160,"",0,264,8,160,16,0,"",0,0,"",0,10
602,"",6,"","",601,"",0,1,1,0,20,-1,0.05,"",0,0,1,1,1,1,1,1,1,0,80,0,0,0,0,0,"",0,264,8,160,16,0,"",0,0,"",0,10
603,"",926,"","",601,"",0,1,0,0,20,-1,0.05,"",0,0,1,1,1,1,1,1,1,0,80,0,0,0,0,0,"",0,264,8,160,16,0,"",0,0,"",0,10
901,"",24,"","",901,"",0,1,0,0,20,-1,0.1,"",0,0,1,1,1,1,1,1,1,30,50,120,20,120,20,100,"",0,24,6,40,4,0,"",0,0,"",0,20
1001,"",105,"","",1001,"",0,1,0,0,20,-1,0.05,"",0,0,1,1,1,1,1,1,1,40,60,170,40,170,40,130,"",0,484,6,80,8,0,"",0,0,"",0,15
1002,"",51,"","",1001,"",0,1,0,0,20,-1,0.05,"",0,0,1,1,1,1,1,1,1,0,0,0,0,0,0,0,"",0,0,0,0,0,0,"",0,0,"",0,0
1003,"",148,"","",1001,"",0,1,0,0,20,-1,0.05,"",0,0,1,1,1,1,1,1,1,0,0,0,0,0,0,0,"",0,0,0,0,0,0,"",0,0,"",0,0
1101,"",215,"","",1101,"",0,1,0,0,20,-1,0.05,"",0,0,1,1,1,1,1,1,1,40,60,170,40,170,40,130,"",0,84,6,80,8,0,"",0,0,"",0,15
1102,"",11,"","",1101,"",0,1,0,0,20,-1,0.05,"",0,0,1,1,1,1,1,1,1,40,60,170,40,170,40,130,"",0,84,6,80,8,0,"",0,0,"",0,15
1201,"",390,"","",1201,"",0,1,0,0,20,-1,0.05,"",0,0,1,1,1,1,1,1,1,40,60,170,40,170,40,130,"",0,84,6,80,8,0,"",0,0,"",0,15
1202,"",225,"","",1202,"",0,1,0,0,20,-1,0.05,"",0,0,1,1,1,1,1,1,1,40,60,170,40,170,40,130,"",0,84,6,80,8,0,"",0,0,"",0,15
1301,"",916,"","",1301,"",0,1,0,0,20,-1,0.05,"",0,0,1,1,1,1,1,1,1,40,60,170,40,170,40,130,"",0,84,6,80,8,0,"",0,0,"",0,15
1302,"",770,"","",1302,"",0,1,0,0,20,-1,0.05,"",0,0,1,1,1,1,1,1,1,40,60,170,40,170,40,130,"",0,84,6,80,8,22140,"",100,0,"",0,0
1303,"",814,"","",1302,"",0,1,0,0,20,-1,0.05,"",0,0,1,1,1,1,1,1,1,0,60,170,40,170,40,130,"",0,84,6,80,8,0,"",0,0,"",0,0
1401,"",50,"","",1401,"",0,1,0,0,20,-1,0.05,"",0,0,1,1,1,1,1,1,1,40,60,170,40,170,40,130,"",0,384,6,80,8,0,"",0,0,"",0,15
1501,"",349,"","",1501,"",0,1,0,0,20,-1,0.05,"",0,0,1,1,1,1,1,1,1,40,60,170,40,170,40,130,"",0,84,6,80,8,0,"",0,0,"",0,15
1502,"",404,"","",1501,"",0,1,0,0,20,-1,0.05,"",0,0,1,1,1,1,1,1,1,0,60,170,40,170,40,130,"",0,84,6,80,8,0,"",0,0,"",0,0
1601,"",492,"","",1601,"",0,1,0,0,20,-1,0.05,"",0,0,1,1,1,1,1,1,1,40,60,170,40,170,40,130,"",0,384,6,80,8,0,"",0,0,"",0,15
1701,"",91,"","",1701,"",0,0,1,0,20,-1,0.05,"",0,0,1,1,1,1,1,1,1,40,60,170,40,170,40,130,"",0,84,6,80,8,0,"",0,0,"",0,15
1702,"",374,"","",1702,"",0,1,0,0,20,-1,0.05,"",0,0,1,1,1,1,1,1,1,40,60,170,40,170,40,130,"",0,84,6,80,8,0,"",0,0,"",0,15
1703,"",140,"","",1701,"",0,1,0,0,20,-1,0.05,"",0,0,1,1,1,1,1,1,1,40,60,130,60,130,60,130,"",0,84,6,80,8,0,"",0,0,"",0,15
1901,"",219,"","",1901,"",0,1,0,0,20,-1,0.05,"",0,0,1,1,1,1,1,1,1,60,100,260,90,260,90,200,"",0,664,10,320,32,0,"",0,0,"",0,5
2001,"",365,"","",2001,"",0,1,0,0,20,-1,0.1,"",0,0,1,1,1,1,1,1,1,40,50,130,30,130,30,100,"",0,12,2,40,2,0,"",0,0,"",0,20
2002,"",711,"","",2002,"",0,1,0,0,20,-1,0.1,"",0,0,1,1,1,1,1,1,1,40,50,130,30,130,30,100,"",0,12,2,40,2,22128,"",100,0,"",0,0
2003,"",707,"","",2001,"",0,1,0,0,20,-1,0.1,"",0,0,1,1,1,1,1,1,1,40,50,130,30,130,30,100,"",0,12,2,40,2,0,"",0,0,"",0,20
2101,"",971,"","",2101,"",0,1,0,0,20,-1,0.05,"",0,0,1,1,1,1,1,1,1,50,80,210,50,210,50,160,"",0,264,8,160,16,0,"",0,0,"",0,0
2301,"",23,"","",2301,"",0,1,0,0,20,-1,0.05,"",0,0,1,1,1,1,1,1,1,50,80,210,50,210,50,160,"",0,264,8,160,16,0,"",0,0,"",0,10
2401,"",812,"","",2401,"",0,1,0,0,20,-1,0.05,"",0,0,1,1,1,1,1,1,1,60,100,260,90,260,90,200,"",0,664,10,320,32,0,"",0,0,"",0,5
2501,"",183,"","",2501,"",0,1,0,0,20,-1,0.05,"",0,0,1,1,1,1,1,1,1,40,60,170,40,170,40,130,"",0,84,6,80,8,22137,"",100,0,"",0,0
2601,"",730,"","",2601,"",0,1,0,0,20,-1,0.05,"",0,0,1,1,1,1,1,1,1,50,80,210,50,210,50,160,"",0,264,8,160,16,0,"",0,0,"",0,10
2602,"",811,"","",2601,"",0,1,0,0,20,-1,0.05,"",0,0,1,1,1,1,1,1,1,50,80,210,50,210,50,160,"",0,264,8,160,16,0,"",0,0,"",0,0
2701,"",225,"","",2701,"",0,1,0,0,20,-1,0.05,"",0,0,1,1,1,1,1,1,1,60,100,260,90,260,90,200,"",0,664,10,320,32,0,"",0,0,"",0,5
2801,"",479,"","",2801,"",0,1,0,0,20,-1,0.05,"",0,0,1,1,1,1,1,1,1,50,80,210,50,210,50,160,"",0,264,8,160,16,22147,"",100,0,"",0,0
2802,"",463,"","",2801,"",0,1,0,0,20,-1,0.05,"",0,0,1,1,1,1,1,1,1,0,0,0,0,0,0,0,"",0,0,0,0,0,0,"",0,0,"",0,0
3001,"",220,"","",3001,"",0,1,0,0,20,-1,0.05,"",0,0,1,1,1,1,1,1,1,40,60,170,40,170,40,130,"",0,464,8,80,8,1172,"",5,0,"",0,15
3002,"",237,"","",3001,"",0,1,1,0,20,-1,0.05,"",0,0,1,1,1,1,1,1,1,40,60,170,40,170,40,130,"",0,84,6,80,8,0,"",0,0,"",0,15
3101,"",924,"","",3101,"",0,1,0,0,20,-1,0.05,"",0,0,1,1,1,1,1,1,1,50,80,210,50,210,50,160,"",0,264,8,160,16,0,"",0,0,"",0,10
3102,"",223,"","",3102,"",0,1,0,0,20,-1,0.05,"",0,0,1,1,1,1,1,1,1,50,80,210,50,210,50,160,"",0,264,8,160,16,22146,"",100,0,"",0,0
3103,"",737,"","",3103,"",0,1,0,0,20,-1,0.05,"",0,0,1,1,1,1,1,1,1,50,80,210,50,210,50,160,"",0,264,8,160,16,0,"",0,0,"",0,10
3201,"",889,"","",3201,"",0,1,0,0,20,-1,0.05,"",0,0,1,1,1,1,1,1,1,60,100,260,90,260,90,200,"",0,664,10,320,32,0,"",0,0,"",0,5
3301,"",162,"","",3301,"",0,1,0,0,20,-1,0.05,"",0,0,1,1,1,1,1,1,1,50,80,210,50,210,50,160,"",0,264,8,160,16,0,"",0,0,"",0,10
3302,"",52,"","",3301,"",0,1,1,0,20,-1,0.05,"",0,0,1,1,1,1,1,1,1,50,80,210,50,210,50,160,"",0,264,8,160,16,0,"",0,0,"",0,10
3401,"",74,"","",3401,"",0,1,0,0,20,-1,0.05,"",0,0,1,1,1,1,1,1,1,60,100,260,90,260,90,200,"",0,664,10,320,32,0,"",0,0,"",0,5
3402,"",944,"","",3401,"",0,0,0,0,20,-1,0.05,"",0,0,1,1,1,1,1,1,1,60,100,260,90,260,90,200,"",0,6640,10,3200,64,0,"",0,0,"",0,5
3501,"",46,"","",3501,"",0,1,0,0,20,-1,0.05,"",0,0,1,1,1,1,1,1,1,60,100,260,90,260,90,200,"",0,664,10,320,32,22105,"",100,0,"",0,0
3502,"",408,"","",3501,"",0,1,0,0,20,-1,0.05,"",0,0,1,1,1,1,1,1,1,60,100,260,90,260,90,200,"",0,664,10,320,32,0,"",0,0,"",0,3
3601,"",36,"","",3601,"",0,1,0,0,20,-1,0.05,"",0,0,1,1,1,1,1,1,1,60,100,260,90,260,90,200,"",0,664,10,320,32,0,"",0,0,"",0,5
3701,"",489,"","",3701,"",0,1,0,0,20,-1,0.05,"",0,0,1,1,1,1,1,1,1,60,100,260,90,260,90,200,"",0,664,10,320,32,0,"",0,0,"",0,5
3801,"",992,"","",3801,"",0,1,0,0,20,-1,0.05,"",0,0,1,1,1,1,1,1,1,60,100,260,90,260,90,200,"",0,664,10,320,32,0,"",0,0,"",0,5
3901,"",886,"","",3901,"",0,1,0,0,20,-1,0.05,"",0,0,1,1,1,1,1,1,1,50,80,210,50,210,50,160,"",0,264,8,160,16,0,"",0,0,"",0,10
4001,"",40,"","",4001,"",0,1,0,0,20,-1,0.05,"",0,0,1,1,1,1,1,1,1,60,100,260,90,260,90,200,"",0,1364,12,350,35,0,"",0,0,"",0,5
4101,"",71,"","",4101,"",0,1,0,0,20,-1,0.05,"",0,0,1,1,1,1,1,1,1,50,80,210,50,210,50,160,"",0,264,8,160,16,22132,"",100,0,"",0,0
4201,"",162,"","",4201,"",0,1,0,0,20,-1,0.1,"",0,0,1,1,1,1,1,1,1,30,50,120,20,120,20,100,"",0,24,4,40,4,0,"",0,0,"",0,20
4202,"",86,"","",4201,"",0,1,0,0,20,-1,0.1,"",0,0,1,1,1,1,1,1,1,30,50,120,20,120,20,100,"",0,24,4,40,4,0,"",0,0,"",0,20
4203,"",868,"","",4202,"",0,1,0,0,20,-1,0.1,"",0,0,1,1,1,1,1,1,1,30,50,120,20,120,20,100,"",0,24,4,40,4,0,"",0,0,"",0,0
4301,"",991,"","",4301,"",0,1,0,0,20,-1,0.05,"",0,0,1,1,1,1,1,1,1,40,60,170,40,170,40,130,"",0,84,6,80,8,0,"",0,0,"",0,15
4302,"",896,"","",4302,"",0,1,0,0,20,-1,0.05,"",0,0,1,1,1,1,1,1,1,40,60,170,40,170,40,130,"",0,84,6,80,8,0,"",0,0,"",0,15
4401,"",43,"","",4401,"",0,1,0,0,20,-1,0.05,"",0,0,1,1,1,1,1,1,1,50,80,210,50,210,50,160,"",0,264,8,160,16,22116,"",100,0,"",0,0
4501,"",931,"","",4501,"",0,1,0,0,20,-1,0.05,"",0,0,1,1,1,1,1,1,1,60,100,260,90,260,90,200,"",0,664,10,320,32,0,"",0,0,"",0,5
4601,"",176,"","",4601,"",0,1,0,0,20,-1,0.05,"",0,0,1,1,1,1,1,1,1,60,100,260,90,260,90,200,"",0,664,10,320,32,0,"",0,0,"",0,5
4701,"",959,"","",4701,"",0,1,0,0,20,-1,0.05,"",0,0,1,1,1,1,1,1,1,60,100,260,90,260,90,200,"",0,1064,10,320,32,0,"",0,0,"",0,5
4702,"",183,"","",4702,"",0,1,0,0,20,-1,0.05,"",0,0,1,1,1,1,1,1,1,60,100,260,90,260,90,200,"",0,664,10,320,32,0,"",0,0,"",0,0
4703,"",47,"","",4701,"",0,1,0,0,20,-1,0.05,"",0,0,1,1,1,1,1,1,1,60,100,260,90,260,90,200,"",0,1064,10,320,32,0,"",0,0,"",0,5
4801,"",307,"","",4801,"",0,1,1,0,20,-1,0.05,"",0,0,1,1,1,1,1,1,1,60,100,260,90,260,90,200,"",0,664,10,320,32,0,"",0,0,"",0,5
4802,"",74,"","",4801,"",0,1,0,0,20,-1,0.05,"",0,0,1,1,1,1,1,1,1,60,100,260,90,260,90,200,"",0,664,10,320,32,0,"",0,0,"",0,0
4901,"",49,"","",4901,"",0,1,0,0,20,-1,0.05,"",0,0,1,1,1,1,1,1,1,60,100,260,90,260,90,200,"",0,664,10,320,32,0,"",0,0,"",0,0
5001,"",921,"","",5001,"",0,1,0,0,20,-1,0.1,"",0,0,1,1,1,1,1,1,1,30,50,120,20,120,20,100,"",0,24,4,40,4,10050,"",5,0,"",0,0
5101,"",836,"","",5101,"",0,1,0,0,20,-1,0.05,"",0,0,1,1,1,1,1,1,1,40,60,170,40,170,40,130,"",0,84,6,80,8,0,"",0,0,"",0,15
5201,"",899,"","",5201,"",0,1,0,0,20,-1,0.1,"",0,0,1,1,1,1,1,1,1,30,50,120,20,120,20,100,"",0,24,6,40,4,0,"",0,0,"",0,20
5202,"",836,"","",5202,"",0,1,0,0,20,-1,0.1,"",0,0,1,1,1,1,1,1,1,0,50,100,50,100,50,100,"",0,24,4,40,4,0,"",0,0,"",0,0
5301,"",169,"","",5301,"",0,1,0,0,20,-1,0.1,"",0,0,1,1,1,1,1,1,1,30,50,120,20,120,20,100,"",0,24,4,40,4,1173,"",5,0,"",0,20
5401,"",210,"","",5401,"",0,1,0,0,20,-1,0.05,"",0,0,1,1,1,1,1,1,1,40,60,170,40,170,40,130,"",0,84,6,80,8,0,"",0,0,"",0,0
5501,"",738,"","",5501,"",0,1,0,0,20,-1,0.1,"",0,0,1,1,1,1,1,1,1,0,50,120,20,120,20,100,"",0,24,4,40,4,0,"",0,0,"",0,0
5502,"",942,"","",5502,"",0,1,0,0,20,-1,0.1,"",0,0,1,1,1,1,1,1,1,0,50,0,0,0,0,0,"",0,250,0,40,4,30042,"",100,0,"",0,0
5601,"",115,"","",5601,"",0,1,0,0,20,-1,0.1,"",0,0,1,1,1,1,1,1,1,30,50,120,20,120,20,100,"",0,24,4,40,4,22141,"",100,0,"",0,0
5602,"",226,"","",5601,"",0,1,0,0,20,-1,0.1,"",0,0,1,1,1,1,1,1,1,0,50,120,20,120,20,100,"",0,0,0,150,0,0,"",0,0,"",0,0
5701,"",514,"","",5701,"",0,1,0,0,20,-1,0.05,"",0,0,1,1,1,1,1,1,1,60,100,260,90,260,90,200,"",0,664,10,320,32,22115,"",100,0,"",0,0
5801,"",101,"","",5801,"",0,1,0,0,20,-1,0.05,"",0,0,1,1,1,1,1,1,1,40,60,170,40,170,40,130,"",0,84,6,80,8,0,"",0,0,"",0,15
5901,"",899,"","",5901,"",0,1,0,0,20,-1,0.05,"",0,0,1,1,1,1,1,1,1,50,80,210,50,210,50,160,"",0,664,8,160,16,0,"",0,0,"",0,10
5902,"",484,"","",5901,"",0,1,0,0,20,-1,0.05,"",0,0,1,1,1,1,1,1,1,50,80,210,50,210,50,160,"",0,264,8,160,16,0,"",0,0,"",0,10
6001,"",198,"","",6001,"",0,1,0,0,20,-1,0.05,"",0,0,1,1,1,1,1,1,1,60,100,260,90,260,90,200,"",0,664,10,320,32,0,"",0,0,"",0,5
6002,"",623,"","",6001,"",0,1,0,0,20,-1,0.05,"",0,0,1,1,1,1,1,1,1,60,100,260,90,260,90,200,"",0,0,0,0,0,0,"",0,0,"",0,0
6101,"",959,"","",6101,"",0,1,0,0,20,-1,0.05,"",0,0,1,1,1,1,1,1,1,50,80,210,50,210,50,160,"",0,564,8,160,16,0,"",0,0,"",0,10
6102,"",61,"","",6102,"",0,1,0,0,20,-1,0.05,"",0,0,1,1,1,1,1,1,1,150,80,160,80,160,80,160,"",0,264,8,160,16,0,"",0,0,"",0,0
6801,"",961,"","",6801,"",0,1,0,0,20,-1,0.05,"",0,0,1,1,1,1,1,1,1,40,60,170,40,170,40,130,"",0,84,6,80,8,0,"",0,0,"",0,15
6901,"",348,"","",6902,"",0,1,1,0,20,-1,0.05,"",0,0,1,1,1,1,1,1,1,60,100,260,90,260,90,200,"",0,664,10,320,32,0,"",0,0,"",0,5
6902,"",311,"","",6901,"",0,1,0,0,20,-1,0.05,"",0,0,1,1,1,1,1,1,1,0,100,260,0,260,0,200,"",12,5000,0,50000,0,91,"",60,0,"",0,5
7001,"",975,"","",7001,"",0,1,0,0,20,-1,0.05,"",0,0,1,1,1,1,1,1,1,40,60,170,40,170,40,130,"",0,42,3,80,4,1171,"",5,0,"",0,15
7002,"",70,"","",7002,"",0,1,0,0,1,-1,0.05,"",0,0,1,1,1,1,1,1,1,40,60,130,60,130,60,130,"",0,83,0,80,8,0,"",0,0,"",0,0
7101,"",188,"","",7101,"",0,1,0,0,20,-1,0.05,"",0,0,1,1,1,1,1,1,1,50,80,210,50,210,50,160,"",0,664,8,160,16,1173,"",5,0,"",0,10
7102,"",461,"","",7102,"",0,1,0,0,20,-1,0.05,"",0,0,1,1,1,1,1,1,1,50,80,210,50,210,50,160,"",0,264,8,160,16,22114,"",100,0,"",0,0
7201,"",361,"","",7201,"",0,1,0,0,20,-1,0.05,"",0,0,1,1,1,1,1,1,1,40,60,170,40,170,40,130,"",0,84,6,80,8,0,"",0,0,"",0,15
7301,"",50,"","",7301,"",0,1,0,0,20,-1,0.05,"",0,0,1,1,1,1,1,1,1,50,80,210,50,210,50,160,"",0,264,8,160,16,1174,"",5,0,"",0,10
7401,"",107,"","",7401,"",0,1,0,0,20,-1,0.05,"",0,0,1,1,1,1,1,1,1,50,80,210,50,210,50,160,"",0,264,8,160,16,0,"",0,0,"",0,10
7501,"",459,"","",7502,"",0,1,0,0,20,2.004,0.05,"",0,0,1,1,1,1,1,1,1,60,100,260,90,260,90,200,"",17,50000,24,6400,160,0,"",0,0,"",0,5
7502,"",983,"","",7502,"",0,1,1,0,20,-1,0.05,"",0,0,1,1,1,1,1,1,1,60,100,200,100,200,100,200,"",0,664,10,320,32,0,"",0,0,"",0,5
7601,"",76,"","",7601,"",0,1,0,0,20,-1,0.05,"",0,0,1,1,1,1,1,1,1,50,80,210,50,210,50,160,"",0,264,8,160,16,0,"",0,0,"",0,10
7602,"",24,"","",7602,"",0,1,0,0,20,-1,0.05,"",0,0,1,1,1,1,1,1,1,50,80,160,80,160,80,160,"",0,264,8,160,16,0,"",0,0,"",0,10
7701,"",385,"","",7701,"",0,1,0,0,20,1.5,0.05,"",0,0,1,1,1,1,1,1,1,40,60,170,40,170,40,130,"",0,84,6,80,8,0,"",0,0,"",0,0
7801,"",184,"","",7801,"",0,1,0,0,20,-1,0.05,"",0,0,1,1,1,1,1,1,1,40,60,170,40,170,40,130,"",0,84,6,80,8,0,"",0,0,"",0,15
7901,"",79,"","",7901,"",0,1,0,0,20,-1,0.05,"",0,0,1,1,1,1,1,1,1,50,80,210,50,210,50,160,"",0,264,8,160,16,0,"",0,0,"",0,10
8001,"",376,"","",8001,"",0,1,0,0,20,-1,0.05,"",0,0,1,1,1,1,1,1,1,60,100,260,90,260,90,200,"",0,664,10,320,32,0,"",0,0,"",0,5
8002,"",80,"","",8001,"",0,1,0,0,20,-1,0.05,"",0,0,1,1,1,1,1,1,1,60,100,200,100,200,100,200,"",0,664,10,320,32,0,"",0,0,"",0,5
8101,"",982,"","",8101,"",0,1,0,0,20,-1,0.1,"",0,0,1,1,1,1,1,1,1,50,50,30,20,30,20,100,"",0,3,5,10,5,82,"",25,0,"",0,0
8102,"",81,"","",8101,"",0,1,0,0,20,-1,0.1,"",0,0,1,1,1,1,1,1,1,50,60,300,100,300,100,130,"",0,24,4,40,4,0,"",0,0,"",0,50
8103,"",985,"","",8101,"",0,1,0,0,20,-1,0.1,"",0,0,1,1,1,1,1,1,1,30,50,120,20,120,20,100,"",0,3,5,5,5,0,"",0,0,"",0,200
8201,"",82,"","",8201,"",0,1,0,0,20,-1,0.05,"",0,0,1,1,1,1,1,1,1,50,80,210,50,210,50,160,"",0,264,8,160,16,0,"",0,0,"",0,10
8301,"",315,"","",8301,"",0,1,0,0,20,-1,0.05,"",0,0,1,1,1,1,1,1,1,60,100,260,90,260,90,200,"",0,664,10,320,32,0,"",0,0,"",0,5
8401,"",12,"","",8401,"",0,1,0,0,20,-1,0.05,"",0,0,1,1,1,1,1,1,1,50,80,210,50,210,50,160,"",0,264,8,160,16,0,"",0,0,"",0,0
8501,"",931,"","",8501,"",0,1,0,0,20,-1,0.05,"",0,0,1,1,1,1,1,1,1,50,80,210,50,210,50,160,"",0,464,8,264,16,0,"",0,0,"",0,10
8502,"",378,"","",8501,"",0,1,1,0,20,-1,0.05,"",0,0,1,1,1,1,1,1,1,50,80,210,50,210,50,160,"",0,264,8,160,16,0,"",0,0,"",0,10
8601,"",740,"","",8601,"",0,1,0,0,20,-1,0.05,"",0,0,1,1,1,1,1,1,1,60,100,260,90,260,90,200,"",0,664,10,320,32,0,"",0,0,"",0,5
8701,"",87,"","",8701,"",0,1,0,0,20,-1,0.05,"",0,0,1,1,1,1,1,1,1,40,60,170,40,170,40,130,"",0,84,6,80,8,0,"",0,0,"",0,15
8702,"",573,"","",8702,"",0,1,0,0,20,-1,0.05,"",0,0,1,1,1,1,1,1,1,120,60,130,60,130,60,130,"",0,84,6,80,8,0,"",0,0,"",0,15
8801,"",884,"","",8801,"",0,1,0,0,20,-1,0.05,"",0,0,1,1,1,1,1,1,1,60,100,260,90,260,90,200,"",0,1364,12,350,35,0,"",0,0,"",0,5
9001,"",880,"","",9001,"",0,1,0,0,20,-1,0.1,"",0,0,1,1,1,1,1,1,1,30,50,120,20,120,20,100,"",0,24,4,40,4,0,"",0,0,"",0,20
9002,"",87,"","",9002,"",0,0,1,0,20,-1,0.1,"",0,0,1,1,1,1,1,1,1,30,50,120,20,120,20,100,"",0,24,4,40,4,0,"",0,0,"",0,0
9101,"",431,"","",9101,"",0,1,0,0,20,-1,0.05,"",0,0,1,1,1,1,1,1,1,40,60,170,40,170,40,130,"",0,84,6,80,8,0,"",0,0,"",0,15
9201,"",721,"","",9201,"",0,1,0,0,20,-1,0.05,"",0,0,1,1,1,1,1,1,1,40,60,170,40,170,40,130,"",0,84,6,80,8,22138,"",100,0,"",0,0
9202,"",16,"","",9201,"",0,1,0,0,20,-1,0.05,"",0,0,1,1,1,1,1,1,1,40,60,170,40,170,40,130,"",0,84,6,80,8,0,"",0,0,"",0,15
9301,"",882,"","",9301,"",0,1,0,0,20,-1,0.05,"",0,0,1,1,1,1,1,1,1,40,60,170,40,170,40,130,"",0,84,6,80,8,0,"",0,0,"",0,15
9302,"",912,"","",9301,"",0,1,1,0,20,-1,0.05,"",0,0,1,1,1,1,1,1,1,40,60,170,40,170,40,130,"",0,84,6,80,8,0,"",0,0,"",0,15
9303,"",94,"","",9301,"",0,1,0,0,20,-1,0.05,"",0,0,1,1,1,1,1,1,1,40,60,170,40,170,40,130,"",0,84,6,80,8,0,"",0,0,"",0,15
9401,"",94,"","",9401,"",0,1,0,0,20,-1,0.05,"",0,0,1,1,1,1,1,1,1,60,100,260,90,260,90,200,"",0,664,10,320,32,0,"",0,0,"",0,5
9501,"",886,"","",9501,"",0,1,0,0,20,-1,0.05,"",0,0,1,1,1,1,1,1,1,60,100,260,90,260,90,200,"",0,664,10,320,32,0,"",0,0,"",0,5
9601,"",986,"","",9601,"",0,1,0,0,20,-1,0.1,"",0,0,1,1,1,1,1,1,1,30,50,120,20,120,20,100,"",0,4,1,10,1,0,"",0,0,"",0,20
9701,"",97,"","",9701,"",0,1,0,0,20,-1,0.1,"",0,0,1,1,1,1,1,1,1,40,50,130,30,130,30,100,"",0,12,2,20,2,0,"",0,0,"",0,20
9702,"",576,"","",9701,"",0,1,0,0,20,-1,0.1,"",0,0,1,1,1,1,1,1,1,40,50,130,30,130,30,100,"",0,120,8,40,8,0,"",0,0,"",0,20
9801,"",458,"","",9801,"",0,1,0,0,20,-1,0.05,"",0,0,1,1,1,1,1,1,1,60,100,260,90,260,90,200,"",0,664,10,320,32,0,"",0,0,"",0,5
10001,"",90,"","",10001,"",0,1,0,0,20,-1,0.05,"",0,0,1,1,1,1,1,1,1,40,60,170,40,170,40,130,"",0,84,6,80,8,0,"",0,0,"",0,15
10002,"",100,"","",10002,"",0,1,0,0,20,-1,0.05,"",0,0,1,1,1,1,1,1,1,40,60,170,40,170,40,130,"",0,84,6,80,8,0,"",0,0,"",0,15
10003,"",338,"","",10003,"",0,0,1,0,20,-1,0,"",0,0,1,1,1,1,1,1,1,40,60,170,40,170,40,130,"",0,400,0,80,8,0,"",0,0,"",0,0
10101,"",732,"","",10101,"",0,1,0,0,20,-1,0.05,"",0,0,1,1,1,1,1,1,1,50,80,210,50,210,50,160,"",0,264,8,160,16,0,"",0,0,"",0,10
10102,"",451,"","",10102,"",0,1,0,0,20,-1,0.05,"",0,0,1,1,1,1,1,1,1,50,80,210,50,210,50,160,"",19,264,8,160,16,0,"",0,0,"",0,0
10201,"",974,"","",10201,"",0,1,0,0,20,-1,0.05,"",0,0,1,1,1,1,1,1,1,40,60,170,40,170,40,130,"",0,84,6,80,8,0,"",0,0,"",0,15
10301,"",72,"","",10301,"",0,0,0,0,20,-1,0.1,"",0,0,1,1,1,1,1,1,1,30,50,120,20,120,20,100,"",0,24,6,40,4,0,"",0,0,"",0,20
10302,"",805,"","",10302,"",0,1,0,0,20,-1,0.1,"",0,0,1,1,1,1,1,1,1,30,50,120,20,120,20,100,"",0,24,6,40,4,0,"",0,0,"",0,0
10401,"",104,"","",10401,"",0,1,1,0,20,1.9,0.05,"",0,0,1,1,1,1,1,1,1,60,100,260,90,260,90,200,"",0,1364,12,350,35,0,"",0,0,"",0,5
10402,"",965,"","",10402,"",0,1,0,0,20,-1,0.05,"",0,0,1,1,1,1,1,1,1,60,100,260,90,260,90,200,"",0,1364,12,350,35,22102,"",100,0,"",0,0
10403,"",682,"","",10403,"",0,1,0,0,20,1.9,0.05,"",0,0,1,1,1,1,1,1,1,60,100,260,90,260,90,200,"",0,1364,12,350,35,0,"",0,0,"",0,0
10501,"",844,"","",10501,"",0,1,0,0,20,-1,0.05,"",0,0,1,1,1,1,1,1,1,60,100,260,90,260,90,200,"",0,1364,12,350,35,0,"",0,0,"",0,5
10601,"",932,"","",10601,"",0,1,0,0,20,-1,0.05,"",0,0,1,1,1,1,1,1,1,60,100,260,90,260,90,200,"",0,1364,12,350,35,0,"",0,0,"",0,5
10602,"",771,"","",10602,"",0,1,0,0,20,-1,0.05,"",0,0,1,1,1,1,1,1,1,60,100,260,90,260,90,200,"",0,1364,12,350,35,22103,"",100,0,"",0,0
10701,"",10,"","",10701,"",0,1,0,0,20,-1,0.05,"",0,0,1,1,1,1,1,1,1,50,80,210,50,210,50,160,"",0,264,8,160,16,0,"",0,0,"",0,10
10702,"",894,"","",10701,"",0,1,1,0,20,-1,0.05,"",0,0,1,1,1,1,1,1,1,50,80,210,50,210,50,160,"",0,264,8,160,16,0,"",0,0,"",0,10
10703,"",107,"","",10701,"",0,1,0,0,20,-1,0.05,"",0,0,1,1,1,1,1,1,1,50,80,210,50,210,50,160,"",0,264,8,160,16,764,"",100,0,"",0,10
11101,"",208,"","",11101,"",0,1,0,0,20,-1,0.1,"",0,0,1,1,1,1,1,1,1,30,50,120,20,120,20,100,"",0,24,4,40,4,7,"",15,0,"",0,20
11102,"",183,"","",11101,"",0,1,0,0,20,-1,0.1,"",0,0,1,1,1,1,1,1,1,30,50,100,50,100,50,100,"",0,24,0,40,4,0,"",0,0,"",0,20
11103,"",177,"","",11101,"",0,1,0,0,20,-1,0.1,"",0,0,1,1,1,1,1,1,1,30,50,100,50,100,50,100,"",0,24,0,40,4,0,"",0,0,"",0,20
11201,"",494,"","",11201,"",0,1,0,0,20,-1,0.1,"",0,0,1,1,1,1,1,1,1,30,50,120,20,120,20,100,"",0,24,4,40,4,0,"",0,0,"",0,20
11301,"",113,"","",11301,"",0,1,0,0,20,-1,0.05,"",0,0,1,1,1,1,1,1,1,40,60,170,40,170,40,130,"",0,84,6,800,8,0,"",0,0,"",0,15
11302,"",396,"","",11302,"",0,1,0,0,20,-1,0.05,"",0,0,1,1,1,1,1,1,1,0,60,170,40,170,40,130,"",12,1000,0,5000,0,45,"",100,0,"",0,15
11401,"",966,"","",11401,"",0,1,0,0,20,-1,0.1,"",0,0,1,1,1,1,1,1,1,30,50,120,20,120,20,100,"",0,24,4,40,4,0,"",0,0,"",0,20
11501,"",322,"","",11501,"",0,1,0,0,20,-1,0.05,"",0,0,1,1,1,1,1,1,1,40,60,170,40,170,40,130,"",0,84,6,80,8,0,"",0,0,"",0,15
11601,"",427,"","",11601,"",0,1,0,0,20,-1,0.05,"",0,0,1,1,1,1,1,1,1,50,80,210,50,210,50,160,"",0,264,8,160,16,0,"",0,0,"",0,10
11701,"",114,"","",11701,"",0,1,0,0,20,-1,0.05,"",0,0,1,1,1,1,1,1,1,60,100,260,90,260,90,200,"",0,664,10,320,32,0,"",0,0,"",0,5
11801,"",776,"","",11801,"",0,1,0,0,20,-1,0.05,"",0,0,1,1,1,1,1,1,1,60,100,260,90,260,90,200,"",0,1364,12,350,35,0,"",0,0,"",0,5
12601,"",126,"","",12601,"",0,1,0,0,20,-1,0.05,"",0,0,1,1,1,1,1,1,1,60,100,260,90,260,90,200,"",0,664,10,320,32,0,"",0,0,"",0,5
12701,"",972,"","",12701,"",0,1,0,0,20,-1,0.05,"",0,0,1,1,1,1,1,1,1,60,100,260,90,260,90,200,"",0,664,10,320,32,0,"",0,0,"",0,5
12702,"",302,"","",12701,"",0,1,0,0,20,-1,0.05,"",0,0,1,1,1,1,1,1,1,60,100,260,90,260,90,200,"",0,664,10,320,32,0,"",0,0,"",0,0
12801,"",837,"","",12801,"",0,1,0,0,20,1.5,0.05,"",0,0,1,1,1,1,1,1,1,60,100,260,90,260,90,200,"",0,664,10,320,32,0,"",0,0,"",0,0
12802,"",809,"","",12802,"",0,1,0,0,20,-1,0.05,"",0,0,1,1,1,1,1,1,1,60,100,200,100,200,100,200,"",0,664,10,320,32,0,"",0,0,"",0,5
12901,"",801,"","",12901,"",0,1,0,0,20,-1,0.05,"",0,0,1,1,1,1,1,1,1,50,80,210,50,210,50,160,"",0,264,10,160,16,0,"",0,0,"",0,10
12902,"",211,"","",12902,"",0,1,1,0,20,-1,0.05,"",0,0,1,1,1,1,1,1,1,50,80,160,80,160,80,160,"",0,264,8,160,16,0,"",0,0,"",0,10
12903,"",989,"","",12901,"",0,1,0,0,20,-1,0.05,"",0,0,1,1,1,1,1,1,1,50,80,160,80,160,80,160,"",0,264,8,160,16,0,"",0,0,"",0,10
12904,"",704,"","",12902,"",0,1,0,0,20,-1,0.05,"",0,0,1,1,1,1,1,1,1,50,80,160,80,160,80,160,"",0,264,8,160,16,22135,"",100,0,"",0,0
13001,"",59,"","",13001,"",0,1,0,0,20,-1,0.05,"",0,0,1,1,1,1,1,1,1,40,60,170,40,170,40,130,"",0,84,8,80,8,0,"",0,0,"",0,15
13002,"",130,"","",13001,"",0,1,0,0,20,-1,0.05,"",0,0,1,1,1,1,1,1,1,0,0,0,0,0,0,0,"",0,84,8,80,8,0,"",0,0,"",0,15
13003,"",177,"","",13003,"",0,1,0,0,20,-1,0.05,"",0,0,1,1,1,1,1,1,1,40,60,170,40,170,40,130,"",0,84,8,80,8,0,"",0,0,"",0,0
13201,"",459,"","",13201,"",0,1,0,0,20,-1,0.05,"",0,0,1,1,1,1,1,1,1,50,80,210,50,210,50,160,"",0,264,8,160,16,1173,"",5,0,"",0,10
13301,"",779,"","",13301,"",0,1,0,0,20,-1,0.05,"",0,0,1,1,1,1,1,1,1,50,80,210,50,210,50,160,"",0,264,8,160,16,0,"",0,0,"",0,0
13302,"",133,"","",13301,"",0,1,0,0,20,-1,0.05,"",0,0,1,1,1,1,1,1,1,50,80,160,80,160,80,160,"",0,264,8,160,16,0,"",0,0,"",0,10
13401,"",756,"","",13401,"",0,0,1,0,20,-1,0.05,"",0,0,1,1,1,1,1,1,1,50,80,210,50,210,50,160,"",0,264,8,160,16,0,"",0,0,"",0,10
13501,"",376,"","",13501,"",0,1,0,0,20,-1,0.05,"",0,0,1,1,1,1,1,1,1,60,100,260,90,260,90,200,"",0,664,10,320,32,0,"",0,0,"",0,5
13601,"",921,"","",13601,"",0,1,0,0,20,-1,0.1,"",0,0,1,1,1,1,1,1,1,30,50,120,20,120,20,100,"",0,24,4,40,4,0,"",0,0,"",0,20
13701,"",217,"","",13701,"",0,1,0,0,20,-1,0.05,"",0,0,1,1,1,1,1,1,1,40,60,170,40,170,40,130,"",0,84,6,80,8,0,"",0,0,"",0,0
13801,"",138,"","",13801,"",0,1,0,0,20,-1,0.05,"",0,0,1,1,1,1,1,1,1,50,80,210,50,210,50,160,"",0,264,8,160,16,0,"",0,0,"",0,0
14001,"",815,"","",14001,"",0,1,0,0,20,-1,0.05,"",0,0,1,1,1,1,1,1,1,50,80,210,50,210,50,160,"",0,264,8,160,16,0,"",0,0,"",0,10
14101,"",754,"","",14101,"",0,1,0,0,20,-1,0.05,"",0,0,1,1,1,1,1,1,1,40,60,170,40,170,40,130,"",0,4,24,160,16,0,"",0,0,"",0,0
14201,"",142,"","",14201,"",0,1,0,0,20,-1,0.05,"",0,0,1,1,1,1,1,1,1,40,60,170,40,170,40,130,"",0,4,24,160,16,0,"",0,0,"",0,0
14401,"",144,"","",14401,"",0,1,0,0,20,-1,0.05,"",0,0,1,1,1,1,1,1,1,40,60,170,40,170,40,130,"",0,4,24,160,16,0,"",0,0,"",0,0
14501,"",440,"","",14501,"",0,1,0,0,20,-1,0.05,"",0,0,1,1,1,1,1,1,1,40,60,170,40,170,40,130,"",0,4,24,160,16,0,"",0,0,"",0,0
14601,"",704,"","",14601,"",0,1,0,0,20,-1,0.05,"",0,0,1,1,1,1,1,1,1,40,60,170,40,170,40,130,"",0,4,24,160,16,0,"",0,0,"",0,0
14701,"",147,"","",14701,"",0,1,0,0,20,-1,0.05,"",0,0,1,1,1,1,1,1,1,40,60,170,40,170,40,130,"",0,4,24,160,16,0,"",0,0,"",0,0
14801,"",115,"","",14801,"",0,1,0,0,20,-1,0.05,"",0,0,1,1,1,1,1,1,1,50,80,210,50,210,50,160,"",0,264,8,160,16,22119,"",100,0,"",0,0
14802,"",100,"","",14801,"",0,1,0,0,20,-1,0.05,"",0,0,1,1,1,1,1,1,1,50,80,210,50,210,50,160,"",0,264,8,160,16,0,"",0,0,"",0,10
14901,"",974,"","",14901,"",0,0,1,0,20,-1,0.05,"",0,0,1,1,1,1,1,1,1,50,80,210,50,210,50,160,"",0,264,8,160,16,0,"",0,0,"",0,0
15001,"",150,"","",15001,"",0,1,0,0,20,-1,0.05,"",0,0,1,1,1,1,1,1,1,60,100,260,90,260,90,200,"",0,664,10,320,32,0,"",0,0,"",0,5
15101,"",346,"","",15101,"",0,1,0,0,20,-1,0.1,"",0,0,1,1,1,1,1,1,1,30,50,120,20,120,20,100,"",0,24,4,40,4,0,"",0,0,"",0,20
15102,"",414,"","",15101,"",1,1,0,0,20,-1,0.1,"",0,0,1,1,1,1,1,1,1,30,50,100,50,100,50,100,"",0,24,4,40,4,0,"",0,0,"",0,20
16201,"",431,"","",16201,"",0,1,0,0,20,-1,0.05,"",0,0,1,1,1,1,1,1,1,50,80,210,50,210,50,160,"",0,10000,24,3200,16,0,"",0,0,"",0,0
16801,"",395,"","",16801,"",0,1,0,0,20,-1,0.05,"",0,0,1,1,1,1,1,1,1,60,100,260,90,260,90,200,"",0,664,10,320,32,0,"",0,0,"",0,5
16802,"",564,"","",16801,"",0,1,0,0,20,-1,0.05,"",0,0,1,1,1,1,1,1,1,60,100,200,100,200,100,200,"",0,664,10,320,32,0,"",0,0,"",0,5
16901,"",698,"","",16901,"",0,1,0,0,20,-1,0.05,"",0,0,1,1,1,1,1,1,1,60,100,260,90,260,90,200,"",12,50000,24,6400,160,0,"",0,0,"",0,0
17001,"",170,"","",17001,"",0,1,0,0,20,-1,0.05,"",0,0,1,1,1,1,1,1,1,60,100,260,90,260,90,200,"",12,50000,24,6400,160,0,"",0,0,"",0,5
17002,"",705,"","",17001,"",0,1,0,0,20,-1,0.05,"",0,0,1,1,1,1,1,1,1,60,100,200,100,200,100,200,"",0,664,10,320,32,0,"",0,0,"",0,5
17101,"",365,"","",17101,"",0,1,0,0,20,-1,0.05,"",0,0,1,1,1,1,1,1,1,60,100,260,90,260,90,200,"",0,664,10,320,32,0,"",0,0,"",0,5
17102,"",171,"","",17102,"",0,1,0,0,20,-1,0.05,"",0,0,1,1,1,1,1,1,1,60,100,200,100,200,100,200,"",0,664,10,320,32,0,"",0,0,"",0,5
17201,"",434,"","",17201,"",0,1,0,0,20,-1,0.05,"",0,0,1,1,1,1,1,1,1,60,100,260,90,260,90,200,"",12,50000,24,6400,160,0,"",0,0,"",0,5
17202,"",888,"","",17202,"",0,1,0,0,20,-1,0.05,"",0,0,1,1,1,1,1,1,1,60,100,200,100,200,100,200,"",0,664,10,320,32,0,"",0,0,"",0,5
17301,"",584,"","",17301,"",0,1,0,0,20,-1,0.05,"",0,0,1,1,1,1,1,1,1,60,100,260,90,260,90,200,"",0,664,10,320,32,0,"",0,0,"",0,5
17302,"",199,"","",17302,"",0,1,0,0,20,-1,0.05,"",0,0,1,1,1,1,1,1,1,60,100,200,100,200,100,200,"",0,664,10,320,32,0,"",0,0,"",0,5
17401,"",215,"","",17401,"",0,1,0,0,20,-1,0.05,"",0,0,1,1,1,1,1,1,1,60,100,260,90,260,90,200,"",21,664,10,320,32,0,"",0,0,"",0,0
17402,"",242,"","",17402,"",0,0,1,0,20,-1,0.05,"",0,0,1,1,1,1,1,1,1,60,100,200,100,200,100,200,"",12,664,10,320,32,0,"",0,0,"",0,5
17403,"",24,"","",17403,"",0,1,0,0,20,-1,0.05,"",0,0,1,1,1,1,1,1,1,60,100,260,90,260,90,200,"",21,50000,24,6400,160,0,"",0,0,"",0,5
17601,"",176,"","",17601,"",0,1,0,0,20,-1,0.05,"",0,0,1,1,1,1,1,1,1,60,100,260,90,260,90,200,"",12,50000,24,6400,160,0,"",0,0,"",0,5
17701,"",6,"","",17701,"",0,1,0,0,20,-1,0.05,"",0,0,1,1,1,1,1,1,1,50,80,210,50,210,50,160,"",0,664,8,160,16,0,"",0,0,"",0,10
17702,"",396,"","",17701,"",0,1,0,0,20,-1,0.05,"",0,0,1,1,1,1,1,1,1,0,0,0,0,0,0,0,"",0,0,0,0,0,0,"",0,0,"",0,0
17801,"",3,"","",17801,"",0,1,0,0,20,-1,0.05,"",0,0,1,1,1,1,1,1,1,60,100,260,90,260,90,200,"",0,664,10,320,32,0,"",0,0,"",0,5
17802,"",389,"","",17899,"",0,1,1,0,0,-1,0.05,"",0,0,1,1,1,1,1,1,1,60,100,260,90,260,90,200,"",0,0,0,320,32,0,"",0,0,"",0,0
17901,"",914,"","",17901,"",0,1,0,0,20,1.9,0.05,"",0,0,1,1,1,1,1,1,1,60,100,260,90,260,90,200,"",12,50000,24,6400,160,0,"",0,0,"",0,5
18001,"",310,"","",18001,"",0,1,0,0,20,-1,0.05,"",0,0,1,1,1,1,1,1,1,60,100,260,90,260,90,200,"",0,664,10,320,32,0,"",0,0,"",0,5
18002,"",378,"","",18002,"",0,1,0,0,20,-1,0.05,"",0,0,1,1,1,1,1,1,1,60,100,200,100,200,100,200,"",0,664,10,320,32,0,"",0,0,"",0,5
18101,"",139,"","",18101,"",0,1,0,0,20,-1,0.05,"",0,0,1,1,1,1,1,1,1,60,100,260,90,260,90,200,"",0,1364,12,320,32,0,"",0,0,"",0,5
18102,"",313,"","",18101,"",0,1,0,0,20,-1,0.05,"",0,0,1,1,1,1,1,1,1,60,100,200,100,200,100,200,"",0,1364,12,320,32,0,"",0,0,"",0,5
18301,"",429,"","",18301,"",0,1,0,0,20,-1,0.05,"",0,0,1,1,1,1,1,1,1,40,60,170,40,170,40,130,"",0,84,6,80,8,0,"",0,0,"",0,15
18302,"",973,"","",18301,"",0,1,0,0,20,-1,0.05,"",0,0,1,1,1,1,1,1,1,40,60,130,60,130,60,130,"",0,84,6,80,8,0,"",0,0,"",0,15
18401,"",613,"","",18401,"",0,1,0,0,20,-1,0.05,"",0,0,1,1,1,1,1,1,1,50,80,210,50,210,50,160,"",0,264,8,160,16,0,"",0,0,"",0,0
18501,"",75,"","",18501,"",0,1,0,0,20,-1,0.05,"",0,0,1,1,1,1,1,1,1,50,80,210,50,210,50,160,"",0,264,8,160,16,0,"",0,0,"",0,0
18601,"",308,"","",18601,"",0,1,0,0,20,-1,0.05,"",0,0,1,1,1,1,1,1,1,50,80,210,50,210,50,160,"",0,264,8,160,16,0,"",0,0,"",0,0
18701,"",3,"","",18701,"",0,1,0,0,20,-1,0.05,"",0,0,1,1,1,1,1,1,1,50,80,210,50,210,50,160,"",0,264,8,160,16,0,"",0,0,"",0,0
18801,"",188,"","",18801,"",0,1,0,0,20,-1,0.05,"",0,0,1,1,1,1,1,1,1,50,80,210,50,210,50,160,"",0,264,8,160,16,0,"",0,0,"",0,0
18901,"",944,"","",18901,"",0,1,0,0,20,-1,0.05,"",0,0,1,1,1,1,1,1,1,60,100,260,90,260,90,200,"",0,664,10,320,32,0,"",0,0,"",0,5
19001,"",57,"","",19001,"",0,1,0,0,20,-1,0.1,"",0,0,1,1,1,1,1,1,1,30,50,120,20,120,20,100,"",0,24,4,40,4,0,"",0,0,"",0,0
19101,"",928,"","",19101,"",0,1,0,0,20,-1,0.05,"",0,0,1,1,1,1,1,1,1,40,60,170,40,170,40,130,"",0,84,6,80,8,22123,"",100,0,"",0,0
19102,"",932,"","",19102,"",0,1,0,0,20,-1,0.05,"",0,0,1,1,1,1,1,1,1,40,60,170,40,170,40,130,"",0,84,6,80,8,0,"",0,0,"",0,0
19103,"",42,"","",19102,"",0,1,0,0,20,-1,0.05,"",0,0,1,1,1,1,1,1,1,0,60,170,40,170,40,130,"",0,84,6,80,8,0,"",0,0,"",0,0
19201,"",137,"","",19201,"",0,1,0,0,20,-1,0.05,"",0,0,1,1,1,1,1,1,1,50,80,210,50,210,50,160,"",0,264,8,160,16,22117,"",100,0,"",0,0
19301,"",304,"","",19301,"",0,1,0,0,20,-1,0.05,"",0,0,1,1,1,1,1,1,1,60,100,260,90,260,90,200,"",0,664,10,320,32,0,"",0,0,"",0,5
19401,"",194,"","",19401,"",0,1,0,0,20,-1,0.05,"",0,0,1,1,1,1,1,1,1,60,100,260,90,260,90,200,"",0,664,10,320,32,0,"",0,0,"",0,5
19501,"",627,"","",19501,"",0,1,0,0,20,-1,0.05,"",0,0,1,1,1,1,1,1,1,60,100,260,90,260,90,200,"",0,664,10,320,32,22106,"",100,0,"",0,0
19601,"",130,"","",19601,"",0,1,0,0,20,-1,0.05,"",0,0,1,1,1,1,1,1,1,60,100,260,90,260,90,200,"",0,664,10,320,32,0,"",0,0,"",0,5
19602,"",196,"","",19601,"",0,1,0,0,20,-1,0.05,"",0,0,1,1,1,1,1,1,1,0,0,0,0,0,0,0,"",0,0,0,0,0,0,"",0,0,"",0,0
19801,"",742,"","",19801,"",0,1,0,0,20,-1,0.05,"",0,0,1,1,1,1,1,1,1,50,80,210,50,210,50,160,"",0,264,8,160,16,0,"",0,0,"",0,10
19901,"",398,"","",19901,"",0,1,0,0,20,-1,0.05,"",0,0,1,1,1,1,1,1,1,50,80,210,50,210,50,160,"",0,264,8,160,16,0,"",0,0,"",0,10
19902,"",986,"","",19902,"",0,1,0,0,20,-1,0.05,"",0,0,1,1,1,1,1,1,1,150,80,160,80,160,80,160,"",0,264,8,160,16,22118,"",100,0,"",0,0
20801,"",596,"","",20801,"",0,1,0,0,20,-1,0.1,"",0,0,1,1,1,1,1,1,1,50,60,300,100,300,100,130,"",0,4,1,20,1,0,"",0,0,"",0,50
20802,"",208,"","",20802,"",0,1,0,0,20,-1,0.1,"",0,0,1,1,1,1,1,1,1,30,50,100,50,100,50,100,"",0,75,0,40,4,0,"",0,0,"",0,0
20901,"",209,"","",20901,"",0,1,0,0,20,-1,0.05,"",0,0,1,1,1,1,1,1,1,40,60,170,40,170,40,130,"",0,84,6,80,8,0,"",0,0,"",0,15
21001,"",676,"","",21001,"",0,1,0,0,20,-1,0.05,"",0,0,1,1,1,1,1,1,1,50,80,210,50,210,50,160,"",0,264,8,160,16,0,"",0,0,"",0,10
21002,"",912,"","",21001,"",0,1,0,0,20,-1,0.05,"",0,0,1,1,1,1,1,1,1,50,80,210,50,210,50,160,"",0,264,8,160,16,22122,"",100,0,"",0,0
21003,"",921,"","",21001,"",0,1,0,0,20,-1,0.05,"",0,0,1,1,1,1,1,1,1,0,80,210,0,210,0,160,"",0,264,8,160,16,0,"",0,0,"",0,0
21101,"",954,"","",21101,"",0,1,0,0,20,-1,0.05,"",0,0,1,1,1,1,1,1,1,50,80,210,50,210,50,160,"",0,264,8,160,16,0,"",0,0,"",0,10
21102,"",867,"","",21101,"",0,0,1,0,20,-1,0.05,"",0,0,1,1,1,1,1,1,1,50,80,210,50,210,50,160,"",0,264,8,160,16,0,"",0,0,"",0,10
21103,"",810,"","",21103,"",0,1,0,0,20,-1,0.05,"",0,0,1,1,1,1,1,1,1,50,80,210,50,210,50,160,"",0,264,8,160,16,22120,"",100,0,"",0,0
21301,"",906,"","",21301,"",0,1,0,0,20,-1,0.05,"",0,0,1,1,1,1,1,1,1,60,100,260,90,260,90,200,"",0,664,10,320,32,22104,"",100,0,"",0,0
21501,"",775,"","",21501,"",0,1,0,0,20,-1,0.05,"",0,0,1,1,1,1,1,1,1,60,100,260,90,260,90,200,"",0,1364,12,350,35,0,"",0,0,"",0,5
21701,"",217,"","",21701,"",0,1,0,0,20,-1,0.05,"",0,0,1,1,1,1,1,1,1,50,80,210,50,210,50,160,"",0,264,8,160,16,0,"",0,0,"",0,10
21702,"",917,"","",21701,"",0,1,0,0,20,-1,0.05,"",0,0,1,1,1,1,1,1,1,50,80,160,80,160,80,160,"",0,264,8,160,16,0,"",0,0,"",0,10
21801,"",453,"","",21801,"",0,1,0,0,20,-1,0.05,"",0,0,1,1,1,1,1,1,1,40,60,170,40,170,40,130,"",0,484,6,80,8,0,"",0,0,"",0,15
21901,"",307,"","",21901,"",0,1,0,0,20,-1,0.1,"",0,0,1,1,1,1,1,1,1,50,60,300,100,300,100,130,"",0,4,1,20,1,0,"",0,0,"",0,50
21902,"",219,"","",21902,"",0,1,1,0,20,-1,0.1,"",0,0,1,1,1,1,1,1,1,30,50,100,50,100,50,100,"",0,24,4,40,4,0,"",0,0,"",0,20
21903,"",342,"","",21903,"",0,1,0,0,20,-1,0.1,"",0,0,1,1,1,1,1,1,1,30,50,100,50,100,50,100,"",0,24,4,40,4,0,"",0,0,"",0,0
22001,"",181,"","",22001,"",0,1,1,0,20,-1,0.05,"",0,0,1,1,1,1,1,1,1,40,60,170,40,170,40,130,"",0,84,6,80,8,0,"",0,0,"",0,15
22002,"",409,"","",22002,"",0,1,0,0,20,-1,0.05,"",0,0,1,1,1,1,1,1,1,120,60,130,60,130,60,130,"",0,84,6,80,8,0,"",0,0,"",0,0
22003,"",938,"","",22003,"",0,1,0,0,20,-1,0.05,"",0,0,1,1,1,1,1,1,1,120,60,130,60,130,60,130,"",0,84,6,80,8,0,"",0,0,"",0,0
22201,"",576,"","",22201,"",0,1,0,0,20,-1,0.05,"",0,0,1,1,1,1,1,1,1,0,60,170,40,170,40,130,"",0,84,6,80,8,0,"",0,0,"",0,0
22301,"",919,"","",22301,"",0,1,0,0,20,-1,0.05,"",0,0,1,1,1,1,1,1,1,50,80,210,50,210,50,160,"",0,264,8,160,16,0,"",0,0,"",0,10
22401,"",512,"","",22401,"",0,1,0,0,20,-1,0.05,"",0,0,1,1,1,1,1,1,1,50,80,210,50,210,50,160,"",0,264,8,160,16,0,"",0,0,"",0,10
22501,"",225,"","",22501,"",0,1,1,0,20,-1,0.05,"",0,0,1,1,1,1,1,1,1,60,100,260,90,260,90,200,"",0,664,10,320,32,0,"",0,0,"",0,5
22502,"",225,"","",22501,"",0,1,0,0,20,-1,0.05,"",0,0,1,1,1,1,1,1,1,60,100,260,90,260,90,200,"",0,664,10,320,32,0,"",0,0,"",0,5
22503,"",576,"","",22501,"",0,1,0,0,20,-1,0.05,"",0,0,1,1,1,1,1,1,1,60,100,260,90,260,90,200,"",0,0,0,0,0,0,"",0,0,"",0,0
22504,"",55,"","",22502,"",0,1,0,0,20,-1,0.05,"",0,0,1,1,1,1,1,1,1,60,100,260,90,260,90,200,"",0,664,10,320,32,0,"",0,0,"",0,0
22601,"",138,"","",22601,"",0,1,1,0,20,-1,0.05,"",0,0,1,1,1,1,1,1,1,50,80,210,50,210,50,160,"",0,264,8,160,16,0,"",0,0,"",0,10
22602,"",679,"","",22602,"",0,1,0,0,20,-1,0.05,"",0,0,1,1,1,1,1,1,1,150,80,160,80,160,80,160,"",0,264,8,160,16,22121,"",100,0,"",0,0
22603,"",412,"","",22601,"",0,1,0,0,20,-1,0.05,"",0,0,1,1,1,1,1,1,1,50,80,210,50,210,50,160,"",0,264,8,160,16,0,"",0,0,"",0,10
22701,"",897,"","",22701,"",0,1,0,0,20,-1,0.05,"",0,0,1,1,1,1,1,1,1,60,100,260,90,260,90,200,"",0,664,10,320,32,0,"",0,0,"",0,0
22702,"",383,"","",22701,"",0,1,0,0,20,-1,0.05,"",0,0,1,1,1,1,1,1,1,60,100,260,90,260,90,200,"",0,664,10,320,32,0,"",0,0,"",0,0
22801,"",36,"","",22801,"",0,1,0,0,20,-1,0.05,"",0,0,1,1,1,1,1,1,1,40,60,170,40,170,40,130,"",0,84,6,80,8,0,"",0,0,"",0,15
22802,"",680,"","",22801,"",0,1,1,0,20,-1,0.05,"",0,0,1,1,1,1,1,1,1,40,60,170,40,170,40,130,"",0,84,6,80,8,0,"",0,0,"",0,15
22803,"",435,"","",22803,"",0,1,0,0,20,-1,0.05,"",0,0,1,1,1,1,1,1,1,40,60,170,40,170,40,130,"",0,84,6,80,8,22124,"",100,0,"",0,0
22901,"",687,"","",22901,"",0,1,0,0,20,-1,0.05,"",0,0,1,1,1,1,1,1,1,50,80,210,50,210,50,160,"",0,264,8,160,16,0,"",0,0,"",0,10
22902,"",229,"","",22901,"",0,1,1,0,20,-1,0.05,"",0,0,1,1,1,1,1,1,1,50,80,210,50,210,50,160,"",0,264,8,160,16,0,"",0,0,"",0,10
22903,"",709,"","",22901,"",0,0,0,0,20,-1,0.05,"",0,0,1,1,1,1,1,1,1,50,80,210,50,210,50,160,"",0,264,8,160,16,0,"",0,0,"",0,10
23001,"",427,"","",23001,"",0,1,0,0,20,-1,0.05,"",0,0,1,1,1,1,1,1,1,60,100,260,90,260,90,200,"",0,664,10,320,32,0,"",0,0,"",0,0
23101,"",231,"","",23101,"",0,1,0,0,20,-1,0.1,"",0,0,1,1,1,1,1,1,1,30,50,120,20,120,20,100,"",0,24,4,40,4,0,"",0,0,"",0,0
23102,"",766,"","",23102,"",0,1,0,0,20,-1,0.1,"",0,0,1,1,1,1,1,1,1,90,50,100,50,100,50,100,"",0,24,4,40,4,0,"",0,0,"",0,20
23103,"",705,"","",23101,"",0,1,0,0,20,-1,0.1,"",0,0,1,1,1,1,1,1,1,40,50,130,30,130,30,100,"",0,24,4,40,4,0,"",0,0,"",0,20
23201,"",933,"","",23201,"",0,1,0,0,20,-1,0.05,"",0,0,1,1,1,1,1,1,1,50,80,210,50,210,50,160,"",0,264,8,160,16,0,"",0,0,"",0,10
23301,"",372,"","",23301,"",0,1,0,0,20,-1,0.05,"",0,0,1,1,1,1,1,1,1,60,100,260,90,260,90,200,"",0,664,10,320,32,0,"",0,0,"",0,5
23501,"",235,"","",23501,"",0,1,0,0,20,-1,0.05,"",0,0,1,1,1,1,1,1,1,60,100,260,60,260,60,200,"",0,84,8,80,8,0,"",0,0,"",0,5
23701,"",177,"","",23701,"",0,1,0,0,20,-1,0.05,"",0,0,1,1,1,1,1,1,1,50,80,210,50,210,50,160,"",0,264,8,160,16,0,"",0,0,"",0,10
23702,"",345,"","",23701,"",0,1,0,0,20,-1,0.05,"",0,0,1,1,1,1,1,1,1,50,80,210,50,210,50,160,"",0,264,8,160,16,764,"",100,0,"",0,10
23703,"",309,"","",23702,"",0,1,0,0,20,-1,0.05,"",0,0,1,1,1,1,1,1,1,50,80,210,50,210,50,160,"",0,264,8,160,16,22112,"",100,0,"",0,0
23901,"",982,"","",23901,"",0,1,0,0,20,-1,0.05,"",0,0,1,1,1,1,1,1,1,50,80,210,50,210,50,160,"",0,264,8,160,16,0,"",0,0,"",0,10
23902,"",54,"","",23901,"",0,1,1,0,20,-1,0.05,"",0,0,1,1,1,1,1,1,1,50,80,210,50,210,50,160,"",0,264,8,160,16,0,"",0,0,"",0,10
24001,"",740,"","",24001,"",0,1,0,0,20,-1,0.05,"",0,0,1,1,1,1,1,1,1,40,60,170,40,170,40,130,"",0,84,8,80,8,0,"",0,0,"",0,15
24002,"",810,"","",24001,"",0,1,1,0,20,-1,0.05,"",0,0,1,1,1,1,1,1,1,40,60,170,40,170,40,130,"",0,84,8,80,8,0,"",0,0,"",0,15
24101,"",11,"","",24101,"",0,1,0,0,20,-1,0.1,"",0,0,1,1,1,1,1,1,1,20,60,200,20,200,20,130,"",0,4,2,10,1,0,"",0,0,"",0,100
24201,"",163,"","",24201,"",0,1,0,0,20,-1,0.1,"",0,0,1,1,1,1,1,1,1,20,60,200,20,200,20,130,"",0,4,2,20,2,0,"",0,0,"",0,100
30101,"",576,"","",30101,"",0,0,1,0,20,-1,0.05,"",0,0,1,1,1,1,1,1,1,50,80,210,50,210,50,160,"",0,264,8,160,16,0,"",0,0,"",0,10
30102,"",88,"","",30102,"",0,1,0,0,20,-1,0.05,"",0,0,1,1,1,1,1,1,1,50,80,210,50,210,50,160,"",0,0,0,0,0,0,"",0,0,"",0,0
30201,"",301,"","",30201,"",0,1,1,0,20,-1,0.05,"",0,0,1,1,1,1,1,1,1,50,80,210,50,210,50,160,"",0,264,8,160,16,0,"",0,0,"",0,10
30202,"",302,"","",30202,"",0,1,0,0,20,-1,0.05,"",0,0,1,1,1,1,1,1,1,50,80,210,50,210,50,160,"",0,264,8,160,16,0,"",0,0,"",0,0
30301,"",459,"","",30301,"",0,1,0,0,20,-1,0.1,"",0,0,1,1,1,1,1,1,1,30,50,120,20,120,20,100,"",0,4,1,20,1,0,"",0,0,"",0,0
30302,"",51,"","",30301,"",0,1,0,0,20,-1,0.1,"",0,0,1,1,1,1,1,1,1,50,60,300,100,300,100,130,"",0,4,1,20,1,0,"",0,0,"",0,50
30303,"",580,"","",30303,"",0,1,0,0,20,-1,0.1,"",0,0,1,1,1,1,1,1,1,30,50,120,20,120,20,100,"",0,4,1,20,1,0,"",0,0,"",0,0
30304,"",186,"","",30301,"",0,1,0,0,20,-1,0.1,"",0,0,1,1,1,1,1,1,1,30,50,120,20,120,20,100,"",0,24,4,40,4,0,"",0,0,"",0,50
30401,"",739,"","",30401,"",0,1,0,0,20,-1,0.05,"",0,0,1,1,1,1,1,1,1,40,60,170,40,170,40,130,"",0,84,6,80,8,0,"",0,0,"",0,15
30402,"",214,"","",30401,"",0,1,0,0,20,-1,0.05,"",0,0,1,1,1,1,1,1,1,0,0,0,0,0,0,0,"",0,0,0,0,0,0,"",0,0,"",0,0
30403,"",954,"","",30403,"",0,1,0,0,20,-1,0.05,"",0,0,1,1,1,1,1,1,1,40,60,170,40,170,40,130,"",0,84,6,80,8,0,"",0,0,"",0,0
30404,"",939,"","",30403,"",0,1,1,0,20,-1,0.05,"",0,0,1,1,1,1,1,1,1,40,60,170,40,170,40,130,"",0,84,6,80,8,0,"",0,0,"",0,15
30501,"",74,"","",30501,"",0,1,0,0,20,-1,0.05,"",0,0,1,1,1,1,1,1,1,50,80,210,50,210,50,160,"",0,264,8,160,16,0,"",0,0,"",0,0
30502,"",49,"","",30502,"",0,1,0,0,20,-1,0.05,"",0,0,1,1,1,1,1,1,1,50,80,210,50,210,50,160,"",0,264,8,160,16,0,"",0,0,"",0,10
30503,"",101,"","",30502,"",0,0,1,0,20,2,0.05,"",0,0,1,1,1,1,1,1,1,50,80,210,50,210,50,160,"",0,264,8,160,16,0,"",0,0,"",0,10
30601,"",920,"","",30601,"",0,1,0,0,20,-1,0.05,"",0,0,1,1,1,1,1,1,1,60,100,260,90,260,90,200,"",0,664,10,320,32,0,"",0,0,"",0,5
30602,"",959,"","",30601,"",0,1,1,0,20,1.85,0.05,"",0,0,1,1,1,1,1,1,1,60,100,260,90,260,90,200,"",0,664,10,320,32,0,"",0,0,"",0,5
30701,"",739,"","",30701,"",0,1,0,0,20,-1,0.1,"",0,0,1,1,1,1,1,1,1,0,50,120,20,120,20,100,"",0,4,1,20,1,0,"",0,0,"",0,0
30702,"",605,"","",30701,"",0,1,0,0,20,-1,0.1,"",0,0,1,1,1,1,1,1,1,30,50,100,50,100,50,100,"",0,24,4,40,4,0,"",0,0,"",0,20
30703,"",307,"","",30701,"",0,1,0,0,20,-1,0.1,"",0,0,1,1,1,1,1,1,1,0,50,120,20,120,20,100,"",0,4,1,20,1,0,"",0,0,"",0,20
30801,"",365,"","",30801,"",0,1,0,0,20,-1,0.05,"",0,0,1,1,1,1,1,1,1,40,60,170,40,170,40,130,"",0,84,6,80,8,0,"",0,0,"",0,15
30802,"",864,"","",30802,"",0,1,0,0,20,-1,0.05,"",0,0,1,1,1,1,1,1,1,40,60,170,40,170,40,130,"",0,84,6,80,8,0,"",0,0,"",0,0
30803,"",308,"","",30802,"",0,1,0,0,20,-1,0.05,"",0,0,1,1,1,1,1,1,1,0,60,170,40,170,40,130,"",0,84,6,80,8,0,"",0,0,"",0,0
30901,"",309,"","",30901,"",0,1,0,0,20,-1,0.05,"",0,0,1,1,1,1,1,1,1,50,80,210,50,210,50,160,"",0,264,8,160,16,0,"",0,0,"",0,10
31001,"",610,"","",31001,"",0,1,0,0,20,-1,0.05,"",0,0,1,1,1,1,1,1,1,60,100,260,90,260,90,200,"",0,664,10,320,32,0,"",0,0,"",0,5
31101,"",338,"","",31101,"",0,1,0,0,20,-1,0.05,"",0,0,1,1,1,1,1,1,1,50,80,210,50,210,50,160,"",0,264,8,160,16,0,"",0,0,"",0,10
31102,"",617,"","",31102,"",0,1,0,0,20,-1,0.05,"",0,0,1,1,1,1,1,1,1,150,80,160,80,160,80,160,"",0,264,8,160,16,0,"",0,0,"",0,10
31201,"",871,"","",31201,"",0,1,0,0,20,-1,0.05,"",0,0,1,1,1,1,1,1,1,60,100,260,90,260,90,200,"",0,664,10,320,32,0,"",0,0,"",0,5
31301,"",30,"","",31301,"",0,1,0,0,20,-1,0.05,"",0,0,1,1,1,1,1,1,1,40,60,170,40,170,40,130,"",0,84,6,80,8,0,"",0,0,"",0,15
31302,"",149,"","",31303,"",0,1,0,0,20,-1,0.05,"",0,0,1,1,1,1,1,1,1,40,60,170,40,170,40,130,"",0,84,6,80,8,0,"",0,0,"",0,0
31303,"",313,"","",31303,"",0,1,0,0,20,-1,0.05,"",0,0,1,1,1,1,1,1,1,40,60,170,40,170,40,130,"",0,84,6,80,8,0,"",0,0,"",0,0
31401,"",51,"","",31401,"",0,1,0,0,20,-1,0.05,"",0,0,1,1,1,1,1,1,1,40,60,170,40,170,40,130,"",0,84,6,80,8,0,"",0,0,"",0,15
31501,"",308,"","",31501,"",0,1,0,0,20,-1,0.05,"",0,0,1,1,1,1,1,1,1,60,100,260,90,260,90,200,"",0,664,10,320,32,0,"",0,0,"",0,5
31502,"",313,"","",31501,"",0,1,0,0,20,-1,0.05,"",0,0,1,1,1,1,1,1,1,60,100,260,90,260,90,200,"",0,664,10,320,32,0,"",0,0,"",0,0
31601,"",969,"","",31601,"",0,1,0,0,20,-1,0.1,"",0,0,1,1,1,1,1,1,1,0,0,0,0,0,0,0,"",0,4,2,10,1,0,"",0,0,"",0,100
31701,"",974,"","",31701,"",0,1,0,0,20,-1,0.1,"",0,0,1,1,1,1,1,1,1,20,60,200,20,200,20,130,"",0,4,2,10,1,0,"",0,0,"",0,100
31702,"",378,"","",31702,"",0,1,0,0,20,-1,0.1,"",0,0,1,1,1,1,1,1,1,20,60,200,20,200,20,130,"",0,4,2,10,1,0,"",0,0,"",0,100
31703,"",910,"","",31701,"",0,1,0,0,20,-1,0.1,"",0,0,1,1,1,1,1,1,1,0,60,200,20,200,20,130,"",0,4,2,10,1,0,"",0,0,"",0,100
31704,"",871,"","",31701,"",0,1,0,0,20,-1,0.1,"",0,0,1,1,1,1,1,1,1,40,60,270,100,270,100,160,"",0,4,2,10,1,0,"",0,0,"",0,100
32001,"",435,"","",32001,"",0,1,0,0,20,-1,0.1,"",0,0,1,1,1,1,1,1,1,20,60,200,20,200,20,130,"",0,4,2,10,1,0,"",0,0,"",0,100
32101,"",889,"","",32101,"",0,1,0,0,20,-1,0.1,"",0,0,1,1,1,1,1,1,1,40,60,270,100,270,100,160,"",0,1,1,10,1,0,"",0,0,"",0,100
32201,"",237,"","",32201,"",0,1,0,0,20,-1,0.1,"",0,0,1,1,1,1,1,1,1,50,60,30,20,30,20,130,"",0,1,1,10,1,0,"",0,0,"",0,0
32202,"",322,"","",32201,"",0,1,0,0,20,-1,0.1,"",0,0,1,1,1,1,1,1,1,40,60,270,100,270,100,160,"",0,1,1,10,1,0,"",0,0,"",0,100
32501,"",172,"","",32501,"",0,1,0,0,20,-1,0.1,"",0,0,1,1,1,1,1,1,1,20,60,200,20,200,20,130,"",0,4,2,20,2,0,"",0,0,"",0,100
32601,"",924,"","",32601,"",0,0,1,0,20,-1,0.05,"",0,0,1,1,1,1,1,1,1,40,60,170,40,170,40,130,"",0,84,6,80,8,0,"",0,0,"",0,15
32602,"",326,"","",32602,"",0,1,0,0,20,-1,0.05,"",0,0,1,1,1,1,1,1,1,40,60,170,40,170,40,130,"",0,84,6,80,8,0,"",0,0,"",0,0
32604,"",626,"","",32604,"",0,1,0,0,20,-1,0.05,"",0,0,1,1,1,1,1,1,1,40,60,170,40,170,40,130,"",0,84,6,80,8,0,"",0,0,"",0,0
32801,"",997,"","",32801,"",0,0,1,0,20,1.7,0.05,"",0,0,1,1,1,1,1,1,1,80,100,260,90,260,90,80,"",27,1364,12,350,35,0,"",0,0,"",0,0
33801,"",459,"","",33801,"",0,1,0,0,20,7,0.05,"",0,0,1,1,1,1,1,1,1,60,100,260,90,260,90,200,"",0,664,10,320,32,0,"",0,0,"",0,5
34101,"",729,"","",34101,"",0,1,0,0,20,-1,0.05,"",0,0,1,1,1,1,1,1,1,40,60,170,40,170,40,130,"",0,84,8,80,8,1172,"",5,0,"",0,15
34102,"",341,"","",34101,"",0,1,0,0,20,-1,0.05,"",0,0,1,1,1,1,1,1,1,0,0,0,0,0,0,0,"",0,0,0,0,0,0,"",0,0,"",0,0
34201,"",927,"","",34201,"",0,1,0,0,20,-1,0.05,"",0,0,1,1,1,1,1,1,1,50,80,210,50,210,50,160,"",0,564,10,160,16,0,"",0,0,"",0,10
34202,"",70,"","",34201,"",0,1,0,0,20,-1,0.05,"",0,0,1,1,1,1,1,1,1,50,80,210,50,210,50,160,"",0,264,10,160,16,22130,"",100,0,"",0,0
34301,"",702,"","",34301,"",0,1,0,0,20,-1,0.1,"",0,0,1,1,1,1,1,1,1,30,50,120,20,120,20,100,"",0,24,6,40,4,0,"",0,0,"",0,20
34302,"",147,"","",34302,"",0,1,0,0,20,-1,0.1,"",0,0,1,1,1,1,1,1,1,30,50,120,20,120,20,100,"",0,24,6,40,4,0,"",0,0,"",0,0
34401,"",416,"","",34401,"",0,1,0,0,20,1.5,0.05,"",0,0,1,1,1,1,1,1,1,40,60,170,40,170,40,130,"",0,84,6,80,8,0,"",0,0,"",0,0
34501,"",999,"","",34501,"",0,1,0,0,20,-1,0.05,"",0,0,1,1,1,1,1,1,1,50,80,210,50,210,50,160,"",0,264,8,160,16,1173,"",5,0,"",0,10
34502,"",408,"","",34502,"",0,1,0,0,20,-1,0.05,"",0,0,1,1,1,1,1,1,1,50,80,210,50,210,50,160,"",0,264,8,160,16,22134,"",100,0,"",0,0
34601,"",413,"","",34601,"",0,1,0,0,20,-1,0.05,"",0,0,1,1,1,1,1,1,1,60,100,260,90,260,90,200,"",0,1064,10,320,32,1174,"",5,0,"",0,5
34602,"",326,"","",34601,"",0,1,0,0,20,-1,0.05,"",0,0,1,1,1,1,1,1,1,60,100,260,90,260,90,200,"",0,664,10,320,32,0,"",0,0,"",0,5
34603,"",425,"","",34601,"",0,1,0,0,20,-1,0.05,"",0,0,1,1,1,1,1,1,1,60,100,260,90,260,90,200,"",0,664,10,320,32,0,"",0,0,"",0,5
34604,"",144,"","",34601,"",0,1,0,0,20,-1,0.05,"",0,0,1,1,1,1,1,1,1,0,100,260,90,260,90,200,"",0,664,10,320,32,0,"",0,0,"",0,0
34701,"",396,"","",34701,"",0,1,0,0,20,-1,0.05,"",0,0,1,1,1,1,1,1,1,40,60,170,40,170,40,130,"",0,84,8,80,8,0,"",0,0,"",0,15
34702,"",347,"","",34702,"",0,1,0,0,20,-1,0.05,"",0,0,1,1,1,1,1,1,1,40,60,170,40,170,40,130,"",0,84,8,80,8,0,"",0,0,"",0,0
34801,"",617,"","",34801,"",0,1,0,0,20,-1,0.1,"",0,0,1,1,1,1,1,1,1,30,50,120,20,120,20,100,"",0,24,6,40,4,0,"",0,0,"",0,20
34901,"",111,"","",34901,"",0,1,0,0,20,-1,0.05,"",0,0,1,1,1,1,1,1,1,40,60,170,40,170,40,130,"",0,84,6,80,8,0,"",0,0,"",0,15
35901,"",909,"","",35901,"",0,1,0,0,20,-1,0.05,"",0,0,1,1,1,1,1,1,1,50,80,210,50,210,50,160,"",0,264,8,160,16,0,"",0,0,"",0,0
36101,"",969,"","",36101,"",0,1,0,0,20,-1,0.1,"",0,0,1,1,1,1,1,1,1,30,50,120,20,120,20,100,"",0,24,4,40,4,22127,"",100,0,"",0,0
36301,"",931,"","",36301,"",0,1,0,0,20,-1,0.05,"",0,0,1,1,1,1,1,1,1,80,60,170,50,170,50,130,"",0,84,6,80,8,0,"",0,0,"",0,15
36302,"",776,"","",36302,"",0,1,0,0,20,-1,0.05,"",0,0,1,1,1,1,1,1,1,80,60,170,50,170,50,130,"",0,84,6,80,8,0,"",0,0,"",0,0
36401,"",178,"","",36401,"",0,1,0,0,20,-1,0.05,"",0,0,1,1,1,1,1,1,1,50,80,210,50,210,50,160,"",0,564,8,160,16,0,"",0,0,"",0,10
36402,"",406,"","",36402,"",0,1,0,0,20,-1,0.05,"",0,0,1,1,1,1,1,1,1,50,80,210,50,210,50,160,"",0,264,8,160,16,22145,"",100,0,"",0,0
36403,"",745,"","",36402,"",0,1,0,0,20,1.5,0.05,"",0,0,1,1,1,1,1,1,1,50,80,210,50,210,50,160,"",0,264,8,160,16,0,"",0,0,"",0,0
36501,"",474,"","",36501,"",0,1,0,0,20,-1,0.05,"",0,0,1,1,1,1,1,1,1,40,60,170,40,170,40,130,"",0,84,6,80,8,0,"",0,0,"",0,15
36701,"",81,"","",36701,"",0,1,0,0,20,-1,0.05,"",0,0,1,1,1,1,1,1,1,40,60,170,40,170,40,130,"",0,84,6,80,8,0,"",0,0,"",0,15
36702,"",917,"","",36701,"",0,1,0,0,20,-1,0.05,"",0,0,1,1,1,1,1,1,1,0,0,0,0,0,0,0,"",0,0,0,0,0,0,"",0,0,"",0,0
36703,"",737,"","",36703,"",0,1,0,0,20,-1,0.05,"",0,0,1,1,1,1,1,1,1,40,60,170,40,170,40,130,"",0,0,0,0,0,0,"",0,0,"",0,0
36704,"",961,"","",36703,"",0,1,0,0,20,-1,0.05,"",0,0,1,1,1,1,1,1,1,40,60,170,40,170,40,130,"",0,84,6,80,8,0,"",0,0,"",0,15
36801,"",802,"","",36801,"",0,1,0,0,20,-1,0.05,"",0,0,1,1,1,1,1,1,1,40,60,170,40,170,40,130,"",0,84,6,80,8,0,"",0,0,"",0,0
36901,"",631,"","",36901,"",0,1,0,0,20,-1,0.05,"",0,0,1,1,1,1,1,1,1,40,60,170,40,170,40,130,"",0,84,6,80,8,0,"",0,0,"",0,15
37001,"",452,"","",37001,"",0,1,0,0,20,-1,0.05,"",0,0,1,1,1,1,1,1,1,40,60,170,40,170,40,130,"",0,484,6,80,8,0,"",0,0,"",0,15
37002,"",370,"","",37001,"",0,1,0,0,20,-1,0.05,"",0,0,1,1,1,1,1,1,1,40,60,170,40,170,40,130,"",0,0,0,0,0,0,"",0,0,"",0,0
37003,"",622,"","",37001,"",0,1,0,0,20,-1,0.05,"",0,0,1,1,1,1,1,1,1,0,60,170,40,170,40,130,"",0,0,0,0,0,0,"",0,0,"",0,0
37101,"",390,"","",37101,"",0,1,0,0,20,-1,0.05,"",0,0,1,1,1,1,1,1,1,40,60,170,40,170,40,130,"",0,84,6,80,8,0,"",0,0,"",0,15
37201,"",985,"","",37201,"",0,1,0,0,20,-1,0.05,"",0,0,1,1,1,1,1,1,1,40,60,170,40,170,40,130,"",0,84,6,80,8,22125,"",100,0,"",0,0
37202,"",915,"","",37202,"",0,1,0,0,20,-1,0.05,"",0,0,1,1,1,1,1,1,1,0,60,0,0,0,0,0,"",0,250,0,80,8,0,"",0,0,"",0,15
37203,"",163,"","",37201,"",0,1,0,0,20,-1,0.05,"",0,0,1,1,1,1,1,1,1,40,60,170,40,170,40,130,"",0,84,6,80,8,0,"",100,0,"",0,15
37301,"",582,"","",37301,"",0,1,0,0,20,-1,0.05,"",0,0,1,1,1,1,1,1,1,40,60,170,40,170,40,130,"",0,84,6,80,8,22154,"",100,0,"",0,0
37302,"",44,"","",37302,"",0,1,0,0,20,-1,0.05,"",0,0,1,1,1,1,1,1,1,40,60,130,60,130,60,130,"",0,84,6,80,8,0,"",0,0,"",0,15
37401,"",699,"","",37401,"",0,1,0,0,20,-1,0.05,"",0,0,1,1,1,1,1,1,1,50,80,210,50,210,50,160,"",0,264,8,160,16,0,"",0,0,"",0,0
37402,"",434,"","",37402,"",0,1,0,0,20,-1,0.05,"",0,0,1,1,1,1,1,1,1,50,80,210,50,210,50,160,"",0,10,0,10,0,354,"",100,0,"",0,0
37501,"",198,"","",37501,"",0,1,0,0,20,-1,0.05,"",0,0,1,1,1,1,1,1,1,40,60,170,40,170,40,130,"",0,84,6,80,8,0,"",0,0,"",0,15
37601,"",71,"","",37601,"",0,1,0,0,20,-1,0.05,"",0,0,1,1,1,1,1,1,1,50,80,210,50,210,50,160,"",0,264,8,160,16,1174,"",5,0,"",0,10
37602,"",970,"","",37602,"",0,1,0,0,20,-1,0.05,"",0,0,1,1,1,1,1,1,1,50,80,210,50,210,50,160,"",0,264,8,160,16,0,"",0,0,"",0,10
37701,"",95,"","",37701,"",0,1,0,0,20,-1,0.05,"",0,0,1,1,1,1,1,1,1,40,60,170,40,170,40,130,"",0,84,6,80,8,0,"",0,0,"",0,0
37702,"",96,"","",37701,"",0,1,0,0,20,-1,0.05,"",0,0,1,1,1,1,1,1,1,0,60,0,0,0,0,0,"",0,84,6,80,8,30032,"",100,0,"",0,0
37801,"",312,"","",37801,"",0,1,0,0,20,-1,0.05,"",0,0,1,1,1,1,1,1,1,50,80,210,50,210,50,160,"",0,264,8,160,16,1171,"",5,0,"",0,10
37901,"",379,"","",37901,"",0,1,0,0,20,-1,0.05,"",0,0,1,1,1,1,1,1,1,50,80,210,50,210,50,160,"",0,264,8,160,16,0,"",0,0,"",0,10
37902,"",991,"","",37901,"",0,1,0,0,20,-1,0.05,"",0,0,1,1,1,1,1,1,1,50,80,210,50,210,50,160,"",0,264,8,160,16,0,"",0,0,"",0,10
38001,"",380,"","",38001,"",0,1,0,0,20,-1,0.05,"",0,0,1,1,1,1,1,1,1,0,0,0,0,0,0,0,"",0,0,0,0,0,0,"",0,0,"",0,0
38002,"",979,"","",38002,"",0,1,0,0,20,-1,0.05,"",0,0,1,1,1,1,1,1,1,150,80,160,80,160,80,160,"",0,264,8,160,16,0,"",0,0,"",0,10
38201,"",37,"","",38201,"",0,1,0,0,20,-1,0.05,"",0,0,1,1,1,1,1,1,1,40,60,170,60,170,60,130,"",0,4,36,320,32,0,"",0,0,"",0,0
38301,"",81,"","",38301,"",0,1,0,0,20,-1,0.05,"",0,0,1,1,1,1,1,1,1,60,100,260,90,260,90,200,"",0,664,10,320,32,0,"",0,0,"",0,5
38501,"",868,"","",38501,"",0,1,0,0,20,-1,0.05,"",0,0,1,1,1,1,1,1,1,60,100,260,90,260,90,200,"",0,664,10,320,32,0,"",0,0,"",0,5
38502,"",982,"","",38502,"",0,0,1,0,20,4,0.05,"",0,0,1,1,1,1,1,1,1,150,100,260,90,260,90,100,"",0,664,10,320,32,0,"",0,0,"",0,5
38701,"",802,"","",38701,"",0,1,0,0,20,-1,0.1,"",0,0,1,1,1,1,1,1,1,20,60,200,20,200,20,130,"",0,4,2,10,1,0,"",0,0,"",0,100
38702,"",767,"","",38702,"",0,1,0,0,20,-1,0.1,"",0,0,1,1,1,1,1,1,1,20,60,200,20,200,20,130,"",0,4,2,10,1,22144,"",100,0,"",0,100
38703,"",573,"","",38701,"",0,1,0,0,20,-1,0.1,"",0,0,1,1,1,1,1,1,1,20,60,200,20,200,20,130,"",0,4,2,10,1,0,"",0,0,"",0,100
38801,"",622,"","",38801,"",0,1,0,0,20,-1,0.1,"",0,0,1,1,1,1,1,1,1,40,60,270,100,270,100,160,"",0,4,2,20,2,0,"",0,0,"",0,100
38901,"",364,"","",38901,"",0,1,0,0,20,-1,0.1,"",0,0,1,1,1,1,1,1,1,30,50,120,20,120,20,100,"",0,12,2,40,2,0,"",0,0,"",0,20
38902,"",1,"","",38901,"",0,1,0,0,20,-1,0.1,"",0,0,1,1,1,1,1,1,1,30,50,100,50,100,50,100,"",0,24,4,40,4,0,"",0,0,"",0,20
39001,"",390,"","",39001,"",0,1,0,0,20,-1,0.1,"",0,0,1,1,1,1,1,1,1,30,50,120,20,120,20,100,"",0,24,4,40,4,0,"",0,0,"",0,20
39101,"",344,"","",39101,"",0,1,0,0,20,-1,0.1,"",0,0,1,1,1,1,1,1,1,30,50,120,20,120,20,100,"",0,24,4,40,4,0,"",0,0,"",0,0
39201,"",705,"","",39201,"",0,1,0,0,20,-1,0.1,"",0,0,1,1,1,1,1,1,1,30,50,120,20,120,20,100,"",0,12,2,20,2,1171,"",5,0,"",0,20
39301,"",134,"","",39301,"",0,1,0,0,20,-1,0.05,"",0,0,1,1,1,1,1,1,1,40,60,170,40,170,40,130,"",0,84,6,80,8,1171,"",5,0,"",0,15
39302,"",137,"","",39302,"",0,1,0,0,20,-1,0.05,"",0,0,1,1,1,1,1,1,1,40,60,170,40,170,40,130,"",0,84,6,80,8,0,"",0,0,"",0,15
39401,"",168,"","",39401,"",0,1,1,0,20,-1,0.05,"",0,0,1,1,1,1,1,1,1,40,60,170,40,170,40,130,"",0,84,6,80,8,0,"",0,0,"",0,15
39501,"",885,"","",39501,"",0,1,0,0,20,-1,0.05,"",0,0,1,1,1,1,1,1,1,40,60,170,40,170,40,130,"",0,84,6,80,8,0,"",0,0,"",0,15
39601,"",396,"","",39601,"",0,1,0,0,20,-1,0.05,"",0,0,1,1,1,1,1,1,1,40,60,170,40,170,40,130,"",0,84,6,80,8,0,"",0,0,"",0,15
39701,"",886,"","",39701,"",0,1,0,0,20,-1,0.05,"",0,0,1,1,1,1,1,1,1,40,60,170,40,170,40,130,"",0,84,6,80,8,0,"",0,0,"",0,15
39801,"",884,"","",39801,"",0,1,1,0,20,-1,0.05,"",0,0,1,1,1,1,1,1,1,40,60,170,40,170,40,130,"",0,84,6,80,8,0,"",0,0,"",0,15
39802,"",977,"","",39801,"",0,1,0,0,20,-1,0.05,"",0,0,1,1,1,1,1,1,1,0,0,0,0,0,0,0,"",0,0,0,0,0,0,"",0,0,"",0,0
39803,"",772,"","",39801,"",0,1,0,0,20,-1,0.05,"",0,0,1,1,1,1,1,1,1,40,60,170,40,170,40,130,"",0,84,6,80,8,0,"",0,0,"",0,15
39901,"",594,"","",39901,"",0,1,0,0,20,-1,0.05,"",0,0,1,1,1,1,1,1,1,40,60,170,40,170,40,130,"",0,84,6,80,8,0,"",0,0,"",0,15
39902,"",629,"","",39901,"",0,1,0,0,20,-1,0.05,"",0,0,1,1,1,1,1,1,1,40,60,170,40,170,40,130,"",0,84,6,80,8,0,"",0,0,"",0,0
40001,"",348,"","",40001,"",0,1,0,0,20,-1,0.05,"",0,0,1,1,1,1,1,1,1,50,80,210,50,210,50,160,"",0,264,8,160,16,0,"",0,0,"",0,0
40101,"",424,"","",40101,"",0,1,0,0,20,-1,0.05,"",0,0,1,1,1,1,1,1,1,50,80,210,50,210,50,160,"",0,264,8,160,16,0,"",0,0,"",0,10
40102,"",188,"","",40102,"",0,1,0,0,20,-1,0.05,"",0,0,1,1,1,1,1,1,1,0,80,0,0,0,0,0,"",0,700,8,160,16,0,"",0,0,"",0,0
40103,"",401,"","",40101,"",0,1,0,0,25,-1,0.05,"",0,0,1,1,1,1,1,1,1,0,0,0,0,0,0,0,"",0,0,0,0,0,0,"",0,0,"",0,0
40201,"",232,"","",40201,"",0,1,0,0,20,-1,0.05,"",0,0,1,1,1,1,1,1,1,50,80,210,50,210,50,160,"",0,0,0,0,0,0,"",0,0,"",0,0
40301,"",427,"","",40301,"",0,1,0,0,20,-1,0.05,"",0,0,1,1,1,1,1,1,1,50,80,210,50,210,50,160,"",0,2640,8,1600,16,0,"",0,0,"",0,10
40302,"",897,"","",40301,"",0,1,0,0,20,-1,0.05,"",0,0,1,1,1,1,1,1,1,50,80,160,80,160,80,160,"",0,264,8,160,16,0,"",0,0,"",0,10
40401,"",116,"","",40401,"",0,1,0,0,20,-1,0.05,"",0,0,1,1,1,1,1,1,1,50,80,210,50,210,50,160,"",0,464,8,160,16,0,"",0,0,"",0,10
40402,"",741,"","",40402,"",0,1,1,0,20,-1,0.05,"",0,0,1,1,1,1,1,1,1,0,80,0,0,0,0,0,"",0,1250,0,160,16,0,"",0,0,"",0,10
40501,"",100,"","",40501,"",0,1,0,0,20,-1,0.05,"",0,0,1,1,1,1,1,1,1,50,80,210,50,210,50,160,"",0,264,8,160,16,22109,"",100,0,"",0,0
40502,"",368,"","",40502,"",0,1,0,0,20,-1,0.05,"",0,0,1,1,1,1,1,1,1,50,80,210,50,210,50,160,"",0,264,8,160,16,0,"",0,0,"",0,10
40601,"",40,"","",40601,"",0,1,0,0,20,-1,0.05,"",0,0,1,1,1,1,1,1,1,50,80,210,50,210,50,160,"",0,264,8,160,16,0,"",0,0,"",0,10
40602,"",974,"","",40602,"",0,1,1,0,20,-1,0.05,"",0,0,1,1,1,1,1,1,1,50,80,160,80,160,80,160,"",0,264,8,160,16,0,"",0,0,"",0,10
40603,"",776,"","",40603,"",0,1,0,0,20,-1,0.05,"",0,0,1,1,1,1,1,1,1,50,80,160,80,160,80,160,"",0,264,8,160,16,0,"",0,0,"",0,0
40604,"",311,"","",40604,"",0,1,0,0,20,-1,0.05,"",0,0,1,1,1,1,1,1,1,50,80,210,50,210,50,160,"",0,264,8,160,16,0,"",0,0,"",0,10
40701,"",57,"","",40701,"",0,1,0,0,20,-1,0.05,"",0,0,1,1,1,1,1,1,1,50,80,210,50,210,50,160,"",0,264,8,160,16,22113,"",100,0,"",0,0
40801,"",176,"","",40801,"",0,1,0,0,20,-1,0.05,"",0,0,1,1,1,1,1,1,1,50,80,210,50,210,50,160,"",0,264,8,160,16,0,"",0,0,"",0,10
40901,"",474,"","",40901,"",0,1,0,0,20,-1,0.05,"",0,0,1,1,1,1,1,1,1,50,80,210,50,210,50,160,"",0,664,8,160,16,0,"",0,0,"",0,10
40902,"",880,"","",40901,"",0,1,0,0,20,-1,0.05,"",0,0,1,1,1,1,1,1,1,0,80,210,50,210,50,160,"",0,264,8,160,16,0,"",0,0,"",0,0
41001,"",952,"","",41001,"",0,1,0,0,20,-1,0.05,"",0,0,1,1,1,1,1,1,1,50,80,210,50,210,50,160,"",0,264,8,160,16,0,"",0,0,"",0,10
41101,"",87,"","",41101,"",0,1,0,0,20,-1,0.05,"",0,0,1,1,1,1,1,1,1,50,80,210,50,210,50,160,"",0,128,8,80,16,0,"",0,0,"",0,0
41102,"",3,"","",41101,"",0,1,0,0,20,-1,0.05,"",0,0,1,1,1,1,1,1,1,50,80,210,50,210,50,160,"",0,564,8,160,16,0,"",0,0,"",0,10
41103,"",214,"","",41101,"",0,1,0,0,20,-1,0.05,"",0,0,1,1,1,1,1,1,1,50,80,210,50,210,50,160,"",0,264,8,160,16,22136,"",100,0,"",0,0
41201,"",111,"","",41201,"",0,1,0,0,20,-1,0.05,"",0,0,1,1,1,1,1,1,1,50,80,210,50,210,50,160,"",0,264,8,160,16,22149,"",100,0,"",0,0
41202,"",699,"","",41202,"",0,1,0,0,20,-1,0.05,"",0,0,1,1,1,1,1,1,1,50,80,210,50,210,50,160,"",0,564,8,160,16,0,"",0,0,"",0,10
41203,"",412,"","",41201,"",0,1,0,0,20,-1,0.05,"",0,0,1,1,1,1,1,1,1,0,0,0,0,0,0,0,"",0,0,0,0,0,0,"",0,0,"",0,0
41301,"",413,"","",41301,"",0,1,0,0,20,-1,0.05,"",0,0,1,1,1,1,1,1,1,50,80,210,50,210,50,160,"",0,264,8,160,16,0,"",0,0,"",0,10
41401,"",342,"","",41401,"",0,1,0,0,20,-1,0.05,"",0,0,1,1,1,1,1,1,1,50,80,210,50,210,50,160,"",0,264,8,160,16,0,"",0,0,"",0,10
41402,"",1,"","",41401,"",0,1,0,0,20,-1,0.05,"",0,0,1,1,1,1,1,1,1,50,80,210,50,210,50,160,"",0,264,8,160,16,0,"",0,0,"",0,10
41701,"",969,"","",41701,"",0,1,0,0,20,-1,0.05,"",0,0,1,1,1,1,1,1,1,60,100,260,90,260,90,200,"",0,664,10,320,32,0,"",0,0,"",0,5
41901,"",6,"","",41901,"",0,1,0,0,20,-1,0.05,"",0,0,1,1,1,1,1,1,1,60,100,260,90,260,90,200,"",0,664,10,320,32,0,"",0,0,"",0,5
42001,"",408,"","",42001,"",0,1,0,0,20,1.7,0.05,"",0,0,1,1,1,1,1,1,1,60,100,260,90,260,90,200,"",0,1364,12,350,35,0,"",0,0,"",0,0
42002,"",420,"","",42002,"",0,1,0,0,20,1.7,0.05,"",0,0,1,1,1,1,1,1,1,60,100,260,90,260,90,200,"",0,1364,12,350,35,0,"",0,0,"",0,0
42101,"",56,"","",42101,"",0,1,0,0,20,-1,0.05,"",0,0,1,1,1,1,1,1,1,60,100,260,90,260,90,200,"",0,664,10,320,32,0,"",0,0,"",0,0
42201,"",422,"","",42201,"",0,1,0,0,20,-1,0.05,"",0,0,1,1,1,1,1,1,1,90,100,0,170,0,150,130,"",0,664,10,320,32,0,"",0,60,"",100,5
42202,"",32,"","",42201,"",0,1,0,0,20,-1,0.05,"",0,0,1,1,1,1,1,1,1,50,80,210,70,210,70,160,"",0,264,8,160,16,0,"",0,0,"",0,5
42301,"",489,"","",42301,"",0,1,0,0,20,-1,0.05,"",0,0,1,1,1,1,1,1,1,60,100,260,90,260,90,200,"",0,664,10,320,32,0,"",0,0,"",0,5
42302,"",196,"","",42302,"",0,1,1,0,20,-1,0.05,"",0,0,1,1,1,1,1,1,1,60,100,260,90,260,90,200,"",0,664,10,320,32,0,"",0,0,"",0,5
42401,"",702,"","",42401,"",0,1,0,0,20,-1,0.05,"",0,0,1,1,1,1,1,1,1,60,100,260,90,260,90,200,"",0,664,10,320,32,0,"",0,0,"",0,0
42501,"",425,"","",42501,"",0,1,0,0,20,-1,0.05,"",0,0,1,1,1,1,1,1,1,60,100,260,90,260,90,200,"",0,664,10,320,32,0,"",0,0,"",0,5
42601,"",975,"","",42601,"",0,1,0,0,20,-1,0.05,"",0,0,1,1,1,1,1,1,1,60,100,260,90,260,90,200,"",0,964,10,320,32,0,"",0,0,"",0,5
42701,"",36,"","",42702,"",0,1,0,0,20,-1,0.05,"",0,0,1,1,1,1,1,1,1,60,100,260,90,260,90,200,"",0,864,10,320,32,1172,"",5,0,"",0,5
42702,"",925,"","",42702,"",0,1,0,0,20,-1,0.05,"",0,0,1,1,1,1,1,1,1,60,100,260,90,260,90,200,"",0,664,10,320,32,22129,"",100,0,"",0,0
42703,"",235,"","",42701,"",0,1,0,0,20,-1,0.05,"",0,0,1,1,1,1,1,1,1,60,100,260,90,260,90,200,"",0,664,10,320,32,0,"",0,0,"",0,0
42801,"",428,"","",42801,"",0,1,0,0,20,-1,0.05,"",0,0,1,1,1,1,1,1,1,60,100,260,90,260,90,200,"",0,664,10,320,32,0,"",0,0,"",0,0
42802,"",439,"","",42802,"",0,1,0,0,20,-1,0.05,"",0,0,1,1,1,1,1,1,1,180,100,200,100,200,100,200,"",0,664,10,320,32,0,"",0,0,"",0,5
42901,"",371,"","",42901,"",0,1,0,0,20,-1,0.05,"",0,0,1,1,1,1,1,1,1,60,100,260,90,260,90,200,"",0,664,10,320,32,0,"",0,0,"",0,5
42902,"",398,"","",42901,"",0,1,0,0,20,-1,0.05,"",0,0,1,1,1,1,1,1,1,60,100,260,90,260,90,200,"",0,664,10,320,32,0,"",0,0,"",0,0
43101,"",985,"","",43101,"",0,1,0,0,20,-1,0.05,"",0,0,1,1,1,1,1,1,1,60,100,260,90,260,90,200,"",0,664,10,320,32,0,"",0,0,"",0,5
43102,"",328,"","",43102,"",0,1,0,0,20,-1,0.05,"",0,0,1,1,1,1,1,1,1,60,100,200,100,200,100,200,"",0,664,10,320,32,0,"",0,0,"",0,5
43401,"",371,"","",43401,"",0,1,0,0,20,-1,0.05,"",0,0,1,1,1,1,1,1,1,60,100,260,90,260,90,200,"",0,664,10,320,32,22108,"",100,0,"",0,0
43402,"",126,"","",43402,"",0,1,0,0,20,-1,0.05,"",0,0,1,1,1,1,1,1,1,60,100,200,100,200,100,200,"",0,664,10,320,32,0,"",0,0,"",0,5
43501,"",435,"","",43501,"",0,1,0,0,20,-1,0.05,"",0,0,1,1,1,1,1,1,1,60,100,260,90,260,90,200,"",0,1364,12,350,35,0,"",0,0,"",0,5
43701,"",611,"","",43701,"",0,1,0,0,20,-1,0.1,"",0,0,1,1,1,1,1,1,1,40,60,270,100,270,100,160,"",0,4,2,10,1,0,"",0,0,"",0,100
45901,"",606,"","",43801,"",0,1,0,0,20,-1,0.1,"",0,0,1,1,1,1,1,1,1,40,60,300,90,300,90,200,"",0,4,2,20,2,0,"",0,0,"",0,0
43802,"",438,"","",43802,"",0,1,0,0,20,-1,0.1,"",0,0,1,1,1,1,1,1,1,40,60,300,90,300,90,200,"",0,4,2,20,2,0,"",0,0,"",0,100
43901,"",301,"","",43901,"",0,1,1,0,20,-1,0.05,"",0,0,1,1,1,1,1,1,1,60,100,260,90,260,90,200,"",0,664,10,320,32,0,"",0,0,"",0,5
44002,"",391,"","",44002,"",0,1,0,0,20,-1,0.05,"",0,0,1,1,1,1,1,1,1,60,100,100,100,100,100,200,"",12,300,0,320,32,0,"",0,0,"",0,5
44003,"",940,"","",44003,"",0,1,0,0,20,-1,0.05,"",0,0,1,1,1,1,1,1,1,60,100,200,100,200,100,200,"",12,2000,10,320,32,0,"",0,0,"",0,5
45001,"",724,"","",45001,"",0,1,0,0,20,-1,0.05,"",0,0,1,1,1,1,1,1,1,60,100,260,90,260,90,200,"",0,664,10,320,32,1172,"",5,0,"",0,5
45101,"",879,"","",45101,"",0,1,0,0,20,-1,0.05,"",0,0,1,1,1,1,1,1,1,60,100,260,90,260,90,200,"",0,964,10,320,32,0,"",0,0,"",0,5
45198,"",451,"","",45101,"",0,1,0,0,20,-1,0.05,"",0,0,1,1,1,1,1,1,1,0,100,0,0,0,0,0,"",45198,664,10,320,32,0,"",0,0,"",0,5
45201,"",742,"","",45201,"",0,1,0,0,20,-1,0.05,"",0,0,1,1,1,1,1,1,1,40,60,170,40,170,40,130,"",0,84,6,80,8,0,"",0,0,"",0,15
45202,"",911,"","",45201,"",0,1,1,0,20,-1,0.05,"",0,0,1,1,1,1,1,1,1,40,60,170,40,170,40,130,"",0,84,6,80,8,0,"",0,0,"",0,15
45301,"",576,"","",45301,"",0,1,1,0,20,-1,0.05,"",0,0,1,1,1,1,1,1,1,60,100,260,90,260,90,200,"",0,664,10,320,32,0,"",0,0,"",0,5
45401,"",52,"","",45401,"",0,1,0,0,20,-1,0.05,"",0,0,1,1,1,1,1,1,1,40,60,170,40,170,40,130,"",0,84,6,80,8,17,"",20,0,"",0,15
45402,"",895,"","",45401,"",0,1,0,0,20,-1,0.05,"",0,0,1,1,1,1,1,1,1,40,60,170,40,170,40,130,"",0,84,6,80,8,0,"",0,0,"",0,15
45501,"",100,"","",45501,"",0,1,0,0,20,-1,0.05,"",0,0,1,1,1,1,1,1,1,40,60,170,40,170,40,130,"",0,84,8,80,8,0,"",0,0,"",0,15
45601,"",74,"","",45601,"",0,1,0,0,20,-1,0.05,"",0,0,1,1,1,1,1,1,1,40,60,170,40,170,40,130,"",0,84,6,80,8,22153,"",100,0,"",0,0
45701,"",457,"","",45701,"",0,1,0,0,20,-1,0.1,"",0,0,1,1,1,1,1,1,1,30,50,120,20,120,20,100,"",0,24,4,40,4,0,"",0,0,"",0,20
45702,"",605,"","",45701,"",0,1,0,0,20,-1,0.1,"",0,0,1,1,1,1,1,1,1,0,50,120,20,120,20,100,"",0,24,4,40,4,0,"",0,0,"",0,0
45703,"",457,"","",45701,"",0,1,0,0,20,-1,0.1,"",0,0,1,1,1,1,1,1,1,30,50,120,20,120,20,100,"",0,24,4,40,4,0,"",0,0,"",0,20
45801,"",886,"","",45801,"",0,1,0,0,20,-1,0.1,"",0,0,1,1,1,1,1,1,1,50,50,30,20,30,20,100,"",0,3,7,10,7,1,"",75,0,"",0,0
45802,"",107,"","",45801,"",0,1,0,0,20,-1,0.1,"",0,0,1,1,1,1,1,1,1,50,60,290,175,300,175,130,"",0,3,7,10,7,1,"",10,0,"",0,50
45803,"",383,"","",45801,"",0,1,0,0,20,-1,0.1,"",0,0,1,1,1,1,1,1,1,40,50,130,30,130,30,100,"",0,12,2,20,2,1,"",10,0,"",0,30
46101,"",208,"","",46101,"",0,1,0,0,20,-1,0.05,"",0,0,1,1,1,1,1,1,1,60,100,260,90,260,90,200,"",0,664,10,320,32,0,"",0,0,"",0,0
46102,"",463,"","",46102,"",0,1,0,0,20,-1,0.05,"",0,0,1,1,1,1,1,1,1,60,100,200,100,200,100,200,"",0,664,10,320,32,0,"",0,0,"",0,5
46103,"",461,"","",46102,"",0,1,0,0,20,-1,0.05,"",0,0,1,1,1,1,1,1,1,60,100,200,100,200,100,200,"",0,664,10,320,32,0,"",0,0,"",0,0
46301,"",747,"","",46301,"",0,1,0,0,20,-1,0.05,"",0,0,1,1,1,1,1,1,1,40,60,170,40,170,40,130,"",0,84,6,80,8,0,"",0,0,"",0,15
46501,"",173,"","",46501,"",0,1,0,0,20,-1,0.05,"",0,0,1,1,1,1,1,1,1,60,100,260,90,260,90,200,"",0,664,10,320,32,0,"",0,0,"",0,5
46601,"",50,"","",46601,"",0,1,0,0,20,-1,0.1,"",0,0,1,1,1,1,1,1,1,40,60,300,30,300,30,200,"",0,4,2,20,2,0,"",0,0,"",0,0
46602,"",404,"","",46601,"",0,1,0,0,20,-1,0.1,"",0,0,1,1,1,1,1,1,1,0,60,200,20,200,20,130,"",0,4,2,20,2,0,"",0,0,"",0,100
46603,"",466,"","",46602,"",0,1,0,0,20,-1,0.1,"",0,0,1,1,1,1,1,1,1,20,60,130,60,130,60,130,"",0,4,2,20,2,0,"",0,0,"",0,100
47401,"",484,"","",47401,"",0,1,1,0,20,-1,0.05,"",0,0,1,1,1,1,1,1,1,40,60,170,40,170,40,130,"",0,664,10,320,32,0,"",0,0,"",0,15
47901,"",597,"","",47901,"",0,0,1,0,20,-1,0.05,"",0,0,1,1,1,1,1,1,1,50,80,210,50,210,50,160,"",0,264,8,160,16,0,"",0,0,"",0,10
48901,"",874,"","",48901,"",0,0,1,0,20,3,0.05,"",0,0,1,1,1,1,1,1,1,60,100,200,100,200,100,80,"",31,664,10,320,32,0,"",0,0,"",0,0
49001,"",724,"","",49001,"",0,0,1,0,20,3,0.05,"",0,0,1,1,1,1,1,1,1,60,100,200,100,200,100,80,"",32,664,10,320,32,0,"",0,0,"",0,0
49101,"",103,"","",49101,"",0,1,0,0,20,-1,0.05,"",0,0,1,1,1,1,1,1,1,60,100,200,100,200,100,200,"",0,264,8,160,16,22110,"",100,0,"",0,0
49201,"",428,"","",49201,"",0,1,1,0,20,-1,0.05,"",0,0,1,1,1,1,1,1,1,60,100,200,100,200,100,200,"",12,25000,10,3200,32,0,"",0,0,"",0,5
51001,"",766,"","",51001,"",0,1,0,0,20,-1,0.1,"",0,0,1,1,1,1,1,1,1,20,60,200,20,200,20,130,"",0,4,2,20,2,0,"",0,0,"",0,100
51201,"",993,"","",51201,"",0,1,0,0,20,-1,0.1,"",0,0,1,1,1,1,1,1,1,20,60,200,20,200,20,130,"",0,4,2,20,2,0,"",0,0,"",0,100
51401,"",92,"","",51401,"",0,1,0,0,20,-1,0.1,"",0,0,1,1,1,1,1,1,1,0,0,0,0,0,0,0,"",0,4,2,20,2,0,"",0,0,"",0,100
51402,"",514,"","",51401,"",0,1,0,0,20,-1,0.1,"",0,0,1,1,1,1,1,1,1,20,60,200,20,200,20,130,"",0,4,2,20,2,0,"",0,0,"",0,100
51501,"",880,"","",51501,"",0,1,0,0,20,-1,0.1,"",0,0,1,1,1,1,1,1,1,20,60,200,20,200,20,130,"",0,4,2,20,2,0,"",0,0,"",0,100
54801,"",375,"","",54801,"",0,1,0,0,20,-1,0.05,"",0,0,1,1,1,1,1,1,1,40,60,170,40,170,40,130,"",0,84,6,80,8,0,"",0,0,"",0,15
54802,"",422,"","",54802,"",0,1,0,0,20,-1,0.05,"",0,0,1,1,1,1,1,1,1,120,60,130,60,130,60,130,"",0,84,6,80,8,0,"",0,0,"",0,0
54803,"",144,"","",54801,"",0,1,0,0,20,-1,0.05,"",0,0,1,1,1,1,1,1,1,40,60,170,40,170,40,130,"",0,84,6,80,8,0,"",0,0,"",0,15
56401,"",864,"","",56401,"",0,1,0,0,20,-1,0.1,"",0,0,1,1,1,1,1,1,1,30,50,120,20,120,20,100,"",0,24,4,40,4,0,"",0,0,"",0,20
56701,"",800,"","",56701,"",0,1,0,0,20,-1,0.1,"",0,0,1,1,1,1,1,1,1,20,60,200,20,200,20,130,"",0,4,2,20,2,0,"",0,0,"",0,100
56901,"",837,"","",56901,"",0,1,0,0,20,-1,0.1,"",0,0,1,1,1,1,1,1,1,30,50,130,30,130,30,100,"",0,24,4,40,4,7,"",10,0,"",0,20
56902,"",39,"","",56901,"",0,1,0,0,20,-1,0.1,"",0,0,1,1,1,1,1,1,1,50,60,310,100,310,100,130,"",0,24,4,40,4,7,"",10,10569,"",5,20
57301,"",371,"","",57301,"",0,1,0,0,20,-1,0.1,"",0,0,1,1,1,1,1,1,1,30,50,120,20,120,20,100,"",0,24,4,40,4,0,"",0,0,"",0,20
57401,"",987,"","",57401,"",0,1,0,0,20,-1,0.05,"",0,0,1,1,1,1,1,1,1,40,60,170,40,170,40,130,"",0,84,6,80,8,0,"",0,0,"",0,15
57501,"",43,"","",57501,"",0,1,0,0,20,-1,0.05,"",0,0,1,1,1,1,1,1,1,50,80,210,50,210,50,160,"",0,264,8,160,16,0,"",0,0,"",0,10
57601,"",627,"","",57601,"",0,1,0,0,20,-1,0.05,"",0,0,1,1,1,1,1,1,1,50,80,210,50,210,50,160,"",0,264,8,160,16,22150,"",100,0,"",0,0
57602,"",456,"","",57602,"",0,1,0,0,20,-1,0.05,"",0,0,1,1,1,1,1,1,1,50,80,210,50,210,50,160,"",0,564,8,160,16,0,"",0,0,"",0,10
57701,"",177,"","",57701,"",0,1,0,0,20,-1,0.1,"",0,0,1,1,1,1,1,1,1,30,50,120,20,120,20,100,"",0,24,6,40,4,0,"",0,0,"",0,20
57702,"",577,"","",57701,"",0,1,0,0,20,-1,0.1,"",0,0,1,1,1,1,1,1,1,30,50,120,20,120,20,100,"",0,24,4,40,4,0,"",0,0,"",0,20
57801,"",989,"","",57801,"",0,1,0,0,20,-1,0.1,"",0,0,1,1,1,1,1,1,1,30,50,120,20,120,20,100,"",0,24,4,40,4,0,"",0,0,"",0,20
57901,"",107,"","",57901,"",0,1,1,0,20,-1,0.05,"",0,0,1,1,1,1,1,1,1,40,60,170,40,170,40,130,"",0,84,6,80,8,0,"",0,0,"",0,15
58001,"",669,"","",58001,"",0,1,1,0,20,-1,0.05,"",0,0,1,1,1,1,1,1,1,40,60,170,40,170,40,130,"",0,84,6,80,8,0,"",0,0,"",0,15
58201,"",998,"","",58201,"",0,1,0,0,20,-1,0.1,"",0,0,1,1,1,1,1,1,1,30,50,120,20,120,20,100,"",0,24,4,40,4,0,"",5,0,"",0,20
58401,"",91,"","",58401,"",0,1,0,0,20,-1,0.05,"",0,0,1,1,1,1,1,1,1,50,80,210,50,210,50,160,"",0,264,8,160,16,0,"",0,0,"",0,10
58402,"",118,"","",58401,"",0,1,0,0,20,-1,0.05,"",0,0,1,1,1,1,1,1,1,50,80,210,50,210,50,160,"",0,264,8,160,16,0,"",0,0,"",0,10
58403,"",740,"","",58401,"",0,1,0,0,20,-1,0.05,"",0,0,1,1,1,1,1,1,1,0,80,210,50,210,50,160,"",0,264,8,160,16,0,"",0,0,"",0,0
58601,"",895,"","",58601,"",0,1,0,0,20,-1,0.05,"",0,0,1,1,1,1,1,1,1,40,60,170,40,170,40,130,"",0,84,6,80,8,0,"",0,0,"",0,15
58602,"",395,"","",58601,"",0,1,0,0,20,-1,0.05,"",0,0,1,1,1,1,1,1,1,0,0,0,0,0,0,0,"",0,0,0,0,0,0,"",0,0,"",0,0
58801,"",77,"","",58801,"",0,1,0,0,20,1,0.05,"",0,0,1,1,1,1,1,1,1,50,80,210,50,210,50,160,"",0,664,8,160,16,1174,"",5,0,"",0,10
59001,"",919,"","",59001,"",0,1,0,0,20,-1,0.05,"",0,0,1,1,1,1,1,1,1,40,60,170,40,170,40,130,"",0,84,6,80,8,0,"",0,0,"",0,15
59201,"",884,"","",59201,"",0,1,0,0,20,-1,0.05,"",0,0,1,1,1,1,1,1,1,40,60,170,40,170,40,130,"",0,84,6,80,8,0,"",5,0,"",0,15
59202,"",938,"","",59202,"",0,1,0,0,20,-1,0.05,"",0,0,1,1,1,1,1,1,1,120,60,130,60,130,60,130,"",0,84,6,80,8,0,"",0,0,"",0,15
59401,"",743,"","",59401,"",0,1,0,0,20,-1,0.1,"",0,0,1,1,1,1,1,1,1,30,50,120,20,120,20,100,"",0,24,4,40,4,1173,"",5,0,"",0,20
59501,"",740,"","",59501,"",0,1,0,0,20,-1,0.1,"",0,0,1,1,1,1,1,1,1,50,50,30,20,30,20,100,"",0,3,5,10,5,0,"",0,0,"",0,0
59502,"",595,"","",59501,"",0,1,0,0,20,-1,0.1,"",0,0,1,1,1,1,1,1,1,50,60,300,100,300,100,130,"",0,3,5,10,5,0,"",0,0,"",0,50
59503,"",210,"","",59501,"",0,1,0,0,20,-1,0.1,"",0,0,1,1,1,1,1,1,1,30,50,120,20,120,20,100,"",0,3,5,4,5,0,"",0,0,"",0,40
59601,"",569,"","",59601,"",0,1,0,0,20,-1,0.05,"",0,0,1,1,1,1,1,1,1,50,80,210,50,210,50,160,"",0,264,8,160,16,0,"",0,0,"",0,10
59701,"",97,"","",59701,"",0,1,0,0,20,-1,0.05,"",0,0,1,1,1,1,1,1,1,40,60,170,40,170,40,130,"",0,84,6,80,8,0,"",0,0,"",0,15
59702,"",735,"","",59701,"",0,1,0,0,20,-1,0.05,"",0,0,1,1,1,1,1,1,1,0,0,0,0,0,0,0,"",0,0,0,0,0,0,"",0,0,"",0,0
59703,"",924,"","",59703,"",0,1,0,0,20,-1,0.05,"",0,0,1,1,1,1,1,1,1,40,60,170,40,170,40,130,"",0,84,6,80,8,0,"",0,0,"",0,0
59801,"",669,"","",59801,"",0,1,0,0,20,-1,0.05,"",0,0,1,1,1,1,1,1,1,40,60,170,40,170,40,130,"",0,84,6,80,8,22152,"",100,0,"",0,0
60001,"",600,"","",60001,"",0,1,0,0,20,-1,0.05,"",0,0,1,1,1,1,1,1,1,60,100,260,90,260,90,200,"",0,664,10,320,32,0,"",0,0,"",0,5
60101,"",574,"","",60101,"",0,1,0,0,20,-1,0.05,"",0,0,1,1,1,1,1,1,1,40,60,170,40,170,40,130,"",12,8400,16,2400,160,0,"",0,0,"",0,15
60201,"",741,"","",60201,"",0,1,0,0,20,-1,0.05,"",0,0,1,1,1,1,1,1,1,50,80,210,50,210,50,160,"",0,264,8,160,16,22111,"",100,0,"",0,0
60301,"",778,"","",60301,"",0,1,0,0,20,-1,0.05,"",0,0,1,1,1,1,1,1,1,60,100,260,90,260,90,200,"",0,664,10,320,32,0,"",0,0,"",0,5
60401,"",604,"","",60401,"",0,1,0,0,20,-1,0.05,"",0,0,1,1,1,1,1,1,1,60,100,260,90,260,90,200,"",0,1364,12,350,35,0,"",0,0,"",0,5
60501,"",750,"","",60501,"",0,1,0,0,20,-1,0.05,"",0,0,1,1,1,1,1,1,1,50,80,210,50,210,50,160,"",0,264,8,160,16,0,"",0,0,"",0,10
60601,"",776,"","",60601,"",0,0,0,0,20,-1,0.05,"",0,0,1,1,1,1,1,1,1,50,80,210,50,210,50,160,"",0,264,10,160,16,0,"",0,0,"",0,10
60602,"",606,"","",60602,"",0,1,0,0,20,-1,0.05,"",0,0,1,1,1,1,1,1,1,50,80,160,80,160,80,160,"",0,400,0,160,16,0,"",0,0,"",0,10
60701,"",235,"","",60701,"",0,1,0,0,20,-1,0.1,"",0,0,1,1,1,1,1,1,1,50,60,300,100,300,100,130,"",0,4,1,20,1,1,"",20,0,"",0,20
60901,"",176,"","",60901,"",0,1,0,0,20,-1,0.1,"",0,0,1,1,1,1,1,1,1,30,50,120,20,120,20,100,"",0,24,4,40,4,1,"",20,0,"",0,20
61001,"",984,"","",61001,"",0,1,0,0,20,-1,0.05,"",0,0,1,1,1,1,1,1,1,40,60,170,40,170,40,130,"",0,84,6,80,8,1172,"",5,0,"",0,15
61101,"",70,"","",61101,"",0,1,0,0,20,-1,0.1,"",0,0,1,1,1,1,1,1,1,30,50,120,20,120,20,130,"",0,24,4,40,4,0,"",0,0,"",0,20
61301,"",613,"","",61301,"",0,1,0,0,20,-1,0.05,"",0,0,1,1,1,1,1,1,1,60,100,260,90,260,90,200,"",12,664,10,320,32,0,"",0,0,"",0,5
61302,"",962,"","",61301,"",0,1,0,0,20,-1,0.05,"",0,0,1,1,1,1,1,1,1,60,100,260,90,260,90,200,"",0,664,10,320,32,0,"",0,0,"",0,5
61303,"",811,"","",61301,"",0,1,0,0,20,-1,0.05,"",0,0,1,1,1,1,1,1,1,60,100,260,90,260,90,200,"",19,664,10,320,32,0,"",0,0,"",0,0
61401,"",84,"","",61401,"",0,1,0,0,20,-1,0.05,"",0,0,1,1,1,1,1,1,1,60,100,260,90,260,90,200,"",0,664,10,320,32,22143,"",100,0,"",0,0
61402,"",17,"","",61402,"",0,1,0,0,20,-1,0.05,"",0,0,1,1,1,1,1,1,1,60,100,260,90,260,90,200,"",19,664,10,320,32,0,"",0,0,"",0,0
61501,"",963,"","",61501,"",0,1,0,0,20,-1,0.05,"",0,0,1,1,1,1,1,1,1,40,60,170,40,170,40,130,"",0,84,8,80,8,0,"",0,0,"",0,15
61502,"",479,"","",61502,"",0,1,0,0,20,-1,0.05,"",0,0,1,1,1,1,1,1,1,40,60,130,60,130,60,130,"",0,84,6,80,8,0,"",0,0,"",0,15
61601,"",716,"","",61601,"",0,1,0,0,20,-1,0.05,"",0,0,1,1,1,1,1,1,1,60,100,260,90,260,90,200,"",0,664,10,320,32,0,"",0,0,"",0,5
61701,"",180,"","",61701,"",0,1,0,0,20,-1,0.05,"",0,0,1,1,1,1,1,1,1,60,100,260,90,260,90,200,"",0,664,10,320,32,0,"",0,0,"",0,5
61702,"",699,"","",61701,"",0,1,0,0,20,-1,0.05,"",0,0,1,1,1,1,1,1,1,60,100,260,90,260,90,200,"",0,664,10,320,32,0,"",0,0,"",0,5
62101,"",864,"","",62101,"",0,1,0,0,20,-1,0.05,"",0,0,1,1,1,1,1,1,1,40,60,170,40,170,40,130,"",0,84,6,80,8,0,"",0,0,"",0,15
62102,"",345,"","",62102,"",0,1,0,0,20,-1,0.05,"",0,0,1,1,1,1,1,1,1,40,60,170,40,170,40,130,"",0,84,6,80,8,22126,"",100,0,"",0,0
62201,"",582,"","",62201,"",0,1,0,0,20,-1,0.1,"",0,0,1,1,1,1,1,1,1,30,50,120,20,120,20,100,"",0,424,4,40,4,0,"",0,0,"",0,20
62202,"",376,"","",62202,"",0,1,0,0,20,-1,0.1,"",0,0,1,1,1,1,1,1,1,30,50,120,20,120,20,100,"",0,424,4,40,4,0,"",0,0,"",0,20
62301,"",191,"","",62301,"",0,1,0,0,20,-1,0.1,"",0,0,1,1,1,1,1,1,1,30,50,120,20,120,20,100,"",0,24,4,40,4,0,"",0,0,"",0,20
62302,"",958,"","",62301,"",0,1,0,0,20,-1,0.1,"",0,0,1,1,1,1,1,1,1,30,50,120,20,120,20,100,"",0,24,4,40,4,0,"",0,0,"",0,20
62601,"",999,"","",62601,"",0,1,0,0,20,-1,0.1,"",0,0,1,1,1,1,1,1,1,50,60,310,100,310,100,130,"",0,4,5,20,5,7,"",10,0,"",0,20
62602,"",373,"","",62601,"",0,1,0,0,20,-1,0.1,"",0,0,1,1,1,1,1,1,1,30,50,130,30,130,30,100,"",0,24,4,40,4,7,"",10,0,"",0,20
62701,"",58,"","",62701,"",0,1,0,0,20,-1,0.05,"",0,0,1,1,1,1,1,1,1,50,80,210,50,210,50,160,"",0,464,8,160,16,0,"",0,0,"",0,10
62901,"",988,"","",62901,"",0,1,0,0,20,-1,0.1,"",0,0,1,1,1,1,1,1,1,20,60,200,20,200,20,130,"",0,4,2,10,1,0,"",0,0,"",0,100
62902,"",69,"","",62901,"",0,1,0,0,20,-1,0.1,"",0,0,1,1,1,1,1,1,1,40,60,270,100,270,100,160,"",0,4,2,10,1,0,"",0,0,"",0,100
63001,"",630,"","",63001,"",0,1,0,0,20,-1,0.05,"",0,0,1,1,1,1,1,1,1,80,60,320,120,320,120,130,"",0,42,3,40,4,0,"",0,0,"",0,15
63002,"",582,"","",63001,"",0,1,0,0,20,-1,0.05,"",0,0,1,1,1,1,1,1,1,40,60,170,40,170,40,130,"",0,84,6,80,8,0,"",0,0,"",0,15
63101,"",371,"","",63101,"",0,1,0,0,20,-1,0.1,"",0,0,1,1,1,1,1,1,1,0,60,200,20,200,20,130,"",0,0,0,0,0,0,"",0,0,"",0,100
63201,"",918,"","",63201,"",0,1,0,0,20,-1,0.05,"",0,0,1,1,1,1,1,1,1,60,100,260,90,260,90,200,"",0,664,10,320,32,0,"",0,0,"",0,0
63202,"",378,"","",63202,"",0,1,0,0,20,-1,0.05,"",0,0,1,1,1,1,1,1,1,180,100,200,100,200,100,200,"",0,664,10,320,32,0,"",0,0,"",0,5
66901,"",998,"","",66901,"",0,1,0,0,20,-1,0.05,"",0,0,1,1,1,1,1,1,1,50,80,210,50,210,50,160,"",0,4,24,160,16,0,"",0,0,"",0,0
67501,"",675,"","",67501,"",0,1,0,0,20,-1,0.05,"",0,0,1,1,1,1,1,1,1,50,80,210,70,210,70,160,"",0,4,36,320,32,0,"",0,0,"",0,0
67601,"",676,"","",67601,"",0,1,0,0,20,-1,0.05,"",0,0,1,1,1,1,1,1,1,50,80,210,50,210,50,160,"",0,404,24,160,16,0,"",0,0,"",0,0
67602,"",11,"","",67602,"",0,1,0,0,20,-1,0.05,"",0,0,1,1,1,1,1,1,1,50,80,160,80,160,80,160,"",0,4,24,160,16,0,"",0,0,"",0,0
67701,"",677,"","",67701,"",0,1,0,0,20,-1,0.05,"",0,0,1,1,1,1,1,1,1,50,80,210,70,210,70,160,"",0,4,36,320,32,0,"",0,0,"",0,0
67801,"",77,"","",67801,"",0,1,0,0,20,-1,0.05,"",0,0,1,1,1,1,1,1,1,50,80,210,70,210,70,160,"",0,4,36,320,32,0,"",0,0,"",0,0
67901,"",767,"","",67901,"",0,1,0,0,20,-1,0.05,"",0,0,1,1,1,1,1,1,1,50,80,210,50,210,50,160,"",0,4,24,160,16,0,"",0,0,"",0,0
68001,"",676,"","",68001,"",0,0,1,0,20,-1,0.05,"",0,0,1,1,1,1,1,1,1,50,80,210,50,210,50,160,"",0,4,24,160,16,0,"",0,0,"",0,0
68101,"",987,"","",68101,"",0,1,0,0,20,-1,0.05,"",0,0,1,1,1,1,1,1,1,50,80,210,50,210,50,160,"",0,4,24,160,16,0,"",0,0,"",0,0
68201,"",747,"","",68201,"",0,1,0,0,20,-1,0.1,"",0,0,1,1,1,1,1,1,1,30,50,120,20,120,20,100,"",0,24,4,40,4,1173,"",5,0,"",0,20
68202,"",103,"","",68202,"",0,1,0,0,20,-1,0.1,"",0,0,1,1,1,1,1,1,1,90,50,100,50,100,50,100,"",0,24,4,40,4,0,"",0,0,"",0,20
68301,"",150,"","",68301,"",0,1,0,0,20,-1,0.05,"",0,0,1,1,1,1,1,1,1,50,80,210,70,210,70,160,"",0,664,10,320,32,0,"",0,0,"",0,10
68701,"",229,"","",68701,"",0,1,0,0,20,-1,0.1,"",0,0,1,1,1,1,1,1,1,30,50,120,20,120,20,100,"",0,24,4,40,4,0,"",0,0,"",0,0
68801,"",697,"","",68801,"",0,0,1,0,20,-1,0.05,"",0,0,1,1,1,1,1,1,1,60,100,260,90,260,90,200,"",0,18000,24,3200,320,0,"",0,0,"",0,5
68802,"",766,"","",68802,"",0,0,0,0,20,-1,0.05,"",0,0,1,1,1,1,1,1,1,60,100,260,90,260,90,200,"",0,664,10,320,32,0,"",0,0,"",0,0
69701,"",914,"","",69701,"",0,1,0,0,20,-1,0.1,"",0,0,1,1,1,1,1,1,1,30,50,120,20,120,20,100,"",0,24,4,40,4,0,"",0,0,"",0,20
69801,"",217,"","",69801,"",0,0,1,0,20,-1,0.05,"",0,0,1,1,1,1,1,1,1,40,60,170,40,170,40,130,"",0,84,6,80,8,0,"",0,0,"",0,0
69901,"",27,"","",69901,"",0,1,1,0,20,-1,0.05,"",0,0,1,1,1,1,1,1,1,50,80,210,50,210,50,160,"",0,264,8,160,16,0,"",0,0,"",0,10
70001,"",474,"","",70001,"",0,1,0,0,20,-1,0.05,"",0,0,1,1,1,1,1,1,1,60,100,260,90,260,90,200,"",0,664,10,320,32,0,"",0,0,"",0,5
70101,"",883,"","",70101,"",0,1,0,0,20,-1,0.1,"",0,0,1,1,1,1,1,1,1,30,50,120,20,120,20,100,"",0,24,4,40,4,0,"",0,0,"",0,20
70102,"",882,"","",70102,"",0,1,0,0,20,-1,0.1,"",0,0,1,1,1,1,1,1,1,30,50,120,20,120,20,100,"",0,24,4,40,4,0,"",0,0,"",0,0
70201,"",766,"","",70201,"",0,1,0,0,20,-1,0.05,"",0,0,1,1,1,1,1,1,1,40,60,170,40,170,40,130,"",0,84,6,80,8,0,"",0,0,"",0,15
70301,"",229,"","",70301,"",0,1,1,0,20,-1,0.05,"",0,0,1,1,1,1,1,1,1,60,100,260,90,260,90,200,"",0,664,10,320,32,0,"",0,0,"",0,5
70302,"",703,"","",70302,"",0,1,0,0,20,-1,0.05,"",0,0,1,1,1,1,1,1,1,60,100,260,90,260,90,200,"",0,664,10,320,32,0,"",0,0,"",0,0
70401,"",704,"","",70401,"",0,1,0,0,20,-1,0.05,"",0,0,1,1,1,1,1,1,1,60,100,260,90,260,90,200,"",0,664,10,320,32,0,"",0,0,"",0,0
70402,"",704,"","",70402,"",0,1,0,0,20,-1,0.05,"",0,0,1,1,1,1,1,1,1,60,100,200,100,200,100,200,"",0,664,10,320,32,0,"",0,0,"",0,5
70501,"",309,"","",70501,"",0,1,0,0,20,-1,0.1,"",0,0,1,1,1,1,1,1,1,30,50,120,20,120,20,100,"",0,24,4,40,4,22155,"",100,0,"",0,0
70502,"",322,"","",70501,"",0,1,0,0,20,-1,0.1,"",0,0,1,1,1,1,1,1,1,0,50,120,20,120,20,100,"",0,24,4,40,4,0,"",0,0,"",0,0
70503,"",977,"","",70501,"",0,1,0,0,20,-1,0.1,"",0,0,1,1,1,1,1,1,1,0,50,0,0,0,0,0,"",0,250,0,40,4,30142,"",100,0,"",0,0
70504,"",705,"","",70502,"",0,1,0,0,20,-1,0.1,"",0,0,1,1,1,1,1,1,1,0,50,120,20,120,20,100,"",0,24,4,40,4,0,"",0,0,"",0,20
70601,"",706,"","",70601,"",0,1,0,0,20,-1,0.1,"",0,0,1,1,1,1,1,1,1,30,50,120,20,120,20,100,"",0,24,6,10,2,7,"",60,0,"",0,20
70701,"",313,"","",70701,"",0,1,0,0,20,-1,0.1,"",0,0,1,1,1,1,1,1,1,30,50,120,20,120,20,100,"",0,24,4,40,4,22156,"",100,0,"",0,0
70801,"",800,"","",70801,"",0,1,0,0,20,-1,0.1,"",0,0,1,1,1,1,1,1,1,30,50,120,20,120,20,100,"",0,24,4,40,4,7,"",20,10708,"",5,20
70802,"",921,"","",70802,"",0,1,1,0,20,-1,0.1,"",0,0,1,1,1,1,1,1,1,30,50,120,20,120,20,100,"",0,24,4,40,4,0,"",0,0,"",0,20
70803,"",708,"","",70802,"",0,1,1,0,20,-1,0.1,"",0,0,1,1,1,1,1,1,1,50,60,300,100,300,100,130,"",0,24,4,40,4,0,"",0,0,"",0,20
70901,"",707,"","",70901,"",0,1,0,0,20,-1,0.1,"",0,0,1,1,1,1,1,1,1,30,50,120,20,120,20,100,"",0,24,6,40,4,0,"",0,0,"",0,20
70902,"",317,"","",70901,"",0,1,0,0,20,-1,0.1,"",0,0,1,1,1,1,1,1,1,30,50,120,20,120,20,100,"",0,24,6,40,4,22142,"",100,0,"",0,0
71001,"",55,"","",71001,"",0,1,0,0,20,-1,0.05,"",0,0,1,1,1,1,1,1,1,40,60,170,40,170,40,130,"",0,84,6,80,8,0,"",0,0,"",0,15
71101,"",68,"","",71101,"",0,1,0,0,20,-1,0.05,"",0,0,1,1,1,1,1,1,1,40,60,170,40,170,40,130,"",0,84,6,80,8,0,"",0,0,"",0,15
71601,"",391,"","",71601,"",0,1,0,0,20,-1,0.05,"",0,0,1,1,1,1,1,1,1,40,60,170,40,170,40,130,"",0,4,24,160,16,0,"",0,0,"",0,0
71801,"",229,"","",71801,"",0,1,0,0,20,-1,0.05,"",0,0,1,1,1,1,1,1,1,50,80,210,50,210,50,160,"",0,264,8,160,16,0,"",0,0,"",0,10
71802,"",492,"","",71801,"",0,1,0,0,20,-1,0.05,"",0,0,1,1,1,1,1,1,1,50,80,210,50,210,50,160,"",0,264,8,160,16,0,"",0,0,"",0,10
71901,"",719,"","",71901,"",0,1,0,0,20,-1,0.05,"",0,0,1,1,1,1,1,1,1,50,80,210,50,210,50,160,"",0,264,8,160,16,0,"",0,0,"",0,10
72001,"",27,"","",72001,"",0,1,0,0,20,-1,0.05,"",0,0,1,1,1,1,1,1,1,50,80,210,50,210,50,160,"",0,264,8,160,16,0,"",0,0,"",0,10
72101,"",921,"","",72101,"",0,1,0,0,20,-1,0.05,"",0,0,1,1,1,1,1,1,1,50,80,210,50,210,50,160,"",0,464,8,160,16,0,"",0,0,"",0,10
72201,"",629,"","",72201,"",0,1,0,0,20,-1,0.05,"",0,0,1,1,1,1,1,1,1,50,80,210,50,210,50,160,"",0,264,8,160,16,22148,"",100,0,"",0,0
72301,"",688,"","",72301,"",0,1,0,0,20,-1,0.05,"",0,0,1,1,1,1,1,1,1,50,80,210,50,210,50,160,"",0,264,8,160,16,22131,"",100,0,"",0,0
72302,"",579,"","",72302,"",0,1,0,0,20,-1,0.05,"",0,0,1,1,1,1,1,1,1,50,80,160,80,160,80,160,"",0,264,8,160,16,0,"",0,0,"",0,10
72401,"",724,"","",72401,"",0,1,0,0,20,-1,0.05,"",0,0,1,1,1,1,1,1,1,50,80,210,50,210,50,160,"",0,264,8,160,16,0,"",0,0,"",0,10
72501,"",732,"","",72501,"",0,1,0,0,20,-1,0.05,"",0,0,1,1,1,1,1,1,1,50,80,210,70,210,70,160,"",0,664,10,320,32,0,"",0,0,"",0,5
72601,"",306,"","",72601,"",0,1,0,0,20,-1,0.05,"",0,0,1,1,1,1,1,1,1,50,80,210,50,210,50,160,"",0,264,8,160,16,0,"",0,0,"",0,10
72602,"",726,"","",72601,"",0,1,0,0,20,-1,0.05,"",0,0,1,1,1,1,1,1,1,50,80,210,50,210,50,160,"",0,264,8,160,16,764,"",100,0,"",0,10
72701,"",369,"","",72701,"",0,1,0,0,20,-1,0.05,"",0,0,1,1,1,1,1,1,1,50,80,210,50,210,50,160,"",0,264,8,160,16,0,"",0,0,"",0,10
72702,"",586,"","",72701,"",0,1,0,0,20,-1,0.05,"",0,0,1,1,1,1,1,1,1,50,80,210,50,210,50,160,"",0,264,8,160,16,0,"",0,0,"",0,10
72801,"",984,"","",72801,"",0,1,0,0,20,-1,0.1,"",0,0,1,1,1,1,1,1,1,30,50,120,20,120,20,100,"",0,24,4,40,4,0,"",0,0,"",0,20
72802,"",927,"","",72802,"",0,1,0,0,20,-1,0.1,"",0,0,1,1,1,1,1,1,1,30,50,120,20,120,20,100,"",0,24,4,40,4,0,"",0,0,"",0,0
72803,"",85,"","",72803,"",0,1,0,0,20,-1,0.1,"",0,0,1,1,1,1,1,1,1,30,50,120,20,120,20,100,"",0,424,4,40,4,0,"",0,0,"",0,20
72901,"",629,"","",72901,"",0,1,0,0,20,-1,0.05,"",0,0,1,1,1,1,1,1,1,40,60,170,40,170,40,130,"",0,84,6,80,8,0,"",0,0,"",0,15
72902,"",149,"","",72902,"",0,1,0,0,20,-1,0.05,"",0,0,1,1,1,1,1,1,1,40,60,170,40,170,40,130,"",0,84,6,80,8,0,"",0,0,"",0,0
73001,"",59,"","",73001,"",0,1,0,0,20,-1,0.05,"",0,0,1,1,1,1,1,1,1,40,60,170,40,170,40,130,"",0,84,6,80,8,22151,"",100,0,"",0,0
73002,"",703,"","",73002,"",0,1,0,0,20,-1,0.05,"",0,0,1,1,1,1,1,1,1,40,60,170,40,170,40,130,"",0,84,6,80,8,0,"",0,0,"",0,0
73101,"",489,"","",73101,"",0,1,0,0,20,-1,0.05,"",0,0,1,1,1,1,1,1,1,50,80,210,50,210,50,160,"",0,264,8,160,16,0,"",0,0,"",0,10
73201,"",51,"","",73201,"",0,0,1,0,20,-1,0.05,"",0,0,1,1,1,1,1,1,1,200,100,150,100,150,100,80,"",13,1364,12,350,35,0,"",0,0,"",0,0
73301,"",171,"","",73301,"",0,1,0,0,20,-1,0.05,"",0,0,1,1,1,1,1,1,1,60,100,260,90,260,90,200,"",0,664,10,320,32,0,"",0,0,"",0,5
73302,"",733,"","",73302,"",0,1,0,0,20,-1,0.05,"",0,0,1,1,1,1,1,1,1,0,100,0,0,0,0,0,"",1500200,664,10,320,32,0,"",0,0,"",0,5
73401,"",864,"","",73401,"",0,1,0,0,20,-1,0.05,"",0,0,1,1,1,1,1,1,1,60,100,260,90,260,90,200,"",0,664,10,320,32,0,"",0,0,"",0,5
73501,"",56,"","",73501,"",0,1,0,0,20,-1,0.05,"",0,0,1,1,1,1,1,1,1,60,100,260,90,260,90,200,"",0,664,10,320,32,0,"",0,0,"",0,0
73701,"",813,"","",73701,"",0,1,0,0,20,-1,0.05,"",0,0,1,1,1,1,1,1,1,60,100,260,90,260,90,200,"",0,664,10,320,32,0,"",0,0,"",0,5
73901,"",739,"","",73901,"",0,1,0,0,20,-1,0.05,"",0,0,1,1,1,1,1,1,1,60,100,260,90,260,90,200,"",0,664,10,320,32,0,"",0,0,"",0,5
74001,"",426,"","",74001,"",0,1,0,0,20,-1,0.05,"",0,0,1,1,1,1,1,1,1,60,100,260,90,260,90,200,"",0,664,10,320,32,0,"",0,0,"",0,5
74002,"",740,"","",74001,"",0,1,0,0,20,-1,0.05,"",0,0,1,1,1,1,1,1,1,60,100,260,90,260,90,200,"",0,664,10,320,32,0,"",0,0,"",0,5
74101,"",814,"","",74101,"",0,1,0,0,20,-1,0.05,"",0,0,1,1,1,1,1,1,1,60,100,260,90,260,90,200,"",0,664,10,320,32,0,"",0,0,"",0,5
74201,"",776,"","",74201,"",0,1,0,0,20,-1,0.05,"",0,0,1,1,1,1,1,1,1,60,100,260,90,260,90,200,"",0,664,10,320,32,0,"",0,0,"",0,5
74301,"",883,"","",74301,"",0,0,1,0,20,1.3,0.05,"",0,0,1,1,1,1,1,1,1,60,100,260,90,260,90,200,"",0,664,10,320,32,0,"",0,0,"",0,5
74401,"",210,"","",74401,"",0,1,1,0,20,-1,0.05,"",0,0,1,1,1,1,1,1,1,60,100,260,90,260,90,200,"",0,664,10,320,32,0,"",0,0,"",0,0
74501,"",603,"","",74501,"",0,0,1,0,20,-1,0.05,"",0,0,1,1,1,1,1,1,1,60,100,260,90,260,90,200,"",0,664,10,320,32,0,"",0,0,"",0,5
74502,"",456,"","",74501,"",0,1,0,0,20,-1,0.05,"",0,0,1,1,1,1,1,1,1,60,100,260,90,260,90,200,"",0,664,10,320,32,0,"",0,0,"",0,0
74701,"",752,"","",74701,"",0,0,1,0,20,-1,0.05,"",0,0,1,1,1,1,1,1,1,60,100,260,90,260,90,200,"",0,664,10,320,32,0,"",0,0,"",0,5
74702,"",747,"","",74702,"",0,1,0,0,20,-1,0.05,"",0,0,1,1,1,1,1,1,1,60,100,200,100,200,100,200,"",0,50000,24,6400,160,0,"",0,0,"",0,5
74801,"",748,"","",74801,"",0,1,1,0,20,-1,0.05,"",0,0,1,1,1,1,1,1,1,60,100,260,90,260,90,200,"",0,664,10,320,32,0,"",0,0,"",0,5
74901,"",314,"","",74901,"",0,1,1,0,20,-1,0.05,"",0,0,1,1,1,1,1,1,1,60,100,260,90,260,90,200,"",0,664,10,320,32,0,"",0,0,"",0,5
75001,"",130,"","",75001,"",0,1,0,0,20,-1,0.1,"",0,0,1,1,1,1,1,1,1,30,50,120,20,120,20,100,"",0,24,4,40,4,0,"",0,0,"",0,20
75002,"",68,"","",75002,"",0,1,0,0,20,-1,0.1,"",0,0,1,1,1,1,1,1,1,30,50,120,20,120,20,100,"",0,24,4,40,4,0,"",0,0,"",0,0
75003,"",457,"","",75003,"",0,1,0,0,20,-1,0.1,"",0,0,1,1,1,1,1,1,1,30,50,120,20,120,20,100,"",0,24,4,40,4,0,"",0,0,"",0,20
75101,"",631,"","",75101,"",0,1,0,0,20,1.5,0.05,"",0,0,1,1,1,1,1,1,1,40,60,170,40,170,40,130,"",0,264,8,160,16,0,"",0,0,"",0,0
75201,"",376,"","",75201,"",0,1,0,0,20,-1,0.05,"",0,0,1,1,1,1,1,1,1,40,60,170,40,170,40,130,"",0,84,6,80,8,0,"",0,0,"",0,15
75202,"",752,"","",75201,"",0,1,0,0,20,-1,0.05,"",0,0,1,1,1,1,1,1,1,40,60,170,40,170,40,130,"",0,84,6,80,8,0,"",0,0,"",0,0
75203,"",805,"","",75203,"",0,1,0,0,20,3,0.05,"",0,0,1,1,1,1,1,1,1,40,60,170,40,170,40,130,"",0,84,6,80,8,0,"",0,0,"",0,0
75301,"",211,"","",75301,"",0,1,0,0,20,-1,0.05,"",0,0,1,1,1,1,1,1,1,50,80,210,50,210,50,160,"",0,264,8,160,16,0,"",0,0,"",0,3
75302,"",753,"","",75302,"",0,1,0,0,20,-1,0.05,"",0,0,1,1,1,1,1,1,1,0,80,210,50,210,50,160,"",33,3000,0,160,16,59,"",100,0,"",0,3
75401,"",40,"","",75401,"",0,0,1,0,20,-1,0.05,"",0,0,1,1,1,1,1,1,1,60,100,260,90,260,90,200,"",0,664,10,320,32,0,"",0,0,"",0,5
75501,"",341,"","",75501,"",0,1,0,0,20,-1,0.05,"",0,0,1,1,1,1,1,1,1,40,60,170,40,170,40,130,"",0,84,6,80,8,0,"",0,0,"",0,0
75601,"",406,"","",75601,"",0,1,0,0,20,-1,0.05,"",0,0,1,1,1,1,1,1,1,50,80,210,50,210,50,160,"",0,664,8,160,16,1174,"",5,0,"",0,10
75801,"",758,"","",75801,"",0,1,0,0,20,-1,0.05,"",0,0,1,1,1,1,1,1,1,40,60,170,40,170,40,130,"",0,84,6,80,8,0,"",0,0,"",0,15
75901,"",78,"","",75901,"",0,1,0,0,20,-1,0.05,"",0,0,1,1,1,1,1,1,1,0,60,170,40,170,40,130,"",0,84,6,80,8,0,"",0,0,"",0,0
75902,"",198,"","",75901,"",0,1,0,0,20,-1,0.05,"",0,0,1,1,1,1,1,1,1,40,60,170,40,170,40,130,"",0,484,6,80,8,0,"",0,0,"",0,15
76001,"",227,"","",76001,"",0,1,0,0,20,-1,0.05,"",0,0,1,1,1,1,1,1,1,40,60,170,40,170,40,130,"",0,84,6,80,8,22139,"",100,0,"",0,0
76002,"",760,"","",76001,"",0,1,0,0,20,-1,0.05,"",0,0,1,1,1,1,1,1,1,40,60,170,40,170,40,130,"",0,84,6,80,8,0,"",0,0,"",0,15
76601,"",836,"","",76601,"",0,1,0,0,20,-1,0.05,"",0,0,1,1,1,1,1,1,1,60,100,260,90,260,90,200,"",0,1364,12,350,35,0,"",0,0,"",0,5
76701,"",767,"","",76701,"",0,1,0,0,20,-1,0.05,"",0,0,1,1,1,1,1,1,1,60,100,260,90,260,90,200,"",0,664,10,320,32,0,"",0,0,"",0,5
77001,"",967,"","",77001,"",0,1,0,0,20,-1,0.05,"",0,0,1,1,1,1,1,1,1,50,80,210,50,210,50,160,"",0,264,8,160,16,0,"",0,0,"",0,10
77002,"",371,"","",77002,"",0,1,0,0,20,-1,0.05,"",0,0,1,1,1,1,1,1,1,50,80,160,80,160,80,160,"",0,264,8,160,16,0,"",0,0,"",0,10
77101,"",771,"","",77101,"",0,1,0,0,20,-1,0.05,"",0,0,1,1,1,1,1,1,1,60,100,260,90,260,90,200,"",0,664,10,320,32,0,"",0,0,"",0,5
77201,"",720,"","",77201,"",0,1,0,0,20,-1,0.05,"",0,0,1,1,1,1,1,1,1,60,100,260,90,260,90,200,"",0,1364,12,350,35,0,"",0,0,"",0,5
77301,"",177,"","",77301,"",0,1,0,0,20,-1,0.05,"",0,0,1,1,1,1,1,1,1,60,100,260,90,260,90,200,"",0,664,10,320,32,22107,"",100,0,"",0,0
77401,"",774,"","",77401,"",0,1,0,0,20,-1,0.05,"",0,0,1,1,1,1,1,1,1,60,100,260,90,260,90,200,"",0,664,10,320,32,0,"",0,0,"",0,5
77501,"",237,"","",77501,"",0,1,1,0,20,2,0.05,"",0,0,1,1,1,1,1,1,1,60,100,260,90,260,90,200,"",0,1364,12,320,32,0,"",0,0,"",0,5
77601,"",742,"","",77601,"",0,1,0,0,20,-1,0.05,"",0,0,1,1,1,1,1,1,1,60,100,260,90,260,90,200,"",0,1364,12,320,32,0,"",0,0,"",0,5
77701,"",605,"","",77701,"",0,1,0,0,20,-1,0.05,"",0,0,1,1,1,1,1,1,1,60,100,260,90,260,90,200,"",0,1364,12,320,32,22101,"",100,0,"",0,0
77801,"",397,"","",77801,"",0,1,0,0,20,-1,0.05,"",0,0,1,1,1,1,1,1,1,60,100,260,90,260,90,200,"",0,1364,12,320,32,0,"",0,0,"",0,5
77901,"",924,"","",77901,"",0,1,0,0,20,-1,0.05,"",0,0,1,1,1,1,1,1,1,60,100,260,90,260,90,200,"",0,1364,12,320,32,0,"",0,0,"",0,5
80001,"",800,"","",80001,"",0,1,1,0,100,-1,0.05,"",0,0,1,1,1,1,1,1,1,0,100,0,0,0,0,0,"",12,0,0,0,0,0,"",0,0,"",0,0
80101,"",426,"","",80101,"",0,1,1,0,100,-1,0.05,"",0,0,1,1,1,1,1,1,1,0,100,0,0,0,0,0,"",12,0,0,0,0,0,"",0,0,"",0,0
80201,"",230,"","",80201,"",0,1,1,0,20,-1,0.05,"",0,0,1,1,1,1,1,1,1,60,100,260,70,260,70,0,"",12,20000,24,10000,160,0,"",0,0,"",0,0
80401,"",186,"","",80401,"",0,1,1,0,20,-1,0.05,"",0,0,10,1,1,1,1,1,1,100,100,140,70,140,70,200,"",12,70000,80,16000,160,0,"",0,0,"",0,0
80501,"",805,"","",80501,"",0,1,0,0,20,-1,0.05,"",0,0,1,1,1,1,1,1,1,40,60,130,60,130,60,130,"",0,84,6,80,8,0,"",0,0,"",0,0
80601,"",96,"","",80601,"",0,0,1,0,20,-1,0.05,"",0,0,1,1,1,1,1,1,1,40,60,130,60,130,60,130,"",12,15000,24,8000,160,0,"",0,0,"",0,0
80602,"",512,"","",80601,"",0,0,1,0,20,-1,0.05,"",0,0,1,1,1,1,1,1,1,40,60,130,60,130,60,130,"",12,15000,6,1000,8,0,"",0,0,"",0,0
80901,"",809,"","",80901,"",0,1,1,0,100,-1,0.05,"",0,0,21,4,7,5,6,3,3,0,100,0,0,0,0,0,"",12,0,0,0,0,0,"",0,0,"",0,0
81001,"",810,"","",81001,"",0,1,1,0,100,-1,0.05,"",0,0,24,4,5,3,9,5,2,0,100,0,0,0,0,0,"",12,0,0,0,0,0,"",0,0,"",0,0
81101,"",683,"","",81101,"",0,1,0,0,20,-1,0.05,"4",0,0,1,1,1,1,1,1,1,40,60,130,60,130,60,130,"",12,0,0,0,0,0,"",0,0,"",0,0
81201,"",58,"","",81201,"",0,1,1,0,20,-1,0.05,"",0,0,1,1,1,1,1,1,1,0,100,260,70,260,70,200,"",12,0,0,0,0,0,"",0,0,"",0,0
81301,"",813,"","",81301,"",0,1,1,0,20,-1,0.05,"",0,0,1,1,1,1,1,1,1,0,100,260,70,260,70,200,"",12,0,0,0,0,0,"",0,0,"",0,0
81401,"",814,"","",81401,"",0,1,1,0,20,-1,0.05,"",0,0,10,8,36,25,55,25,8,0,100,260,70,260,70,200,"",12,0,0,0,0,0,"",0,0,"",0,0
83401,"",834,"","",83401,"",0,1,0,0,20,-1,0.05,"",0,0,1,1,1,1,1,1,1,60,100,260,90,260,90,200,"",12,50000,24,6400,160,373,"",100,0,"",0,0
83501,"",835,"","",83501,"",0,1,0,0,20,-1,0.05,"",0,0,76,9,43,25,51,28,11,60,100,260,90,260,90,200,"",12,50000,24,6400,160,0,"",0,0,"",0,0
83601,"",802,"","",83601,"",0,0,1,0,20,-1,0.05,"",0,0,1,1,1,1,1,1,1,50,80,210,50,210,50,160,"",0,264,8,160,16,0,"",0,0,"",0,0
83701,"",631,"","",83701,"",0,0,1,0,20,-1,0.1,"",0,0,1,1,1,1,1,1,1,30,50,120,20,120,20,100,"",0,224,4,40,4,0,"",0,0,"",0,0
86401,"",705,"","",77501,"",0,0,0,0,20,-1,0.05,"",0,0,1,1,1,1,1,1,1,60,100,260,90,260,90,200,"",16,20000,12,3200,64,0,"",0,0,"",0,0
86501,"",865,"","",22501,"",0,1,0,0,20,-1,0.05,"",0,0,1,1,1,1,1,1,1,60,100,260,90,260,90,200,"",0,0,0,0,0,0,"",0,0,"",0,0
86601,"",754,"","",3701,"",0,0,0,0,20,-1,0.05,"",0,0,1,1,1,1,1,1,1,60,100,260,90,260,90,200,"",15,20000,10,3200,64,0,"",0,0,"",0,0
86701,"",970,"","",86701,"",0,1,0,0,20,-1,0.05,"",0,0,56,7,40,19,40,18,12,60,100,260,90,260,90,200,"",12,50000,24,6400,160,0,"",0,0,"",0,0
86801,"",15,"","",43901,"",0,0,0,0,20,-1,0.05,"",0,0,1,1,1,1,1,1,1,60,100,260,90,260,90,200,"",18,6640,10,3200,64,0,"",0,0,"",0,0
86901,"",361,"","",43501,"",0,0,0,0,20,-1,0.05,"",0,0,1,1,1,1,1,1,1,60,100,260,90,260,90,200,"",15,20000,12,3500,64,0,"",0,0,"",0,0
87001,"",870,"","",4001,"",0,0,0,0,20,-1,0.05,"",0,0,200,6,49,24,39,22,5,60,100,260,90,260,90,200,"",17,20000,12,3500,64,20618,"",100,0,"",0,0
87101,"",871,"","",62701,"",0,1,0,0,20,-1,0.05,"",0,0,1,1,1,1,1,1,1,50,80,210,50,210,50,160,"",0,964,8,160,16,0,"",0,0,"",0,0
87201,"",872,"","",40401,"",0,1,0,0,20,-1,0.05,"",0,0,1,1,1,1,1,1,1,50,80,210,50,210,50,160,"",0,964,8,160,16,0,"",0,0,"",0,0
87202,"",872,"","",40401,"",0,1,0,0,20,-1,0.05,"",0,0,1,1,1,1,1,1,1,50,80,210,50,210,50,160,"",0,0,0,0,0,0,"",0,0,"",0,0
87301,"",934,"","",38501,"",0,1,0,0,20,-1,0.05,"",0,0,1,1,1,1,1,1,1,60,100,260,90,260,90,200,"",0,664,10,320,32,0,"",0,0,"",0,0
87401,"",874,"","",23001,"",0,0,0,0,20,-1,0.05,"",0,0,90,8,40,15,26,13,15,60,100,260,90,260,90,200,"",0,664,10,320,32,0,"",0,0,"",0,0
87402,"",417,"","",23001,"",0,0,1,0,20,-1,0.05,"",0,0,1,1,1,1,1,1,1,60,100,260,90,260,90,200,"",0,664,10,320,32,0,"",0,0,"",0,0
87403,"",980,"","",87403,"",0,0,1,0,20,-1,0.05,"",0,0,1,1,1,1,1,1,1,60,100,260,90,260,90,200,"",0,664,10,320,32,0,"",0,0,"",0,0
87501,"",185,"","",3801,"",0,0,0,0,20,-1,0.05,"",0,0,1,1,1,1,1,1,1,60,100,260,90,260,90,200,"",15,20000,10,3200,64,0,"",0,0,"",0,0
87601,"",463,"","",3601,"",0,0,0,0,20,-1,0.05,"",0,0,1,1,1,1,1,1,1,60,100,260,90,260,90,200,"",17,20000,10,3200,64,0,"",0,0,"",0,0
87701,"",21,"","",87701,"",0,1,0,0,20,-1,0.05,"",0,0,1,1,1,1,1,1,1,60,100,260,90,260,90,200,"",8,6640,10,3200,64,0,"",0,0,"",0,0
87901,"",305,"","",87901,"",0,1,0,0,20,-1,0.05,"",0,0,1,1,1,1,1,1,1,60,100,200,100,200,100,200,"",0,664,10,320,32,0,"",0,0,"",0,0
87902,"",148,"","",21401,"",0,0,1,0,20,-1,0.05,"",0,0,1,1,1,1,1,1,1,60,100,260,90,260,90,200,"",0,664,10,320,32,0,"",0,0,"",0,0
88101,"",722,"","",88101,"",0,0,0,0,20,-1,0.05,"",0,0,1,1,1,1,1,1,1,60,100,260,90,260,90,200,"",12,15000,10,3200,64,0,"",0,0,"",0,0
88301,"",997,"","",58801,"",0,1,0,0,20,-1,0.05,"",0,0,1,1,1,1,1,1,1,50,80,210,50,210,50,160,"",0,664,8,160,16,1174,"",5,0,"",0,0
88401,"",49,"","",61301,"",0,1,0,0,20,-1,0.05,"",0,0,1,1,1,1,1,1,1,60,100,260,90,260,90,200,"",19,6640,10,3200,32,0,"",0,0,"",0,0
88402,"",740,"","",61302,"",0,1,0,0,20,-1,0.05,"",0,0,1,1,1,1,1,1,1,60,100,260,90,260,90,200,"",8,15000,10,3200,32,0,"",0,0,"",0,0
88501,"",740,"","",88599,"",0,1,1,0,0,-1,0.05,"",0,0,1,1,1,1,1,1,1,60,0,0,0,0,0,0,"",12,4220,16,3200,32,0,"",0,0,"",0,0
88601,"",886,"","",80401,"",0,1,0,0,20,-1,0.05,"",0,0,100,8,10,36,10,36,8,0,100,260,70,260,70,200,"",12,0,0,0,0,0,"",0,0,"",0,0
88602,"",749,"","",80401,"",0,1,0,0,20,-1,0.05,"",0,0,1,1,1,1,1,1,1,0,100,260,70,260,70,200,"",12,0,0,0,0,0,"",0,0,"",0,0
88701,"",928,"","",80401,"",0,1,0,0,20,-1,0.05,"",0,0,1,1,1,1,1,1,1,0,0,0,0,0,0,0,"",12,0,0,0,0,0,"",0,0,"",0,0
88801,"",888,"","",80401,"",0,1,0,0,20,-1,0.05,"",0,0,1,1,1,1,1,1,1,0,0,0,0,0,0,0,"",12,0,0,0,0,0,"",0,0,"",0,0
88901,"",341,"","",80401,"",0,1,0,0,20,-1,0.05,"",0,0,1,1,1,1,1,1,1,0,0,0,0,0,0,0,"",12,0,0,0,0,0,"",0,0,"",0,0
89001,"",890,"","",80401,"",0,1,0,0,20,-1,0.05,"",0,0,12,1,20,20,20,20,20,0,0,0,0,0,0,0,"",12,0,0,0,0,0,"",0,0,"",0,0
89101,"",218,"","",80401,"",0,1,0,0,20,-1,0.05,"",0,0,1,1,1,1,1,1,1,0,0,0,0,0,0,0,"",12,0,0,0,0,0,"",0,0,"",0,0
89201,"",50,"","",80401,"",0,1,0,0,20,-1,0.05,"",0,0,1,1,1,1,1,1,1,0,0,0,0,0,0,0,"",12,0,0,0,0,0,"",0,0,"",0,0
89301,"",893,"","",80401,"",0,1,0,0,20,-1,0.05,"",0,0,12,1,20,20,20,20,20,0,0,0,0,0,0,0,"",12,0,0,0,0,0,"",0,0,"",0,0
89401,"",894,"","",80401,"",0,1,0,0,20,-1,0.05,"",0,0,1200,160,2000,2000,2000,2000,2000,0,0,0,0,0,0,0,"",12,0,0,0,0,0,"",0,0,"",0,0
90601,"",378,"","",90601,"",0,1,1,0,20,-1,0.05,"",0,0,1,1,1,1,1,1,1,50,80,210,50,210,50,160,"",17,5500,16,2400,24,0,"",0,0,"",0,0
90602,"",5,"","",90601,"",0,1,1,0,20,-1,0.05,"",0,0,1,1,1,1,1,1,1,50,80,210,50,210,50,160,"",17,5500,16,2400,24,0,"",0,0,"",0,0
90701,"",907,"","",90701,"",0,1,0,0,20,-1,0.05,"",0,0,1,1,1,1,1,1,1,50,80,210,50,210,50,160,"",17,5500,16,2400,24,0,"",0,0,"",0,5
90702,"",809,"","",90702,"",0,1,0,0,20,-1,0.05,"",0,0,1,1,1,1,1,1,1,50,80,210,50,210,50,160,"",17,5500,16,2400,24,0,"",0,0,"",0,0
90901,"",427,"","",90901,"",0,1,1,0,20,-1,0.05,"",0,0,1,1,1,1,1,1,1,50,80,210,50,210,50,160,"",12,15000,16,1600,160,0,"",0,0,"",0,0
91001,"",316,"","",91001,"",0,0,0,0,20,-1,0.05,"",0,0,1,1,1,1,1,1,1,40,60,170,40,170,40,130,"",18,100,0,80,8,0,"",0,0,"",0,0
91101,"",142,"","",91101,"",0,0,0,0,20,-1,0,"1",0,0,1,1,1,1,1,1,1,0,80,0,0,0,0,0,"",12,150,0,80,0,0,"",0,0,"",0,0
91301,"",451,"","",91301,"",0,1,1,0,20,-1,0.05,"",0,0,1,1,1,1,1,1,1,40,60,170,60,170,60,130,"",16,500,4,80,8,0,"",0,0,"",0,0
91302,"",913,"","",91301,"",0,1,0,0,20,-1,0.05,"",0,0,1,1,1,1,1,1,1,40,60,130,60,130,60,130,"",0,4,16,80,8,0,"",0,0,"",0,0
91401,"",914,"","",91401,"",0,1,0,0,20,-1,0.05,"",0,0,25,3,5,6,4,4,1,0,0,0,0,0,0,0,"",12,0,0,0,0,0,"",0,0,"",0,0
91601,"",79,"","",91601,"",0,1,1,0,20,-1,0.05,"",0,0,1,1,1,1,1,1,1,50,80,160,80,160,80,160,"",20,30000,24,6000,160,0,"",0,0,"",0,0
91701,"",917,"","",91701,"",0,1,0,0,20,-1,0.05,"",0,0,1,1,1,1,1,1,1,50,80,160,80,160,80,160,"",0,4,24,160,16,0,"",0,0,"",0,0
91901,"",575,"","",91901,"",0,0,0,0,20,-1,0.05,"",0,0,82,10,15,3,10,3,2,60,100,200,100,200,100,100,"",17,2640,8,1600,16,0,"",0,0,"",0,0
92101,"",576,"","",92101,"",0,0,1,0,20,1.8,0.05,"",0,0,1,1,1,1,1,1,1,60,100,200,100,200,100,200,"",12,18000,24,3200,320,0,"",100,0,"",0,0
92601,"",972,"","",92601,"",0,1,1,0,20,-1,0.05,"",0,0,2,1,1,1,1,1,1,50,80,210,50,210,50,160,"",12,2640,8,1600,16,0,"",0,0,"",0,0
92701,"",927,"","",92701,"",0,1,0,0,20,-1,0.05,"",0,0,26,8,6,6,9,7,1,0,0,0,0,0,0,0,"",12,0,0,0,0,0,"",0,0,"",0,0
92801,"",928,"","",92801,"",0,1,0,0,20,-1,0.05,"",0,0,1,1,1,1,1,1,1,0,0,0,0,0,0,0,"",12,0,0,0,0,0,"",0,0,"",0,0
92901,"",398,"","",92901,"",0,1,1,0,20,-1,0.05,"",0,0,1,1,1,1,1,1,1,50,80,160,80,160,80,160,"",12,0,0,0,0,0,"",0,0,"",0,0
92902,"",105,"","",92901,"",0,1,1,0,20,-1,0.05,"",0,0,1,1,1,1,1,1,1,50,80,160,80,160,80,160,"",12,0,0,0,0,0,"",0,0,"",0,0
93001,"",930,"","",93001,"",0,1,1,0,20,-1,0.05,"",0,0,2,1,1,1,1,1,1,60,100,200,100,200,100,200,"",12,13000,24,5000,16,0,"",0,0,"",0,0
93101,"",931,"","",93001,"",0,1,0,0,20,-1,0.05,"",0,0,1,1,1,1,1,1,1,0,0,0,0,0,0,0,"",12,0,0,0,0,0,"",0,0,"",0,0
93301,"",933,"","",95601,"",0,1,0,0,20,-1,0.1,"",0,0,37,6,4,38,5,17,4,0,0,0,0,0,0,0,"",12,0,0,0,0,0,"",0,0,"",0,0
93401,"",934,"","",93401,"",0,1,0,0,20,-1,0.05,"",0,0,1,1,1,1,1,1,1,0,0,0,0,0,0,0,"",12,0,0,0,0,0,"",0,0,"",0,0
93501,"",779,"","",17801,"",0,1,0,0,20,-1,0.05,"",0,0,1,1,1,1,1,1,1,0,0,0,0,0,0,0,"",12,0,0,0,0,0,"",0,0,"",0,0
93601,"",936,"","",91601,"",0,1,0,0,20,-1,0.05,"",0,0,1,1,1,1,1,1,1,0,0,0,0,0,0,0,"",12,0,0,0,0,0,"",0,0,"",0,0
93701,"",937,"","",91601,"",0,1,0,0,20,-1,0.05,"",0,0,14,6,16,49,15,42,1,0,0,0,0,0,0,0,"",12,0,0,0,0,0,"",0,0,"",0,0
93801,"",452,"","",91601,"",0,1,0,0,20,-1,0.05,"",0,0,1,1,1,1,1,1,1,0,0,0,0,0,0,0,"",12,0,0,0,0,0,"",0,0,"",0,0
93901,"",939,"","",91601,"",0,1,0,0,20,-1,0.05,"",0,0,14,6,16,42,15,49,1,0,0,0,0,0,0,0,"",12,0,0,0,0,0,"",0,0,"",0,0
94001,"",940,"","",49201,"",0,1,0,0,20,-1,0.05,"",0,0,29,6,15,40,12,32,1,0,0,0,0,0,0,0,"",12,0,0,0,0,0,"",0,0,"",0,0
94101,"",941,"","",60101,"",0,1,0,0,20,-1,0.05,"",0,0,1,1,1,1,1,1,1,0,0,0,0,0,0,0,"",12,0,0,0,0,0,"",0,0,"",0,0
94201,"",942,"","",97301,"",0,1,0,0,20,-1,0.05,"",0,0,30,6,13,35,10,28,4,0,0,0,0,0,0,0,"",12,0,0,0,0,0,"",0,0,"",0,0
94301,"",943,"","",73302,"",0,1,0,0,20,-1,0.05,"",0,0,1,1,1,1,1,1,1,0,0,0,0,0,0,0,"",12,0,0,0,0,0,"",0,0,"",0,0
94401,"",944,"","",96901,"",0,1,0,0,20,-1,0.05,"",0,0,32,14,14,40,23,45,6,0,0,0,0,0,0,0,"",12,0,0,0,0,0,"",0,0,"",0,0
95101,"",951,"","",95101,"",0,0,0,0,20,-1,0.05,"",0,0,40,2,9,3,2,3,1,0,0,0,0,0,0,0,"",8,0,0,0,0,0,"",100,0,"",0,0
95102,"",951,"","",95102,"",0,0,0,0,20,-1,0.05,"",0,0,80,2,17,8,12,8,2,40,60,170,40,170,40,130,"",8,270,6,80,8,0,"",0,0,"",0,0
95201,"",457,"","",95201,"",0,0,0,0,20,-1,0.05,"",0,0,1,1,1,1,1,1,1,0,0,0,0,0,0,0,"",8,0,0,0,0,0,"",100,0,"",0,0
95202,"",14,"","",95201,"",0,0,0,0,20,-1,0.05,"",0,0,1,1,1,1,1,1,1,40,60,170,40,170,40,130,"",8,270,6,80,8,0,"",0,0,"",0,0
95301,"",953,"","",95301,"",0,0,0,0,20,-1,0.05,"",0,0,1,1,1,1,1,1,1,0,0,0,0,0,0,0,"",8,0,0,0,0,0,"",100,0,"",0,0
95302,"",705,"","",95301,"",0,0,0,0,20,-1,0.05,"",0,0,60,3,18,8,13,8,3,40,60,170,40,170,40,130,"",8,270,6,80,8,0,"",0,0,"",0,0
95401,"",512,"","",95401,"",0,0,1,0,20,-1,0.05,"",0,0,1,1,1,1,1,1,1,60,100,200,0,200,0,200,"",12,0,0,0,0,0,"",0,0,"",0,0
95601,"",978,"","",95601,"",0,1,1,0,20,-1,0.1,"",0,0,1,1,1,1,1,1,1,30,50,120,20,120,20,100,"",18,20000,16,2400,160,0,"",0,0,"",0,0
95701,"",400,"","",95701,"",0,0,1,0,20,-1,0.05,"",0,0,1,1,1,1,1,1,1,40,60,120,40,170,40,130,"",12,84,6,80,8,0,"",0,0,"",0,0
95801,"",958,"","",95801,"",0,0,0,0,20,-1,0.05,"",0,0,1,1,1,1,1,1,1,50,80,210,50,210,50,160,"",0,264,8,160,16,0,"",0,0,"",0,0
95901,"",128,"","",95901,"",0,0,1,0,20,-1,0.05,"",0,0,1,1,1,1,1,1,1,50,80,210,50,210,50,160,"",0,700,8,160,16,0,"",0,0,"",0,0
96001,"",960,"","",96001,"",0,0,0,0,20,-1,0.05,"",0,0,10,3,6,2,4,2,2,40,60,170,40,170,40,130,"",0,84,6,80,8,0,"",0,0,"",0,0
96101,"",961,"","",96101,"",0,0,0,0,20,-1,0.05,"",0,0,1,1,1,1,1,1,1,40,60,170,40,170,40,130,"",0,84,6,80,8,0,"",0,0,"",0,0
96201,"",169,"","",96201,"",0,1,1,0,20,-1,0.05,"",0,0,1,1,1,1,1,1,1,60,100,260,90,260,90,200,"",8,664,10,320,32,0,"",0,0,"",0,0
96202,"",805,"","",42302,"",0,0,1,0,20,-1,0.05,"",0,0,1,1,1,1,1,1,1,60,100,260,90,260,90,200,"",0,664,10,320,32,0,"",0,0,"",0,0
96301,"",39,"","",96301,"",0,1,0,0,20,-1,0.05,"",0,0,1,1,1,1,1,1,1,40,60,170,40,170,40,130,"",0,84,6,80,8,0,"",0,0,"",0,0
96401,"",210,"","",96401,"",0,1,0,0,20,-1,0.1,"",0,0,1,1,1,1,1,1,1,30,50,120,20,120,20,100,"",0,24,4,40,4,0,"",0,0,"",0,0
96501,"",753,"","",96501,"",0,1,0,0,20,-1,0.05,"",0,0,1,1,1,1,1,1,1,40,60,170,40,170,40,130,"",0,84,6,80,8,0,"",0,0,"",0,0
96601,"",966,"","",96601,"",0,1,0,0,20,-1,0.05,"",0,0,1,1,1,1,1,1,1,50,80,210,50,210,50,160,"",0,264,8,160,16,0,"",0,0,"",0,0
96701,"",967,"","",96701,"",0,1,0,0,20,-1,0.05,"",0,0,2330,530,1650,600,510,370,560,50,80,210,50,210,50,160,"",0,264,8,160,16,0,"",0,0,"",0,0
96901,"",218,"","",96901,"",0,1,1,0,20,-1,0.05,"",0,0,1,1,1,1,1,1,1,60,100,200,100,200,100,200,"",17,40000,24,6400,160,0,"",0,0,"",0,0
97001,"",835,"","",97001,"",0,1,1,0,20,-1,0.05,"",0,0,320,9,21,12,30,14,6,60,100,200,100,200,100,200,"",17,50000,24,6400,160,0,"",0,0,"",0,0
97002,"",317,"","",7502,"",0,0,1,0,20,-1,0.05,"",0,0,1,1,1,1,1,1,1,60,100,200,100,200,100,200,"",0,664,10,320,32,0,"",0,0,"",0,0
97101,"",971,"","",97101,"",0,1,0,0,20,-1,0.05,"",0,0,1,1,1,1,1,1,1,60,100,260,90,260,90,200,"",12,50000,24,6400,160,0,"",0,0,"",0,0
97201,"",103,"","",97201,"",0,0,1,0,20,-1,0.05,"",0,0,1,1,1,1,1,1,1,60,100,260,90,260,90,200,"",12,18000,24,6400,160,0,"",0,0,"",0,0
97301,"",111,"","",97301,"",0,1,1,0,20,-1,0.05,"",0,0,1,1,1,1,1,1,1,60,100,260,90,260,90,200,"",18,35000,24,6400,160,0,"",0,0,"",0,0
97302,"",234,"","",97302,"",0,1,1,0,20,-1,0.05,"",0,0,1,1,1,1,1,1,1,60,100,260,90,260,90,200,"",18,50000,24,6400,160,0,"",0,0,"",0,0
97401,"",419,"","",97401,"",0,1,0,0,20,-1,0.05,"",0,0,1,1,1,1,1,1,1,60,100,260,90,260,90,200,"",12,50000,24,6400,160,0,"",0,0,"",0,0
97601,"",11,"","",97601,"",0,1,0,0,20,-1,0.05,"",0,0,1,1,1,1,1,1,1,60,100,260,90,260,90,200,"",12,50000,24,6400,160,0,"",0,0,"",0,0
97801,"",431,"","",36702,"",0,0,0,0,20,-1,0.05,"",0,0,1,1,1,1,1,1,1,270,100,320,250,320,250,160,"",8,84,6,80,8,0,"",0,0,"",0,0
97901,"",179,"","",11101,"",0,1,0,0,20,-1,0.1,"",0,0,1,1,1,1,1,1,1,30,50,120,20,120,20,100,"",0,24,4,40,4,0,"",0,0,"",0,0
98001,"",163,"","",34101,"",0,1,0,0,20,-1,0.05,"",0,0,1,1,1,1,1,1,1,40,60,170,40,170,40,130,"",0,84,6,80,8,0,"",0,0,"",0,0
98101,"",172,"","",62101,"",0,1,0,0,20,-1,0.05,"",0,0,1,1,1,1,1,1,1,40,60,170,40,170,40,130,"",0,84,6,80,8,0,"",0,0,"",0,0
98201,"",982,"","",61501,"",0,1,0,0,20,-1,0.05,"",0,0,1,1,1,1,1,1,1,40,60,170,40,170,40,130,"",0,84,6,80,8,0,"",0,0,"",0,0
98501,"",834,"","",98501,"",0,0,0,0,20,-1,0.05,"",0,0,1,1,1,1,1,1,1,50,80,210,50,210,50,160,"",8,264,8,160,16,0,"",0,0,"",0,0
98502,"",958,"","",98501,"",0,0,0,0,20,-1,0.05,"",0,0,1,1,1,1,1,1,1,0,80,210,50,210,50,160,"",8,264,8,160,16,0,"",0,0,"",0,0
98503,"",979,"","",98501,"",0,0,0,0,20,-1,0.05,"",0,0,1,1,1,1,1,1,1,50,80,210,50,210,50,160,"",8,264,8,160,16,0,"",0,0,"",0,0
98601,"",138,"","",60501,"",0,1,0,0,20,-1,0.05,"",0,0,1,1,1,1,1,1,1,50,80,210,50,210,50,160,"",0,264,8,160,16,0,"",0,0,"",0,0
98602,"",134,"","",60501,"",0,1,0,0,20,-1,0.05,"",0,0,1,1,1,1,1,1,1,50,80,210,50,210,50,160,"",0,264,8,160,16,0,"",0,0,"",0,0
98801,"",681,"","",98801,"",0,0,1,0,20,-1,0.05,"",0,0,1,1,1,1,1,1,1,60,100,260,90,260,90,200,"",12,18000,24,3200,320,0,"",0,0,"",0,0
98901,"",899,"","",98901,"",0,0,1,0,20,-1,0.05,"",0,0,1,1,1,1,1,1,1,60,100,260,90,260,90,200,"",12,18000,24,3200,320,0,"",0,0,"",0,0
98902,"",320,"","",70302,"",0,1,1,0,20,-1,0.05,"",0,0,1,1,1,1,1,1,1,60,100,260,90,260,90,200,"",0,664,10,320,32,0,"",0,0,"",0,0
99001,"",738,"","",99001,"",0,0,1,0,20,-1,0.05,"",0,0,1,1,1,1,1,1,1,60,100,260,90,260,90,200,"",12,18000,24,3200,320,0,"",0,0,"",0,0
99002,"",985,"","",99002,"",0,0,1,0,20,-1,0.05,"",0,0,1,1,1,1,1,1,1,60,100,260,90,260,90,200,"",0,664,10,320,32,0,"",0,0,"",0,0
99101,"",179,"","",99101,"",0,0,1,0,20,-1,0.05,"",0,0,2,1,1,1,1,1,1,60,100,260,90,260,90,200,"",12,18000,24,3200,320,0,"",0,0,"",0,0
99201,"",952,"","",99201,"",0,0,1,0,20,-1,0.05,"",0,0,1,1,1,1,1,1,1,60,100,260,90,260,90,200,"",12,18000,24,3200,320,0,"",0,0,"",0,0
99301,"",909,"","",99301,"",0,0,1,0,20,-1,0.05,"",0,0,2,1,1,1,1,1,1,60,100,260,90,260,90,200,"",12,18000,24,3200,320,0,"",0,0,"",0,0
99401,"",317,"","",99401,"",0,0,1,0,20,-1,0.05,"",0,0,1,1,1,1,1,1,1,60,100,260,90,260,90,200,"",12,18000,24,3200,320,0,"",0,0,"",0,0
99402,"",809,"","",8601,"",0,0,1,0,20,-1,0.05,"",0,0,1,1,1,1,1,1,1,60,100,260,90,260,90,200,"",12,18000,24,3200,320,0,"",0,0,"",0,0
99501,"",409,"","",99501,"",0,0,1,0,20,-1,0.05,"",0,0,1,1,1,1,1,1,1,60,100,260,90,260,90,200,"",12,18000,24,3200,320,0,"",0,0,"",0,0
99601,"",20,"","",99601,"",0,0,1,0,20,-1,0.05,"",0,0,1,1,1,1,1,1,1,60,100,260,90,260,90,200,"",12,18000,24,3200,320,0,"",0,0,"",0,0
99701,"",891,"","",99701,"",0,0,1,0,20,-1,0.05,"",0,0,1,1,1,1,1,1,1,60,100,260,90,260,90,200,"",12,18000,24,3200,320,0,"",0,0,"",0,0
99801,"",776,"","",99801,"",0,0,1,0,20,-1,0.05,"",0,0,1,1,1,1,1,1,1,60,100,260,90,260,90,200,"",12,9000,24,1600,320,0,"",0,0,"",0,0
99802,"",911,"","",99802,"",0,0,1,0,20,-1,0.05,"",0,0,1,1,1,1,1,1,1,60,100,260,90,260,90,200,"",12,18000,24,3200,320,0,"",0,0,"",0,0
99901,"",94,"","",99901,"",0,1,1,0,20,-1,0.05,"",0,0,1,1,1,1,1,1,1,60,100,260,90,260,90,200,"",1500200,40000,24,3200,320,0,"",0,0,"",0,0
99902,"",999,"","",99902,"",0,1,1,0,20,-1,0.05,"",0,0,1,1,1,1,1,1,1,60,100,260,90,260,90,200,"",12,50000,24,6400,160,0,"",0,0,"",0,0
